// Generated by shaders/GeneratePbrShaders.py with Slang 2026.18.
// clang-format off
#pragma once
#include <cstdint>
namespace Nexora::Presentation {
inline constexpr std::uint32_t scene_pbr_spirv_vert[] = {
  0x07230203, 0x00010300, 0x00280000, 0x000001bf, 0x00000000, 0x00020011, 0x00000001, 0x0006000b,
  0x00000038, 0x4c534c47, 0x6474732e, 0x3035342e, 0x00000000, 0x0003000e, 0x00000000, 0x00000001,
  0x0016000f, 0x00000000, 0x00000002, 0x6e69616d, 0x00000000, 0x0000011d, 0x00000121, 0x00000124,
  0x00000127, 0x0000012b, 0x0000012e, 0x00000010, 0x00000099, 0x00000035, 0x00000019, 0x0000001c,
  0x0000001f, 0x000000b9, 0x000000bd, 0x000000c1, 0x00000118, 0x000000ef, 0x00030003, 0x0000000b,
  0x00000001, 0x00060005, 0x00000010, 0x75706e69, 0x6f702e74, 0x69746973, 0x00006e6f, 0x00030005,
  0x00000011, 0x00000070, 0x00060005, 0x00000019, 0x75706e69, 0x6f6d2e74, 0x306c6564, 0x00000000,
  0x00060005, 0x0000001c, 0x75706e69, 0x6f6d2e74, 0x316c6564, 0x00000000, 0x00060005, 0x0000001f,
  0x75706e69, 0x6f6d2e74, 0x326c6564, 0x00000000, 0x00090005, 0x00000023, 0x6574614d, 0x6c616972,
  0x736e6f43, 0x746e6174, 0x74735f73, 0x30343164, 0x00000000, 0x00070006, 0x00000023, 0x00000000,
  0x656d6163, 0x6f506172, 0x69746973, 0x00006e6f, 0x00060006, 0x00000023, 0x00000001, 0x65736162,
  0x6f6c6f43, 0x00000072, 0x00080006, 0x00000023, 0x00000002, 0x73696d65, 0x6e6f6973, 0x67756f52,
  0x73656e68, 0x00000073, 0x00060006, 0x00000023, 0x00000003, 0x706f7270, 0x69747265, 0x00007365,
  0x00060006, 0x00000023, 0x00000004, 0x69766e65, 0x6d6e6f72, 0x00746e65, 0x00080006, 0x00000023,
  0x00000005, 0x6867696c, 0x65695674, 0x6f725077, 0x7463656a, 0x006e6f69, 0x00070006, 0x00000023,
  0x00000006, 0x64616873, 0x6553776f, 0x6e697474, 0x00007367, 0x00060006, 0x00000023, 0x00000007,
  0x64616873, 0x6954776f, 0x0000746e, 0x00060006, 0x00000023, 0x00000008, 0x6867696c, 0x6e695474,
  0x00000074, 0x00050006, 0x00000023, 0x00000009, 0x706d6172, 0x00000000, 0x00060006, 0x00000023,
  0x0000000a, 0x65676576, 0x69746174, 0x00006e6f, 0x00070006, 0x00000023, 0x0000000b, 0x6e617274,
  0x73696d73, 0x6e6f6973, 0x00000000, 0x00050005, 0x00000026, 0x6574616d, 0x6c616972, 0x00000000,
  0x00050005, 0x00000035, 0x75706e69, 0x76752e74, 0x00000000, 0x00080005, 0x00000089, 0x6e656353,
  0x6e6f4365, 0x6e617473, 0x735f7374, 0x33346474, 0x00000030, 0x00040006, 0x00000089, 0x00000000,
  0x0070766d, 0x00070006, 0x00000089, 0x00000001, 0x6867696c, 0x72694474, 0x69746365, 0x00006e6f,
  0x00060006, 0x00000089, 0x00000002, 0x6867696c, 0x6c6f4374, 0x0000726f, 0x00060006, 0x00000089,
  0x00000003, 0x6167656c, 0x6f437963, 0x00726f6c, 0x00040005, 0x0000008b, 0x6e656373, 0x00000065,
  0x00060005, 0x00000099, 0x75706e69, 0x6f6e2e74, 0x6c616d72, 0x00000000, 0x00060005, 0x000000b9,
  0x75706e69, 0x6f6e2e74, 0x6c616d72, 0x00000030, 0x00060005, 0x000000bd, 0x75706e69, 0x6f6e2e74,
  0x6c616d72, 0x00000031, 0x00060005, 0x000000c1, 0x75706e69, 0x6f6e2e74, 0x6c616d72, 0x00000032,
  0x00060005, 0x000000ef, 0x75706e69, 0x61742e74, 0x6e65676e, 0x00000074, 0x00030005, 0x00000100,
  0x00000074, 0x00050005, 0x00000108, 0x646e6168, 0x656e6465, 0x00007373, 0x00050005, 0x00000118,
  0x75706e69, 0x6f632e74, 0x00726f6c, 0x000d0005, 0x00000121, 0x72746e65, 0x696f5079, 0x6150746e,
  0x5f6d6172, 0x56726270, 0x65747265, 0x69614d78, 0x6f772e6e, 0x50646c72, 0x7469736f, 0x006e6f69,
  0x000c0005, 0x00000124, 0x72746e65, 0x696f5079, 0x6150746e, 0x5f6d6172, 0x56726270, 0x65747265,
  0x69614d78, 0x6f6e2e6e, 0x6c616d72, 0x00000000, 0x000c0005, 0x00000127, 0x72746e65, 0x696f5079,
  0x6150746e, 0x5f6d6172, 0x56726270, 0x65747265, 0x69614d78, 0x61742e6e, 0x6e65676e, 0x00000074,
  0x000b0005, 0x0000012b, 0x72746e65, 0x696f5079, 0x6150746e, 0x5f6d6172, 0x56726270, 0x65747265,
  0x69614d78, 0x76752e6e, 0x00000000, 0x000b0005, 0x0000012e, 0x72746e65, 0x696f5079, 0x6150746e,
  0x5f6d6172, 0x56726270, 0x65747265, 0x69614d78, 0x6f632e6e, 0x00726f6c, 0x00060005, 0x00000002,
  0x56726270, 0x65747265, 0x69614d78, 0x0000006e, 0x00040047, 0x00000010, 0x0000001e, 0x00000000,
  0x00040047, 0x00000019, 0x0000001e, 0x00000003, 0x00040047, 0x0000001c, 0x0000001e, 0x00000004,
  0x00040047, 0x0000001f, 0x0000001e, 0x00000005, 0x00030047, 0x00000023, 0x00000002, 0x00050048,
  0x00000023, 0x00000000, 0x00000023, 0x00000000, 0x00050048, 0x00000023, 0x00000001, 0x00000023,
  0x00000010, 0x00050048, 0x00000023, 0x00000002, 0x00000023, 0x00000020, 0x00050048, 0x00000023,
  0x00000003, 0x00000023, 0x00000030, 0x00050048, 0x00000023, 0x00000004, 0x00000023, 0x00000040,
  0x00050048, 0x00000023, 0x00000005, 0x00000023, 0x00000050, 0x00040048, 0x00000023, 0x00000005,
  0x00000005, 0x00050048, 0x00000023, 0x00000005, 0x00000007, 0x00000010, 0x00050048, 0x00000023,
  0x00000006, 0x00000023, 0x00000090, 0x00050048, 0x00000023, 0x00000007, 0x00000023, 0x000000a0,
  0x00050048, 0x00000023, 0x00000008, 0x00000023, 0x000000b0, 0x00050048, 0x00000023, 0x00000009,
  0x00000023, 0x000000c0, 0x00050048, 0x00000023, 0x0000000a, 0x00000023, 0x000000d0, 0x00050048,
  0x00000023, 0x0000000b, 0x00000023, 0x000000e0, 0x00040047, 0x00000026, 0x00000021, 0x00000004,
  0x00040047, 0x00000026, 0x00000022, 0x00000000, 0x00040047, 0x00000035, 0x0000001e, 0x00000002,
  0x00030047, 0x00000089, 0x00000002, 0x00050048, 0x00000089, 0x00000000, 0x00000023, 0x00000000,
  0x00040048, 0x00000089, 0x00000000, 0x00000005, 0x00050048, 0x00000089, 0x00000000, 0x00000007,
  0x00000010, 0x00050048, 0x00000089, 0x00000001, 0x00000023, 0x00000040, 0x00050048, 0x00000089,
  0x00000002, 0x00000023, 0x00000050, 0x00050048, 0x00000089, 0x00000003, 0x00000023, 0x00000060,
  0x00040047, 0x00000099, 0x0000001e, 0x00000001, 0x00040047, 0x000000b9, 0x0000001e, 0x00000006,
  0x00040047, 0x000000bd, 0x0000001e, 0x00000007, 0x00040047, 0x000000c1, 0x0000001e, 0x00000008,
  0x00040047, 0x000000ef, 0x0000001e, 0x0000000a, 0x00040047, 0x00000118, 0x0000001e, 0x00000009,
  0x00040047, 0x0000011d, 0x0000000b, 0x00000000, 0x00040047, 0x00000121, 0x0000001e, 0x00000000,
  0x00040047, 0x00000124, 0x0000001e, 0x00000001, 0x00040047, 0x00000127, 0x0000001e, 0x00000002,
  0x00040047, 0x0000012b, 0x0000001e, 0x00000003, 0x00040047, 0x0000012e, 0x0000001e, 0x00000004,
  0x00020013, 0x00000001, 0x00030021, 0x00000003, 0x00000001, 0x00030016, 0x00000006, 0x00000020,
  0x00040017, 0x00000007, 0x00000006, 0x00000004, 0x00040017, 0x00000008, 0x00000006, 0x00000003,
  0x00040017, 0x00000009, 0x00000006, 0x00000002, 0x00040020, 0x0000000f, 0x00000001, 0x00000008,
  0x0004002b, 0x00000006, 0x00000012, 0x3f800000, 0x00040015, 0x00000013, 0x00000020, 0x00000001,
  0x00040020, 0x00000015, 0x00000007, 0x00000008, 0x00040020, 0x00000018, 0x00000001, 0x00000007,
  0x00040018, 0x00000024, 0x00000007, 0x00000004, 0x000e001e, 0x00000023, 0x00000007, 0x00000007,
  0x00000007, 0x00000007, 0x00000007, 0x00000024, 0x00000007, 0x00000007, 0x00000007, 0x00000007,
  0x00000007, 0x00000007, 0x00040020, 0x00000025, 0x00000002, 0x00000023, 0x0004002b, 0x00000013,
  0x00000027, 0x0000000a, 0x00040020, 0x00000028, 0x00000002, 0x00000007, 0x00020014, 0x0000002c,
  0x0004002b, 0x00000006, 0x0000002e, 0x00000000, 0x00040020, 0x00000034, 0x00000001, 0x00000009,
  0x0004002b, 0x00000006, 0x00000046, 0x3d916873, 0x0004002b, 0x00000006, 0x00000047, 0x3de76c8b,
  0x0004002b, 0x00000006, 0x00000048, 0x3e3126e9, 0x0006002c, 0x00000008, 0x00000045, 0x00000046,
  0x00000047, 0x00000048, 0x0004002b, 0x00000006, 0x00000053, 0x414fd639, 0x0004002b, 0x00000006,
  0x00000054, 0x429c774c, 0x0004002b, 0x00000006, 0x00000055, 0x4216e042, 0x0006002c, 0x00000008,
  0x00000052, 0x00000053, 0x00000054, 0x00000055, 0x0004002b, 0x00000006, 0x00000058, 0x472aee8c,
  0x0004002b, 0x00000006, 0x0000005c, 0x40c90fdb, 0x0004002b, 0x00000006, 0x0000006a, 0x2b8cbccc,
  0x0006002c, 0x00000008, 0x00000070, 0x0000002e, 0x0000002e, 0x0000002e, 0x0004002b, 0x00000006,
  0x0000007d, 0x3eb33333, 0x0006002c, 0x00000008, 0x0000007c, 0x00000012, 0x0000002e, 0x0000007d,
  0x0004002b, 0x00000006, 0x0000007e, 0x3ebd70a4, 0x0004002b, 0x00000013, 0x00000086, 0x00000000,
  0x00040020, 0x00000087, 0x00000007, 0x00000007, 0x0006001e, 0x00000089, 0x00000024, 0x00000007,
  0x00000007, 0x00000007, 0x00040020, 0x0000008a, 0x00000009, 0x00000089, 0x00040020, 0x0000008c,
  0x00000009, 0x00000024, 0x0006002c, 0x00000008, 0x000000b1, 0x0000002e, 0x0000002e, 0x0000002e,
  0x00040020, 0x0000011c, 0x00000003, 0x00000007, 0x00040020, 0x00000120, 0x00000003, 0x00000008,
  0x00040020, 0x0000012a, 0x00000003, 0x00000009, 0x0004003b, 0x0000000f, 0x00000010, 0x00000001,
  0x0004003b, 0x00000018, 0x00000019, 0x00000001, 0x0004003b, 0x00000018, 0x0000001c, 0x00000001,
  0x0004003b, 0x00000018, 0x0000001f, 0x00000001, 0x0004003b, 0x00000025, 0x00000026, 0x00000002,
  0x0004003b, 0x00000034, 0x00000035, 0x00000001, 0x0004003b, 0x0000008a, 0x0000008b, 0x00000009,
  0x0004003b, 0x0000000f, 0x00000099, 0x00000001, 0x0004003b, 0x00000018, 0x000000b9, 0x00000001,
  0x0004003b, 0x00000018, 0x000000bd, 0x00000001, 0x0004003b, 0x00000018, 0x000000c1, 0x00000001,
  0x0004003b, 0x00000018, 0x000000ef, 0x00000001, 0x0004003b, 0x00000018, 0x00000118, 0x00000001,
  0x0004003b, 0x0000011c, 0x0000011d, 0x00000003, 0x0004003b, 0x00000120, 0x00000121, 0x00000003,
  0x0004003b, 0x00000120, 0x00000124, 0x00000003, 0x0004003b, 0x0000011c, 0x00000127, 0x00000003,
  0x0004003b, 0x0000012a, 0x0000012b, 0x00000003, 0x0004003b, 0x0000011c, 0x0000012e, 0x00000003,
  0x0006002c, 0x00000008, 0x000001ba, 0x0000007e, 0x0000007e, 0x0000007e, 0x0004002b, 0x00000006,
  0x000001bb, 0x3f8fae14, 0x00030029, 0x0000002c, 0x000001bc, 0x00050036, 0x00000001, 0x00000002,
  0x00000000, 0x00000003, 0x000200f8, 0x00000004, 0x0004003b, 0x00000015, 0x000001af, 0x00000007,
  0x0004003b, 0x00000015, 0x000001ae, 0x00000007, 0x0004003b, 0x00000087, 0x000001ad, 0x00000007,
  0x0004003b, 0x00000015, 0x000001a2, 0x00000007, 0x0004003b, 0x00000015, 0x0000018f, 0x00000007,
  0x0004003b, 0x00000015, 0x00000184, 0x00000007, 0x0004003b, 0x00000015, 0x00000171, 0x00000007,
  0x0004003b, 0x00000015, 0x00000166, 0x00000007, 0x0004003b, 0x00000015, 0x00000153, 0x00000007,
  0x0004003b, 0x00000015, 0x00000148, 0x00000007, 0x0004003d, 0x00000008, 0x0000000e, 0x00000010,
  0x00050050, 0x00000007, 0x00000011, 0x0000000e, 0x00000012, 0x0004003d, 0x00000007, 0x00000017,
  0x00000019, 0x00050094, 0x00000006, 0x0000001a, 0x00000017, 0x00000011, 0x0004003d, 0x00000007,
  0x0000001b, 0x0000001c, 0x00050094, 0x00000006, 0x0000001d, 0x0000001b, 0x00000011, 0x0004003d,
  0x00000007, 0x0000001e, 0x0000001f, 0x00050094, 0x00000006, 0x00000020, 0x0000001e, 0x00000011,
  0x00060050, 0x00000008, 0x00000021, 0x0000001a, 0x0000001d, 0x00000020, 0x0003003e, 0x000001ae,
  0x00000021, 0x00050041, 0x00000028, 0x00000029, 0x00000026, 0x00000027, 0x0004003d, 0x00000007,
  0x0000002a, 0x00000029, 0x00050051, 0x00000006, 0x0000002b, 0x0000002a, 0x00000001, 0x000500ba,
  0x0000002c, 0x0000002d, 0x0000002b, 0x0000002e, 0x000300f7, 0x0000000d, 0x00000000, 0x000400fa,
  0x0000002d, 0x0000000c, 0x0000000d, 0x000200f8, 0x0000000c, 0x0004003d, 0x00000008, 0x00000030,
  0x000001ae, 0x0004003d, 0x00000007, 0x00000031, 0x00000029, 0x00050051, 0x00000006, 0x00000032,
  0x00000031, 0x00000000, 0x0004003d, 0x00000009, 0x00000033, 0x00000035, 0x00050051, 0x00000006,
  0x00000036, 0x00000033, 0x00000001, 0x0008000c, 0x00000006, 0x00000037, 0x00000038, 0x0000002b,
  0x00000036, 0x0000002e, 0x00000012, 0x00050083, 0x00000006, 0x00000039, 0x00000012, 0x00000037,
  0x00050094, 0x00000006, 0x00000133, 0x00000030, 0x00000045, 0x00050081, 0x00000006, 0x00000134,
  0x00000133, 0x00000032, 0x00050081, 0x00000008, 0x00000136, 0x00000030, 0x000001ba, 0x00050094,
  0x00000006, 0x00000144, 0x00000136, 0x00000052, 0x0006000c, 0x00000006, 0x00000145, 0x00000038,
  0x0000000d, 0x00000144, 0x00050085, 0x00000006, 0x00000146, 0x00000145, 0x00000058, 0x0006000c,
  0x00000006, 0x00000147, 0x00000038, 0x0000000a, 0x00000146, 0x00050085, 0x00000006, 0x00000138,
  0x00000147, 0x0000005c, 0x00050081, 0x00000006, 0x00000139, 0x00000134, 0x00000138, 0x0006000c,
  0x00000006, 0x0000013a, 0x00000038, 0x0000000d, 0x00000139, 0x000300f7, 0x00000151, 0x00000000,
  0x000400fa, 0x000001bc, 0x0000014d, 0x00000150, 0x000200f8, 0x0000014d, 0x0006000c, 0x00000006,
  0x0000014e, 0x00000038, 0x00000020, 0x000001bb, 0x0005008e, 0x00000008, 0x0000014f, 0x0000007c,
  0x0000014e, 0x0003003e, 0x00000148, 0x0000014f, 0x000200f9, 0x00000151, 0x000200f8, 0x00000150,
  0x0003003e, 0x00000148, 0x00000070, 0x000200f9, 0x00000151, 0x000200f8, 0x00000151, 0x0004003d,
  0x00000008, 0x00000152, 0x00000148, 0x0005008e, 0x00000008, 0x0000013c, 0x00000152, 0x0000013a,
  0x0005008e, 0x00000008, 0x0000013e, 0x0000013c, 0x00000012, 0x0008000c, 0x00000006, 0x0000013f,
  0x00000038, 0x0000002b, 0x00000039, 0x0000002e, 0x00000012, 0x00050083, 0x00000006, 0x00000140,
  0x00000012, 0x0000013f, 0x0005008e, 0x00000008, 0x00000141, 0x0000013e, 0x00000140, 0x0004003d,
  0x00000007, 0x0000007f, 0x00000029, 0x00050051, 0x00000006, 0x00000080, 0x0000007f, 0x00000001,
  0x0005008e, 0x00000008, 0x00000081, 0x00000141, 0x00000080, 0x0004003d, 0x00000008, 0x00000082,
  0x000001ae, 0x00050081, 0x00000008, 0x00000083, 0x00000082, 0x00000081, 0x0003003e, 0x000001ae,
  0x00000083, 0x000200f9, 0x0000000d, 0x000200f8, 0x0000000d, 0x00050041, 0x0000008c, 0x0000008d,
  0x0000008b, 0x00000086, 0x0004003d, 0x00000024, 0x0000008e, 0x0000008d, 0x0004003d, 0x00000008,
  0x0000008f, 0x000001ae, 0x00050050, 0x00000007, 0x00000090, 0x0000008f, 0x00000012, 0x00050090,
  0x00000007, 0x00000091, 0x00000090, 0x0000008e, 0x00050051, 0x00000006, 0x00000095, 0x00000091,
  0x00000001, 0x0004007f, 0x00000006, 0x00000096, 0x00000095, 0x00060052, 0x00000007, 0x000001be,
  0x00000096, 0x00000091, 0x00000001, 0x0003003e, 0x000001ad, 0x000001be, 0x0004003d, 0x00000008,
  0x00000098, 0x00000099, 0x00050051, 0x00000006, 0x00000156, 0x00000098, 0x00000000, 0x0006000c,
  0x00000006, 0x00000157, 0x00000038, 0x00000004, 0x00000156, 0x00050051, 0x00000006, 0x00000158,
  0x00000098, 0x00000001, 0x0006000c, 0x00000006, 0x00000159, 0x00000038, 0x00000004, 0x00000158,
  0x0007000c, 0x00000006, 0x0000015a, 0x00000038, 0x00000028, 0x00000157, 0x00000159, 0x00050051,
  0x00000006, 0x0000015b, 0x00000098, 0x00000002, 0x0006000c, 0x00000006, 0x0000015c, 0x00000038,
  0x00000004, 0x0000015b, 0x0007000c, 0x00000006, 0x0000015d, 0x00000038, 0x00000028, 0x0000015a,
  0x0000015c, 0x000500ba, 0x0000002c, 0x0000015e, 0x0000015d, 0x0000002e, 0x000300f7, 0x00000164,
  0x00000000, 0x000400fa, 0x0000015e, 0x0000015f, 0x00000163, 0x000200f8, 0x0000015f, 0x00060050,
  0x00000008, 0x00000160, 0x0000015d, 0x0000015d, 0x0000015d, 0x00050088, 0x00000008, 0x00000161,
  0x00000098, 0x00000160, 0x00050094, 0x00000006, 0x00000169, 0x00000161, 0x00000161, 0x000500ba,
  0x0000002c, 0x0000016a, 0x00000169, 0x0000006a, 0x000300f7, 0x0000016f, 0x00000000, 0x000400fa,
  0x0000016a, 0x0000016b, 0x0000016e, 0x000200f8, 0x0000016b, 0x0006000c, 0x00000006, 0x0000016c,
  0x00000038, 0x00000020, 0x00000169, 0x0005008e, 0x00000008, 0x0000016d, 0x00000161, 0x0000016c,
  0x0003003e, 0x00000166, 0x0000016d, 0x000200f9, 0x0000016f, 0x000200f8, 0x0000016e, 0x0003003e,
  0x00000166, 0x00000070, 0x000200f9, 0x0000016f, 0x000200f8, 0x0000016f, 0x0004003d, 0x00000008,
  0x00000170, 0x00000166, 0x0003003e, 0x00000153, 0x00000170, 0x000200f9, 0x00000164, 0x000200f8,
  0x00000163, 0x0003003e, 0x00000153, 0x000000b1, 0x000200f9, 0x00000164, 0x000200f8, 0x00000164,
  0x0004003d, 0x00000008, 0x00000165, 0x00000153, 0x0004003d, 0x00000007, 0x000000b8, 0x000000b9,
  0x0008004f, 0x00000008, 0x000000ba, 0x000000b8, 0x000000b8, 0x00000000, 0x00000001, 0x00000002,
  0x00050094, 0x00000006, 0x000000bb, 0x000000ba, 0x00000165, 0x0004003d, 0x00000007, 0x000000bc,
  0x000000bd, 0x0008004f, 0x00000008, 0x000000be, 0x000000bc, 0x000000bc, 0x00000000, 0x00000001,
  0x00000002, 0x00050094, 0x00000006, 0x000000bf, 0x000000be, 0x00000165, 0x0004003d, 0x00000007,
  0x000000c0, 0x000000c1, 0x0008004f, 0x00000008, 0x000000c2, 0x000000c0, 0x000000c0, 0x00000000,
  0x00000001, 0x00000002, 0x00050094, 0x00000006, 0x000000c3, 0x000000c2, 0x00000165, 0x00060050,
  0x00000008, 0x000000c4, 0x000000bb, 0x000000bf, 0x000000c3, 0x0006000c, 0x00000006, 0x00000175,
  0x00000038, 0x00000004, 0x000000bb, 0x0006000c, 0x00000006, 0x00000177, 0x00000038, 0x00000004,
  0x000000bf, 0x0007000c, 0x00000006, 0x00000178, 0x00000038, 0x00000028, 0x00000175, 0x00000177,
  0x0006000c, 0x00000006, 0x0000017a, 0x00000038, 0x00000004, 0x000000c3, 0x0007000c, 0x00000006,
  0x0000017b, 0x00000038, 0x00000028, 0x00000178, 0x0000017a, 0x000500ba, 0x0000002c, 0x0000017c,
  0x0000017b, 0x0000002e, 0x000300f7, 0x00000182, 0x00000000, 0x000400fa, 0x0000017c, 0x0000017d,
  0x00000181, 0x000200f8, 0x0000017d, 0x00060050, 0x00000008, 0x0000017e, 0x0000017b, 0x0000017b,
  0x0000017b, 0x00050088, 0x00000008, 0x0000017f, 0x000000c4, 0x0000017e, 0x00050094, 0x00000006,
  0x00000187, 0x0000017f, 0x0000017f, 0x000500ba, 0x0000002c, 0x00000188, 0x00000187, 0x0000006a,
  0x000300f7, 0x0000018d, 0x00000000, 0x000400fa, 0x00000188, 0x00000189, 0x0000018c, 0x000200f8,
  0x00000189, 0x0006000c, 0x00000006, 0x0000018a, 0x00000038, 0x00000020, 0x00000187, 0x0005008e,
  0x00000008, 0x0000018b, 0x0000017f, 0x0000018a, 0x0003003e, 0x00000184, 0x0000018b, 0x000200f9,
  0x0000018d, 0x000200f8, 0x0000018c, 0x0003003e, 0x00000184, 0x00000070, 0x000200f9, 0x0000018d,
  0x000200f8, 0x0000018d, 0x0004003d, 0x00000008, 0x0000018e, 0x00000184, 0x0003003e, 0x00000171,
  0x0000018e, 0x000200f9, 0x00000182, 0x000200f8, 0x00000181, 0x0003003e, 0x00000171, 0x000000b1,
  0x000200f9, 0x00000182, 0x000200f8, 0x00000182, 0x0004003d, 0x00000008, 0x00000183, 0x00000171,
  0x0003003e, 0x000001af, 0x00000183, 0x0004003d, 0x00000007, 0x000000c7, 0x00000019, 0x00050051,
  0x00000006, 0x000000c8, 0x000000c7, 0x00000000, 0x0006000c, 0x00000006, 0x000000c9, 0x00000038,
  0x00000004, 0x000000c8, 0x0004003d, 0x00000007, 0x000000ca, 0x00000019, 0x00050051, 0x00000006,
  0x000000cb, 0x000000ca, 0x00000001, 0x0006000c, 0x00000006, 0x000000cc, 0x00000038, 0x00000004,
  0x000000cb, 0x0007000c, 0x00000006, 0x000000cd, 0x00000038, 0x00000028, 0x000000c9, 0x000000cc,
  0x0004003d, 0x00000007, 0x000000ce, 0x00000019, 0x00050051, 0x00000006, 0x000000cf, 0x000000ce,
  0x00000002, 0x0006000c, 0x00000006, 0x000000d0, 0x00000038, 0x00000004, 0x000000cf, 0x0007000c,
  0x00000006, 0x000000d1, 0x00000038, 0x00000028, 0x000000cd, 0x000000d0, 0x0004003d, 0x00000007,
  0x000000d2, 0x0000001c, 0x00050051, 0x00000006, 0x000000d3, 0x000000d2, 0x00000000, 0x0006000c,
  0x00000006, 0x000000d4, 0x00000038, 0x00000004, 0x000000d3, 0x0004003d, 0x00000007, 0x000000d5,
  0x0000001c, 0x00050051, 0x00000006, 0x000000d6, 0x000000d5, 0x00000001, 0x0006000c, 0x00000006,
  0x000000d7, 0x00000038, 0x00000004, 0x000000d6, 0x0007000c, 0x00000006, 0x000000d8, 0x00000038,
  0x00000028, 0x000000d4, 0x000000d7, 0x0004003d, 0x00000007, 0x000000d9, 0x0000001c, 0x00050051,
  0x00000006, 0x000000da, 0x000000d9, 0x00000002, 0x0006000c, 0x00000006, 0x000000db, 0x00000038,
  0x00000004, 0x000000da, 0x0007000c, 0x00000006, 0x000000dc, 0x00000038, 0x00000028, 0x000000d8,
  0x000000db, 0x0004003d, 0x00000007, 0x000000dd, 0x0000001f, 0x00050051, 0x00000006, 0x000000de,
  0x000000dd, 0x00000000, 0x0006000c, 0x00000006, 0x000000df, 0x00000038, 0x00000004, 0x000000de,
  0x0004003d, 0x00000007, 0x000000e0, 0x0000001f, 0x00050051, 0x00000006, 0x000000e1, 0x000000e0,
  0x00000001, 0x0006000c, 0x00000006, 0x000000e2, 0x00000038, 0x00000004, 0x000000e1, 0x0007000c,
  0x00000006, 0x000000e3, 0x00000038, 0x00000028, 0x000000df, 0x000000e2, 0x0004003d, 0x00000007,
  0x000000e4, 0x0000001f, 0x00050051, 0x00000006, 0x000000e5, 0x000000e4, 0x00000002, 0x0006000c,
  0x00000006, 0x000000e6, 0x00000038, 0x00000004, 0x000000e5, 0x0007000c, 0x00000006, 0x000000e7,
  0x00000038, 0x00000028, 0x000000e3, 0x000000e6, 0x0007000c, 0x00000006, 0x000000e8, 0x00000038,
  0x00000028, 0x000000dc, 0x000000e7, 0x0007000c, 0x00000006, 0x000000e9, 0x00000038, 0x00000028,
  0x000000d1, 0x000000e8, 0x0004003d, 0x00000007, 0x000000ea, 0x00000019, 0x0008004f, 0x00000008,
  0x000000eb, 0x000000ea, 0x000000ea, 0x00000000, 0x00000001, 0x00000002, 0x00060050, 0x00000008,
  0x000000ec, 0x000000e9, 0x000000e9, 0x000000e9, 0x00050088, 0x00000008, 0x000000ed, 0x000000eb,
  0x000000ec, 0x0004003d, 0x00000007, 0x000000ee, 0x000000ef, 0x0008004f, 0x00000008, 0x000000f0,
  0x000000ee, 0x000000ee, 0x00000000, 0x00000001, 0x00000002, 0x00050094, 0x00000006, 0x000000f1,
  0x000000ed, 0x000000f0, 0x0004003d, 0x00000007, 0x000000f2, 0x0000001c, 0x0008004f, 0x00000008,
  0x000000f3, 0x000000f2, 0x000000f2, 0x00000000, 0x00000001, 0x00000002, 0x00060050, 0x00000008,
  0x000000f4, 0x000000e9, 0x000000e9, 0x000000e9, 0x00050088, 0x00000008, 0x000000f5, 0x000000f3,
  0x000000f4, 0x0004003d, 0x00000007, 0x000000f6, 0x000000ef, 0x0008004f, 0x00000008, 0x000000f7,
  0x000000f6, 0x000000f6, 0x00000000, 0x00000001, 0x00000002, 0x00050094, 0x00000006, 0x000000f8,
  0x000000f5, 0x000000f7, 0x0004003d, 0x00000007, 0x000000f9, 0x0000001f, 0x0008004f, 0x00000008,
  0x000000fa, 0x000000f9, 0x000000f9, 0x00000000, 0x00000001, 0x00000002, 0x00060050, 0x00000008,
  0x000000fb, 0x000000e9, 0x000000e9, 0x000000e9, 0x00050088, 0x00000008, 0x000000fc, 0x000000fa,
  0x000000fb, 0x0004003d, 0x00000007, 0x000000fd, 0x000000ef, 0x0008004f, 0x00000008, 0x000000fe,
  0x000000fd, 0x000000fd, 0x00000000, 0x00000001, 0x00000002, 0x00050094, 0x00000006, 0x000000ff,
  0x000000fc, 0x000000fe, 0x00060050, 0x00000008, 0x00000100, 0x000000f1, 0x000000f8, 0x000000ff,
  0x00050094, 0x00000006, 0x00000103, 0x00000183, 0x00000100, 0x0005008e, 0x00000008, 0x00000104,
  0x00000183, 0x00000103, 0x00050083, 0x00000008, 0x00000105, 0x00000100, 0x00000104, 0x00050051,
  0x00000006, 0x00000192, 0x00000105, 0x00000000, 0x0006000c, 0x00000006, 0x00000193, 0x00000038,
  0x00000004, 0x00000192, 0x00050051, 0x00000006, 0x00000194, 0x00000105, 0x00000001, 0x0006000c,
  0x00000006, 0x00000195, 0x00000038, 0x00000004, 0x00000194, 0x0007000c, 0x00000006, 0x00000196,
  0x00000038, 0x00000028, 0x00000193, 0x00000195, 0x00050051, 0x00000006, 0x00000197, 0x00000105,
  0x00000002, 0x0006000c, 0x00000006, 0x00000198, 0x00000038, 0x00000004, 0x00000197, 0x0007000c,
  0x00000006, 0x00000199, 0x00000038, 0x00000028, 0x00000196, 0x00000198, 0x000500ba, 0x0000002c,
  0x0000019a, 0x00000199, 0x0000002e, 0x000300f7, 0x000001a0, 0x00000000, 0x000400fa, 0x0000019a,
  0x0000019b, 0x0000019f, 0x000200f8, 0x0000019b, 0x00060050, 0x00000008, 0x0000019c, 0x00000199,
  0x00000199, 0x00000199, 0x00050088, 0x00000008, 0x0000019d, 0x00000105, 0x0000019c, 0x00050094,
  0x00000006, 0x000001a5, 0x0000019d, 0x0000019d, 0x000500ba, 0x0000002c, 0x000001a6, 0x000001a5,
  0x0000006a, 0x000300f7, 0x000001ab, 0x00000000, 0x000400fa, 0x000001a6, 0x000001a7, 0x000001aa,
  0x000200f8, 0x000001a7, 0x0006000c, 0x00000006, 0x000001a8, 0x00000038, 0x00000020, 0x000001a5,
  0x0005008e, 0x00000008, 0x000001a9, 0x0000019d, 0x000001a8, 0x0003003e, 0x000001a2, 0x000001a9,
  0x000200f9, 0x000001ab, 0x000200f8, 0x000001aa, 0x0003003e, 0x000001a2, 0x00000070, 0x000200f9,
  0x000001ab, 0x000200f8, 0x000001ab, 0x0004003d, 0x00000008, 0x000001ac, 0x000001a2, 0x0003003e,
  0x0000018f, 0x000001ac, 0x000200f9, 0x000001a0, 0x000200f8, 0x0000019f, 0x0003003e, 0x0000018f,
  0x000000b1, 0x000200f9, 0x000001a0, 0x000200f8, 0x000001a0, 0x0004003d, 0x00000008, 0x000001a1,
  0x0000018f, 0x0004003d, 0x00000007, 0x00000107, 0x000000b9, 0x00050051, 0x00000006, 0x00000108,
  0x00000107, 0x00000003, 0x0004003d, 0x00000007, 0x0000010b, 0x000000ef, 0x00050051, 0x00000006,
  0x0000010c, 0x0000010b, 0x00000003, 0x00050085, 0x00000006, 0x0000010d, 0x0000010c, 0x00000108,
  0x00050050, 0x00000007, 0x0000010e, 0x000001a1, 0x0000010d, 0x0004003d, 0x00000009, 0x00000113,
  0x00000035, 0x0004003d, 0x00000007, 0x00000117, 0x00000118, 0x0004003d, 0x00000008, 0x000001b5,
  0x000001af, 0x0004003d, 0x00000008, 0x000001b4, 0x000001ae, 0x0004003d, 0x00000007, 0x000001b3,
  0x000001ad, 0x0003003e, 0x0000011d, 0x000001b3, 0x0003003e, 0x00000121, 0x000001b4, 0x0003003e,
  0x00000124, 0x000001b5, 0x0003003e, 0x00000127, 0x0000010e, 0x0003003e, 0x0000012b, 0x00000113,
  0x0003003e, 0x0000012e, 0x00000117, 0x000100fd, 0x00010038,
};
inline constexpr std::uint32_t scene_pbr_spirv_frag[] = {
  0x07230203, 0x00010300, 0x00280000, 0x00000730, 0x00000000, 0x00020011, 0x00000001, 0x0006000b,
  0x0000003e, 0x4c534c47, 0x6474732e, 0x3035342e, 0x00000000, 0x0003000e, 0x00000000, 0x00000001,
  0x000b000f, 0x00000004, 0x00000002, 0x6e69616d, 0x00000000, 0x000000c5, 0x0000005f, 0x000000c9,
  0x000000e1, 0x00000024, 0x00000112, 0x00030010, 0x00000002, 0x00000007, 0x00030003, 0x0000000b,
  0x00000001, 0x00040005, 0x00000014, 0x65726964, 0x00007463, 0x00040005, 0x00000014, 0x65726964,
  0x00007463, 0x00040005, 0x00000015, 0x69626d61, 0x00746e65, 0x00040005, 0x00000015, 0x69626d61,
  0x00746e65, 0x00050005, 0x00000024, 0x75706e69, 0x76752e74, 0x00000000, 0x00040005, 0x00000029,
  0x65736162, 0x0070614d, 0x00050005, 0x0000002b, 0x61735f5f, 0x656c706d, 0x00000064, 0x00090005,
  0x0000002d, 0x6574614d, 0x6c616972, 0x736e6f43, 0x746e6174, 0x74735f73, 0x30343164, 0x00000000,
  0x00070006, 0x0000002d, 0x00000000, 0x656d6163, 0x6f506172, 0x69746973, 0x00006e6f, 0x00060006,
  0x0000002d, 0x00000001, 0x65736162, 0x6f6c6f43, 0x00000072, 0x00080006, 0x0000002d, 0x00000002,
  0x73696d65, 0x6e6f6973, 0x67756f52, 0x73656e68, 0x00000073, 0x00060006, 0x0000002d, 0x00000003,
  0x706f7270, 0x69747265, 0x00007365, 0x00060006, 0x0000002d, 0x00000004, 0x69766e65, 0x6d6e6f72,
  0x00746e65, 0x00080006, 0x0000002d, 0x00000005, 0x6867696c, 0x65695674, 0x6f725077, 0x7463656a,
  0x006e6f69, 0x00070006, 0x0000002d, 0x00000006, 0x64616873, 0x6553776f, 0x6e697474, 0x00007367,
  0x00060006, 0x0000002d, 0x00000007, 0x64616873, 0x6954776f, 0x0000746e, 0x00060006, 0x0000002d,
  0x00000008, 0x6867696c, 0x6e695474, 0x00000074, 0x00050006, 0x0000002d, 0x00000009, 0x706d6172,
  0x00000000, 0x00060006, 0x0000002d, 0x0000000a, 0x65676576, 0x69746174, 0x00006e6f, 0x00070006,
  0x0000002d, 0x0000000b, 0x6e617274, 0x73696d73, 0x6e6f6973, 0x00000000, 0x00050005, 0x00000030,
  0x6574616d, 0x6c616972, 0x00000000, 0x00050005, 0x00000054, 0x73696d65, 0x6e6f6973, 0x0070614d,
  0x00050005, 0x00000055, 0x61735f5f, 0x656c706d, 0x00000064, 0x00070005, 0x0000005f, 0x75706e69,
  0x6f772e74, 0x50646c72, 0x7469736f, 0x006e6f69, 0x000a0005, 0x000000c5, 0x72746e65, 0x696f5079,
  0x6150746e, 0x5f6d6172, 0x46726270, 0x6d676172, 0x4d746e65, 0x006e6961, 0x00060005, 0x000000c9,
  0x75706e69, 0x6f6e2e74, 0x6c616d72, 0x00000000, 0x00060005, 0x000000e1, 0x75706e69, 0x61742e74,
  0x6e65676e, 0x00000074, 0x00030005, 0x000000ed, 0x00000062, 0x00050005, 0x000000f0, 0x6d726f6e,
  0x614d6c61, 0x00000070, 0x00050005, 0x000000f1, 0x61735f5f, 0x656c706d, 0x00000064, 0x00040005,
  0x00000107, 0x4d6d726f, 0x00007061, 0x00050005, 0x00000108, 0x61735f5f, 0x656c706d, 0x00000064,
  0x00050005, 0x00000112, 0x75706e69, 0x6f632e74, 0x00726f6c, 0x00050005, 0x0000014d, 0x61735f5f,
  0x656c706d, 0x00000064, 0x00070005, 0x000001a2, 0x66666964, 0x45657375, 0x7269766e, 0x656d6e6f,
  0x0000746e, 0x00050005, 0x000001a3, 0x61735f5f, 0x656c706d, 0x00000064, 0x00070005, 0x000001b1,
  0x63657073, 0x72616c75, 0x69766e45, 0x6d6e6f72, 0x00746e65, 0x00050005, 0x000001b2, 0x61735f5f,
  0x656c706d, 0x00000064, 0x00060005, 0x000001bd, 0x66647262, 0x65746e49, 0x74617267, 0x006e6f69,
  0x00050005, 0x000001be, 0x61735f5f, 0x656c706d, 0x00000064, 0x00080005, 0x000001c3, 0x6e656353,
  0x6e6f4365, 0x6e617473, 0x735f7374, 0x33346474, 0x00000030, 0x00040006, 0x000001c3, 0x00000000,
  0x0070766d, 0x00070006, 0x000001c3, 0x00000001, 0x6867696c, 0x72694474, 0x69746365, 0x00006e6f,
  0x00060006, 0x000001c3, 0x00000002, 0x6867696c, 0x6c6f4374, 0x0000726f, 0x00060006, 0x000001c3,
  0x00000003, 0x6167656c, 0x6f437963, 0x00726f6c, 0x00040005, 0x000001c5, 0x6e656373, 0x00000065,
  0x00070005, 0x0000022b, 0x65726964, 0x6f697463, 0x536c616e, 0x6f646168, 0x00000077, 0x00040005,
  0x000003c1, 0x6f6c6f63, 0x00000072, 0x00060005, 0x00000002, 0x46726270, 0x6d676172, 0x4d746e65,
  0x006e6961, 0x00040047, 0x00000024, 0x0000001e, 0x00000003, 0x00040047, 0x00000029, 0x00000021,
  0x00000000, 0x00040047, 0x00000029, 0x00000022, 0x00000000, 0x00030047, 0x0000002d, 0x00000002,
  0x00050048, 0x0000002d, 0x00000000, 0x00000023, 0x00000000, 0x00050048, 0x0000002d, 0x00000001,
  0x00000023, 0x00000010, 0x00050048, 0x0000002d, 0x00000002, 0x00000023, 0x00000020, 0x00050048,
  0x0000002d, 0x00000003, 0x00000023, 0x00000030, 0x00050048, 0x0000002d, 0x00000004, 0x00000023,
  0x00000040, 0x00050048, 0x0000002d, 0x00000005, 0x00000023, 0x00000050, 0x00040048, 0x0000002d,
  0x00000005, 0x00000005, 0x00050048, 0x0000002d, 0x00000005, 0x00000007, 0x00000010, 0x00050048,
  0x0000002d, 0x00000006, 0x00000023, 0x00000090, 0x00050048, 0x0000002d, 0x00000007, 0x00000023,
  0x000000a0, 0x00050048, 0x0000002d, 0x00000008, 0x00000023, 0x000000b0, 0x00050048, 0x0000002d,
  0x00000009, 0x00000023, 0x000000c0, 0x00050048, 0x0000002d, 0x0000000a, 0x00000023, 0x000000d0,
  0x00050048, 0x0000002d, 0x0000000b, 0x00000023, 0x000000e0, 0x00040047, 0x00000030, 0x00000021,
  0x00000004, 0x00040047, 0x00000030, 0x00000022, 0x00000000, 0x00040047, 0x00000054, 0x00000021,
  0x00000003, 0x00040047, 0x00000054, 0x00000022, 0x00000000, 0x00040047, 0x0000005f, 0x0000001e,
  0x00000000, 0x00040047, 0x000000c5, 0x0000001e, 0x00000000, 0x00040047, 0x000000c9, 0x0000001e,
  0x00000001, 0x00040047, 0x000000e1, 0x0000001e, 0x00000002, 0x00040047, 0x000000f0, 0x00000021,
  0x00000001, 0x00040047, 0x000000f0, 0x00000022, 0x00000000, 0x00040047, 0x00000107, 0x00000021,
  0x00000002, 0x00040047, 0x00000107, 0x00000022, 0x00000000, 0x00040047, 0x00000112, 0x0000001e,
  0x00000004, 0x00040047, 0x000001a2, 0x00000021, 0x00000005, 0x00040047, 0x000001a2, 0x00000022,
  0x00000000, 0x00040047, 0x000001b1, 0x00000021, 0x00000006, 0x00040047, 0x000001b1, 0x00000022,
  0x00000000, 0x00040047, 0x000001bd, 0x00000021, 0x00000007, 0x00040047, 0x000001bd, 0x00000022,
  0x00000000, 0x00030047, 0x000001c3, 0x00000002, 0x00050048, 0x000001c3, 0x00000000, 0x00000023,
  0x00000000, 0x00040048, 0x000001c3, 0x00000000, 0x00000005, 0x00050048, 0x000001c3, 0x00000000,
  0x00000007, 0x00000010, 0x00050048, 0x000001c3, 0x00000001, 0x00000023, 0x00000040, 0x00050048,
  0x000001c3, 0x00000002, 0x00000023, 0x00000050, 0x00050048, 0x000001c3, 0x00000003, 0x00000023,
  0x00000060, 0x00040047, 0x0000022b, 0x00000021, 0x00000008, 0x00040047, 0x0000022b, 0x00000022,
  0x00000000, 0x00020013, 0x00000001, 0x00030021, 0x00000003, 0x00000001, 0x00020014, 0x00000005,
  0x00040020, 0x00000006, 0x00000007, 0x00000005, 0x00030016, 0x00000008, 0x00000020, 0x00040017,
  0x00000009, 0x00000008, 0x00000003, 0x00040020, 0x0000000a, 0x00000007, 0x00000009, 0x00040017,
  0x00000010, 0x00000008, 0x00000002, 0x00040020, 0x00000023, 0x00000001, 0x00000010, 0x00090019,
  0x00000025, 0x00000008, 0x00000001, 0x00000002, 0x00000000, 0x00000000, 0x00000001, 0x00000000,
  0x0003001b, 0x00000026, 0x00000025, 0x00040020, 0x00000028, 0x00000000, 0x00000026, 0x00040017,
  0x0000002a, 0x00000008, 0x00000004, 0x00040018, 0x0000002e, 0x0000002a, 0x00000004, 0x000e001e,
  0x0000002d, 0x0000002a, 0x0000002a, 0x0000002a, 0x0000002a, 0x0000002a, 0x0000002e, 0x0000002a,
  0x0000002a, 0x0000002a, 0x0000002a, 0x0000002a, 0x0000002a, 0x00040020, 0x0000002f, 0x00000002,
  0x0000002d, 0x00040015, 0x00000031, 0x00000020, 0x00000001, 0x0004002b, 0x00000031, 0x00000032,
  0x0000000a, 0x00040020, 0x00000033, 0x00000002, 0x0000002a, 0x0004002b, 0x00000008, 0x00000038,
  0x00000000, 0x0004002b, 0x00000008, 0x0000003f, 0x3f800000, 0x0003002a, 0x00000005, 0x00000045,
  0x0004002b, 0x00000031, 0x0000004b, 0x0000000b, 0x0004002b, 0x00000008, 0x00000050, 0x3f000000,
  0x0004002b, 0x00000031, 0x00000058, 0x00000002, 0x00040020, 0x0000005e, 0x00000001, 0x00000009,
  0x0004002b, 0x00000031, 0x0000006c, 0x00000003, 0x0004002b, 0x00000031, 0x00000075, 0x00000000,
  0x0004002b, 0x00000008, 0x00000080, 0x477fe000, 0x0006002c, 0x00000009, 0x00000089, 0x00000038,
  0x00000038, 0x00000038, 0x0004002b, 0x00000008, 0x0000008b, 0x4020a3d7, 0x0004002b, 0x00000008,
  0x0000008d, 0x3cf5c28f, 0x0004002b, 0x00000008, 0x00000091, 0x401b851f, 0x0004002b, 0x00000008,
  0x00000093, 0x3f170a3d, 0x0004002b, 0x00000008, 0x00000097, 0x3e0f5c29, 0x0006002c, 0x00000009,
  0x0000009f, 0x00000038, 0x00000038, 0x00000038, 0x0006002c, 0x00000009, 0x000000a0, 0x0000003f,
  0x0000003f, 0x0000003f, 0x0006002c, 0x00000009, 0x000000ad, 0x00000038, 0x00000038, 0x00000038,
  0x0004002b, 0x00000008, 0x000000af, 0x414eb852, 0x0004002b, 0x00000008, 0x000000b2, 0x3ed55555,
  0x0006002c, 0x00000009, 0x000000b1, 0x000000b2, 0x000000b2, 0x000000b2, 0x0004002b, 0x00000008,
  0x000000b4, 0x3f870a3d, 0x0004002b, 0x00000008, 0x000000b6, 0x3d6147ae, 0x0004002b, 0x00000008,
  0x000000ba, 0x3b4d2e1c, 0x0006002c, 0x00000009, 0x000000b9, 0x000000ba, 0x000000ba, 0x000000ba,
  0x00040020, 0x000000c4, 0x00000003, 0x0000002a, 0x0004002b, 0x00000008, 0x000000d4, 0x2b8cbccc,
  0x0006002c, 0x00000009, 0x000000da, 0x00000038, 0x00000038, 0x00000038, 0x00040020, 0x000000e0,
  0x00000001, 0x0000002a, 0x00040020, 0x000000fe, 0x00000007, 0x00000008, 0x0004002b, 0x00000031,
  0x00000102, 0x00000001, 0x0004002b, 0x00000008, 0x00000121, 0x40000000, 0x0004002b, 0x00000031,
  0x00000141, 0x00000004, 0x0004002b, 0x00000031, 0x00000149, 0x00000005, 0x0004002b, 0x00000031,
  0x00000154, 0x00000006, 0x0006002c, 0x00000009, 0x00000158, 0x00000038, 0x00000038, 0x00000038,
  0x00040020, 0x0000015c, 0x00000007, 0x00000010, 0x0005002c, 0x00000010, 0x0000015e, 0x00000038,
  0x00000038, 0x0006002c, 0x00000009, 0x0000017c, 0x00000038, 0x00000038, 0x00000038, 0x0004002b,
  0x00000008, 0x0000019b, 0xbf800000, 0x0004002b, 0x00000008, 0x0000019e, 0x40490fdb, 0x0006001e,
  0x000001c3, 0x0000002e, 0x0000002a, 0x0000002a, 0x0000002a, 0x00040020, 0x000001c4, 0x00000009,
  0x000001c3, 0x00040020, 0x000001c6, 0x00000009, 0x0000002a, 0x00040020, 0x000001ec, 0x00000002,
  0x0000002e, 0x00040017, 0x00000201, 0x00000005, 0x00000002, 0x00030029, 0x00000005, 0x00000205,
  0x0004002b, 0x00000008, 0x00000265, 0x3e800000, 0x0007002c, 0x0000002a, 0x00000264, 0x00000265,
  0x00000265, 0x00000265, 0x00000265, 0x0006002c, 0x00000009, 0x00000296, 0x00000038, 0x00000038,
  0x00000038, 0x0004002b, 0x00000008, 0x0000029a, 0x3d4ccccd, 0x0004002b, 0x00000008, 0x0000029f,
  0x3d23d70a, 0x0006002c, 0x00000009, 0x0000029e, 0x0000029f, 0x0000029f, 0x0000029f, 0x0004002b,
  0x00000008, 0x000002a9, 0x40a00000, 0x0004002b, 0x00000008, 0x000002b7, 0x3b23d70a, 0x0004002b,
  0x00000008, 0x000002c0, 0x33d6bf95, 0x0004002b, 0x00000008, 0x000002cb, 0x3e000000, 0x0004002b,
  0x00000008, 0x000002d0, 0x358637bd, 0x0004002b, 0x00000008, 0x000002d8, 0x40800000, 0x0006002c,
  0x00000009, 0x0000030a, 0x0000029f, 0x0000029f, 0x0000029f, 0x0004002b, 0x00000031, 0x00000337,
  0x00000007, 0x0004002b, 0x00000031, 0x00000341, 0x00000009, 0x0004002b, 0x00000008, 0x00000354,
  0x38d1b717, 0x0004002b, 0x00000031, 0x0000035b, 0x00000008, 0x0006002c, 0x00000009, 0x0000036e,
  0x00000038, 0x00000038, 0x00000038, 0x0006002c, 0x00000009, 0x00000391, 0x0000003f, 0x0000003f,
  0x0000003f, 0x0004003b, 0x00000023, 0x00000024, 0x00000001, 0x0004003b, 0x00000028, 0x00000029,
  0x00000000, 0x0004003b, 0x0000002f, 0x00000030, 0x00000002, 0x0004003b, 0x00000028, 0x00000054,
  0x00000000, 0x0004003b, 0x0000005e, 0x0000005f, 0x00000001, 0x0004003b, 0x000000c4, 0x000000c5,
  0x00000003, 0x0004003b, 0x0000005e, 0x000000c9, 0x00000001, 0x0004003b, 0x000000e0, 0x000000e1,
  0x00000001, 0x0004003b, 0x00000028, 0x000000f0, 0x00000000, 0x0004003b, 0x00000028, 0x00000107,
  0x00000000, 0x0004003b, 0x000000e0, 0x00000112, 0x00000001, 0x0004003b, 0x00000028, 0x000001a2,
  0x00000000, 0x0004003b, 0x00000028, 0x000001b1, 0x00000000, 0x0004003b, 0x00000028, 0x000001bd,
  0x00000000, 0x0004003b, 0x000001c4, 0x000001c5, 0x00000009, 0x0004003b, 0x00000028, 0x0000022b,
  0x00000000, 0x00040015, 0x000003c8, 0x00000020, 0x00000000, 0x0004002b, 0x000003c8, 0x000003c9,
  0x00000000, 0x00040020, 0x000003cc, 0x00000007, 0x0000002a, 0x0006002c, 0x00000009, 0x0000071e,
  0x00000080, 0x00000080, 0x00000080, 0x0006002c, 0x00000009, 0x0000071f, 0x0000008d, 0x0000008d,
  0x0000008d, 0x0006002c, 0x00000009, 0x00000720, 0x00000093, 0x00000093, 0x00000093, 0x0006002c,
  0x00000009, 0x00000721, 0x00000097, 0x00000097, 0x00000097, 0x0006002c, 0x00000009, 0x00000722,
  0x000000b6, 0x000000b6, 0x000000b6, 0x0005002c, 0x00000010, 0x00000723, 0x00000050, 0x00000050,
  0x0005002c, 0x00000010, 0x00000724, 0x0000003f, 0x0000003f, 0x0006002c, 0x00000009, 0x00000726,
  0x00000050, 0x00000050, 0x00000050, 0x0003002e, 0x00000009, 0x00000727, 0x0004002b, 0x00000008,
  0x00000728, 0x3e22f983, 0x0004002b, 0x00000008, 0x00000729, 0x3ea2f983, 0x0004002b, 0x00000008,
  0x0000072a, 0xbf000000, 0x0006002c, 0x00000009, 0x0000072b, 0x00000729, 0x00000729, 0x00000729,
  0x00050036, 0x00000001, 0x00000002, 0x00000000, 0x00000003, 0x000200f8, 0x00000004, 0x0004003b,
  0x0000015c, 0x0000071a, 0x00000007, 0x0004003b, 0x0000000a, 0x00000719, 0x00000007, 0x0004003b,
  0x0000000a, 0x00000718, 0x00000007, 0x0004003b, 0x0000015c, 0x00000713, 0x00000007, 0x0004003b,
  0x0000000a, 0x00000712, 0x00000007, 0x0004003b, 0x0000000a, 0x00000711, 0x00000007, 0x0004003b,
  0x0000000a, 0x0000070f, 0x00000007, 0x0004003b, 0x000000fe, 0x0000070e, 0x00000007, 0x0004003b,
  0x0000000a, 0x0000070d, 0x00000007, 0x0004003b, 0x000000fe, 0x0000070c, 0x00000007, 0x0004003b,
  0x000000fe, 0x0000070b, 0x00000007, 0x0004003b, 0x0000000a, 0x0000070a, 0x00000007, 0x0004003b,
  0x000003cc, 0x000006cc, 0x00000007, 0x0004003b, 0x0000000a, 0x000006cd, 0x00000007, 0x0004003b,
  0x0000000a, 0x000006c0, 0x00000007, 0x0004003b, 0x0000000a, 0x000006b5, 0x00000007, 0x0004003b,
  0x0000000a, 0x00000676, 0x00000007, 0x0004003b, 0x0000000a, 0x00000663, 0x00000007, 0x0004003b,
  0x0000000a, 0x00000641, 0x00000007, 0x0004003b, 0x0000000a, 0x00000636, 0x00000007, 0x0004003b,
  0x0000000a, 0x000005db, 0x00000007, 0x0004003b, 0x0000000a, 0x000005d0, 0x00000007, 0x0004003b,
  0x0000000a, 0x000005c5, 0x00000007, 0x0004003b, 0x0000000a, 0x000005ba, 0x00000007, 0x0004003b,
  0x0000000a, 0x00000583, 0x00000007, 0x0004003b, 0x00000006, 0x00000584, 0x00000007, 0x0004003b,
  0x000000fe, 0x00000511, 0x00000007, 0x0004003b, 0x00000006, 0x00000512, 0x00000007, 0x0004003b,
  0x0000000a, 0x00000505, 0x00000007, 0x0004003b, 0x0000000a, 0x000004f2, 0x00000007, 0x0004003b,
  0x0000000a, 0x000004e7, 0x00000007, 0x0004003b, 0x0000000a, 0x000004d4, 0x00000007, 0x0004003b,
  0x0000000a, 0x000004a9, 0x00000007, 0x0004003b, 0x0000000a, 0x00000496, 0x00000007, 0x0004003b,
  0x0000000a, 0x0000048b, 0x00000007, 0x0004003b, 0x0000000a, 0x00000478, 0x00000007, 0x0004003b,
  0x0000000a, 0x0000046d, 0x00000007, 0x0004003b, 0x0000000a, 0x00000462, 0x00000007, 0x0004003b,
  0x0000000a, 0x00000457, 0x00000007, 0x0004003b, 0x0000000a, 0x0000044c, 0x00000007, 0x0004003b,
  0x0000000a, 0x00000430, 0x00000007, 0x0004003b, 0x0000000a, 0x00000425, 0x00000007, 0x0004003b,
  0x0000000a, 0x0000041a, 0x00000007, 0x0004003b, 0x000003cc, 0x000003dc, 0x00000007, 0x0004003b,
  0x0000000a, 0x000003dd, 0x00000007, 0x0004003b, 0x00000006, 0x00000007, 0x00000007, 0x0004003b,
  0x0000000a, 0x00000014, 0x00000007, 0x0004003b, 0x0000000a, 0x00000015, 0x00000007, 0x000300f7,
  0x000003c6, 0x00000000, 0x000300fb, 0x000003c9, 0x000003c7, 0x000200f8, 0x000003c7, 0x0004003d,
  0x00000010, 0x00000022, 0x00000024, 0x0004003d, 0x00000026, 0x00000027, 0x00000029, 0x00060057,
  0x0000002a, 0x0000002b, 0x00000027, 0x00000022, 0x00000000, 0x00050041, 0x00000033, 0x00000034,
  0x00000030, 0x00000032, 0x0004003d, 0x0000002a, 0x00000035, 0x00000034, 0x00050051, 0x00000008,
  0x00000036, 0x00000035, 0x00000002, 0x000500ba, 0x00000005, 0x00000037, 0x00000036, 0x00000038,
  0x000300f7, 0x00000018, 0x00000000, 0x000400fa, 0x00000037, 0x00000016, 0x00000017, 0x000200f8,
  0x00000016, 0x00050051, 0x00000008, 0x0000003a, 0x0000002b, 0x00000003, 0x0004003d, 0x0000002a,
  0x0000003b, 0x00000034, 0x00050051, 0x00000008, 0x0000003c, 0x0000003b, 0x00000002, 0x0008000c,
  0x00000008, 0x0000003d, 0x0000003e, 0x0000002b, 0x0000003c, 0x00000038, 0x0000003f, 0x0008000c,
  0x00000008, 0x00000040, 0x0000003e, 0x0000002b, 0x0000003a, 0x00000038, 0x0000003f, 0x0007000c,
  0x00000008, 0x00000041, 0x0000003e, 0x00000030, 0x0000003d, 0x00000040, 0x000500b4, 0x00000005,
  0x00000042, 0x00000041, 0x00000038, 0x0003003e, 0x00000007, 0x00000042, 0x000200f9, 0x00000018,
  0x000200f8, 0x00000017, 0x0003003e, 0x00000007, 0x00000045, 0x000200f9, 0x00000018, 0x000200f8,
  0x00000018, 0x0004003d, 0x00000005, 0x00000048, 0x00000007, 0x000300f7, 0x0000001a, 0x00000000,
  0x000400fa, 0x00000048, 0x00000019, 0x0000001a, 0x000200f8, 0x00000019, 0x000100fc, 0x000200f8,
  0x0000001a, 0x00050041, 0x00000033, 0x0000004c, 0x00000030, 0x0000004b, 0x0004003d, 0x0000002a,
  0x0000004d, 0x0000004c, 0x00050051, 0x00000008, 0x0000004e, 0x0000004d, 0x00000003, 0x000500ba,
  0x00000005, 0x0000004f, 0x0000004e, 0x00000050, 0x000300f7, 0x0000001c, 0x00000000, 0x000400fa,
  0x0000004f, 0x0000001b, 0x0000001c, 0x000200f8, 0x0000001b, 0x0004003d, 0x00000010, 0x00000052,
  0x00000024, 0x0004003d, 0x00000026, 0x00000053, 0x00000054, 0x00060057, 0x0000002a, 0x00000055,
  0x00000053, 0x00000052, 0x00000000, 0x0008004f, 0x00000009, 0x00000057, 0x00000055, 0x00000055,
  0x00000000, 0x00000001, 0x00000002, 0x00050041, 0x00000033, 0x00000059, 0x00000030, 0x00000058,
  0x0004003d, 0x0000002a, 0x0000005a, 0x00000059, 0x0008004f, 0x00000009, 0x0000005b, 0x0000005a,
  0x0000005a, 0x00000000, 0x00000001, 0x00000002, 0x00050085, 0x00000009, 0x0000005c, 0x00000057,
  0x0000005b, 0x0004003d, 0x00000009, 0x0000005d, 0x0000005f, 0x000300f7, 0x000003fc, 0x00000000,
  0x000300fb, 0x000003c9, 0x000003e0, 0x000200f8, 0x000003e0, 0x00050041, 0x00000033, 0x000003e1,
  0x00000030, 0x0000006c, 0x0004003d, 0x0000002a, 0x000003e2, 0x000003e1, 0x00050051, 0x00000008,
  0x000003e3, 0x000003e2, 0x00000003, 0x000500ba, 0x00000005, 0x000003e4, 0x000003e3, 0x00000050,
  0x000300f7, 0x000003f0, 0x00000000, 0x000400fa, 0x000003e4, 0x000003e5, 0x000003f0, 0x000200f8,
  0x000003e5, 0x0008000c, 0x00000009, 0x000003e8, 0x0000003e, 0x0000002b, 0x0000005c, 0x00000089,
  0x0000071e, 0x00050041, 0x00000033, 0x000003e9, 0x00000030, 0x00000075, 0x0004003d, 0x0000002a,
  0x000003ea, 0x000003e9, 0x0008004f, 0x00000009, 0x000003eb, 0x000003ea, 0x000003ea, 0x00000000,
  0x00000001, 0x00000002, 0x00050083, 0x00000009, 0x000003ec, 0x0000005d, 0x000003eb, 0x0006000c,
  0x00000008, 0x000003ed, 0x0000003e, 0x00000042, 0x000003ec, 0x0007000c, 0x00000008, 0x000003ee,
  0x0000003e, 0x00000025, 0x00000080, 0x000003ed, 0x00050050, 0x0000002a, 0x000003ef, 0x000003e8,
  0x000003ee, 0x0003003e, 0x000003dc, 0x000003ef, 0x000200f9, 0x000003fc, 0x000200f8, 0x000003f0,
  0x0007000c, 0x00000009, 0x00000400, 0x0000003e, 0x00000028, 0x0000005c, 0x00000089, 0x0005008e,
  0x00000009, 0x00000401, 0x00000400, 0x0000008b, 0x00050081, 0x00000009, 0x00000403, 0x00000401,
  0x0000071f, 0x00050085, 0x00000009, 0x00000404, 0x00000400, 0x00000403, 0x0005008e, 0x00000009,
  0x00000405, 0x00000400, 0x00000091, 0x00050081, 0x00000009, 0x00000407, 0x00000405, 0x00000720,
  0x00050085, 0x00000009, 0x00000408, 0x00000400, 0x00000407, 0x00050081, 0x00000009, 0x0000040a,
  0x00000408, 0x00000721, 0x00050088, 0x00000009, 0x0000040b, 0x00000404, 0x0000040a, 0x0008000c,
  0x00000009, 0x0000040f, 0x0000003e, 0x0000002b, 0x0000040b, 0x0000009f, 0x000000a0, 0x00050041,
  0x00000033, 0x000003f2, 0x00000030, 0x00000075, 0x0004003d, 0x0000002a, 0x000003f3, 0x000003f2,
  0x00050051, 0x00000008, 0x000003f4, 0x000003f3, 0x00000003, 0x000500ba, 0x00000005, 0x000003f5,
  0x000003f4, 0x00000050, 0x000300f7, 0x000003f9, 0x00000000, 0x000400fa, 0x000003f5, 0x000003f6,
  0x000003f8, 0x000200f8, 0x000003f6, 0x0007000c, 0x00000009, 0x00000412, 0x0000003e, 0x00000028,
  0x0000040f, 0x000000ad, 0x0005008e, 0x00000009, 0x00000413, 0x00000412, 0x000000af, 0x0007000c,
  0x00000009, 0x00000414, 0x0000003e, 0x0000001a, 0x00000412, 0x000000b1, 0x0005008e, 0x00000009,
  0x00000415, 0x00000414, 0x000000b4, 0x00050083, 0x00000009, 0x00000417, 0x00000415, 0x00000722,
  0x0007000c, 0x00000009, 0x00000418, 0x0000003e, 0x00000030, 0x000000b9, 0x00000412, 0x0008000c,
  0x00000009, 0x00000419, 0x0000003e, 0x0000002e, 0x00000413, 0x00000417, 0x00000418, 0x0003003e,
  0x000003dd, 0x00000419, 0x000200f9, 0x000003f9, 0x000200f8, 0x000003f8, 0x0003003e, 0x000003dd,
  0x0000040f, 0x000200f9, 0x000003f9, 0x000200f8, 0x000003f9, 0x0004003d, 0x00000009, 0x000003fa,
  0x000003dd, 0x00050050, 0x0000002a, 0x000003fb, 0x000003fa, 0x0000003f, 0x0003003e, 0x000003dc,
  0x000003fb, 0x000200f9, 0x000003fc, 0x000200f8, 0x000003fc, 0x0004003d, 0x0000002a, 0x000003fd,
  0x000003dc, 0x0003003e, 0x000000c5, 0x000003fd, 0x000200f9, 0x000003c6, 0x000200f8, 0x0000001c,
  0x0004003d, 0x00000009, 0x000000c8, 0x000000c9, 0x00050094, 0x00000008, 0x0000041d, 0x000000c8,
  0x000000c8, 0x000500ba, 0x00000005, 0x0000041e, 0x0000041d, 0x000000d4, 0x000300f7, 0x00000423,
  0x00000000, 0x000400fa, 0x0000041e, 0x0000041f, 0x00000422, 0x000200f8, 0x0000041f, 0x0006000c,
  0x00000008, 0x00000420, 0x0000003e, 0x00000020, 0x0000041d, 0x0005008e, 0x00000009, 0x00000421,
  0x000000c8, 0x00000420, 0x0003003e, 0x0000041a, 0x00000421, 0x000200f9, 0x00000423, 0x000200f8,
  0x00000422, 0x0003003e, 0x0000041a, 0x000000da, 0x000200f9, 0x00000423, 0x000200f8, 0x00000423,
  0x0004003d, 0x00000009, 0x00000424, 0x0000041a, 0x0004003d, 0x0000002a, 0x000000df, 0x000000e1,
  0x0008004f, 0x00000009, 0x000000e2, 0x000000df, 0x000000df, 0x00000000, 0x00000001, 0x00000002,
  0x0004003d, 0x0000002a, 0x000000e3, 0x000000e1, 0x0008004f, 0x00000009, 0x000000e4, 0x000000e3,
  0x000000e3, 0x00000000, 0x00000001, 0x00000002, 0x00050094, 0x00000008, 0x000000e5, 0x00000424,
  0x000000e4, 0x0005008e, 0x00000009, 0x000000e6, 0x00000424, 0x000000e5, 0x00050083, 0x00000009,
  0x000000e7, 0x000000e2, 0x000000e6, 0x00050094, 0x00000008, 0x00000428, 0x000000e7, 0x000000e7,
  0x000500ba, 0x00000005, 0x00000429, 0x00000428, 0x000000d4, 0x000300f7, 0x0000042e, 0x00000000,
  0x000400fa, 0x00000429, 0x0000042a, 0x0000042d, 0x000200f8, 0x0000042a, 0x0006000c, 0x00000008,
  0x0000042b, 0x0000003e, 0x00000020, 0x00000428, 0x0005008e, 0x00000009, 0x0000042c, 0x000000e7,
  0x0000042b, 0x0003003e, 0x00000425, 0x0000042c, 0x000200f9, 0x0000042e, 0x000200f8, 0x0000042d,
  0x0003003e, 0x00000425, 0x000000da, 0x000200f9, 0x0000042e, 0x000200f8, 0x0000042e, 0x0004003d,
  0x00000009, 0x0000042f, 0x00000425, 0x0007000c, 0x00000009, 0x000000e9, 0x0000003e, 0x00000044,
  0x00000424, 0x0000042f, 0x00050094, 0x00000008, 0x00000433, 0x000000e9, 0x000000e9, 0x000500ba,
  0x00000005, 0x00000434, 0x00000433, 0x000000d4, 0x000300f7, 0x00000439, 0x00000000, 0x000400fa,
  0x00000434, 0x00000435, 0x00000438, 0x000200f8, 0x00000435, 0x0006000c, 0x00000008, 0x00000436,
  0x0000003e, 0x00000020, 0x00000433, 0x0005008e, 0x00000009, 0x00000437, 0x000000e9, 0x00000436,
  0x0003003e, 0x00000430, 0x00000437, 0x000200f9, 0x00000439, 0x000200f8, 0x00000438, 0x0003003e,
  0x00000430, 0x000000da, 0x000200f9, 0x00000439, 0x000200f8, 0x00000439, 0x0004003d, 0x00000009,
  0x0000043a, 0x00000430, 0x0004003d, 0x0000002a, 0x000000eb, 0x000000e1, 0x00050051, 0x00000008,
  0x000000ec, 0x000000eb, 0x00000003, 0x0005008e, 0x00000009, 0x000000ed, 0x0000043a, 0x000000ec,
  0x0004003d, 0x00000010, 0x000000ee, 0x00000024, 0x0004003d, 0x00000026, 0x000000ef, 0x000000f0,
  0x00060057, 0x0000002a, 0x000000f1, 0x000000ef, 0x000000ee, 0x00000000, 0x0008004f, 0x00000009,
  0x000000f3, 0x000000f1, 0x000000f1, 0x00000000, 0x00000001, 0x00000002, 0x0007004f, 0x00000010,
  0x000000f5, 0x000000f1, 0x00000727, 0x00000000, 0x00000001, 0x00050083, 0x00000010, 0x000000f7,
  0x000000f5, 0x00000723, 0x00050041, 0x00000033, 0x000000f8, 0x00000030, 0x0000006c, 0x0004003d,
  0x0000002a, 0x000000f9, 0x000000f8, 0x00050051, 0x00000008, 0x000000fa, 0x000000f9, 0x00000002,
  0x0005008e, 0x00000010, 0x000000fb, 0x000000f7, 0x000000fa, 0x00050081, 0x00000010, 0x000000fd,
  0x000000fb, 0x00000723, 0x00050051, 0x00000008, 0x00000100, 0x000000fd, 0x00000000, 0x00060052,
  0x00000009, 0x0000072d, 0x00000100, 0x000000f3, 0x00000000, 0x00050051, 0x00000008, 0x00000103,
  0x000000fd, 0x00000001, 0x00060052, 0x00000009, 0x0000072f, 0x00000103, 0x0000072d, 0x00000001,
  0x0004003d, 0x00000010, 0x00000105, 0x00000024, 0x0004003d, 0x00000026, 0x00000106, 0x00000107,
  0x00060057, 0x0000002a, 0x00000108, 0x00000106, 0x00000105, 0x00000000, 0x0008004f, 0x00000009,
  0x0000010c, 0x0000002b, 0x0000002b, 0x00000000, 0x00000001, 0x00000002, 0x00050041, 0x00000033,
  0x0000010d, 0x00000030, 0x00000102, 0x0004003d, 0x0000002a, 0x0000010e, 0x0000010d, 0x0008004f,
  0x00000009, 0x0000010f, 0x0000010e, 0x0000010e, 0x00000000, 0x00000001, 0x00000002, 0x00050085,
  0x00000009, 0x00000110, 0x0000010c, 0x0000010f, 0x0004003d, 0x0000002a, 0x00000111, 0x00000112,
  0x0008004f, 0x00000009, 0x00000113, 0x00000111, 0x00000111, 0x00000000, 0x00000001, 0x00000002,
  0x00050085, 0x00000009, 0x00000114, 0x00000110, 0x00000113, 0x0003003e, 0x0000070a, 0x00000114,
  0x0005008e, 0x00000009, 0x0000043d, 0x0000072f, 0x00000121, 0x00050083, 0x00000009, 0x0000043f,
  0x0000043d, 0x000000a0, 0x00050094, 0x00000008, 0x0000044f, 0x0000042f, 0x0000042f, 0x000500ba,
  0x00000005, 0x00000450, 0x0000044f, 0x000000d4, 0x000300f7, 0x00000455, 0x00000000, 0x000400fa,
  0x00000450, 0x00000451, 0x00000454, 0x000200f8, 0x00000451, 0x0006000c, 0x00000008, 0x00000452,
  0x0000003e, 0x00000020, 0x0000044f, 0x0005008e, 0x00000009, 0x00000453, 0x0000042f, 0x00000452,
  0x0003003e, 0x0000044c, 0x00000453, 0x000200f9, 0x00000455, 0x000200f8, 0x00000454, 0x0003003e,
  0x0000044c, 0x000000da, 0x000200f9, 0x00000455, 0x000200f8, 0x00000455, 0x0004003d, 0x00000009,
  0x00000456, 0x0000044c, 0x00050094, 0x00000008, 0x0000045a, 0x000000ed, 0x000000ed, 0x000500ba,
  0x00000005, 0x0000045b, 0x0000045a, 0x000000d4, 0x000300f7, 0x00000460, 0x00000000, 0x000400fa,
  0x0000045b, 0x0000045c, 0x0000045f, 0x000200f8, 0x0000045c, 0x0006000c, 0x00000008, 0x0000045d,
  0x0000003e, 0x00000020, 0x0000045a, 0x0005008e, 0x00000009, 0x0000045e, 0x000000ed, 0x0000045d,
  0x0003003e, 0x00000457, 0x0000045e, 0x000200f9, 0x00000460, 0x000200f8, 0x0000045f, 0x0003003e,
  0x00000457, 0x000000da, 0x000200f9, 0x00000460, 0x000200f8, 0x00000460, 0x0004003d, 0x00000009,
  0x00000461, 0x00000457, 0x00050094, 0x00000008, 0x00000465, 0x00000424, 0x00000424, 0x000500ba,
  0x00000005, 0x00000466, 0x00000465, 0x000000d4, 0x000300f7, 0x0000046b, 0x00000000, 0x000400fa,
  0x00000466, 0x00000467, 0x0000046a, 0x000200f8, 0x00000467, 0x0006000c, 0x00000008, 0x00000468,
  0x0000003e, 0x00000020, 0x00000465, 0x0005008e, 0x00000009, 0x00000469, 0x00000424, 0x00000468,
  0x0003003e, 0x00000462, 0x00000469, 0x000200f9, 0x0000046b, 0x000200f8, 0x0000046a, 0x0003003e,
  0x00000462, 0x000000da, 0x000200f9, 0x0000046b, 0x000200f8, 0x0000046b, 0x0004003d, 0x00000009,
  0x0000046c, 0x00000462, 0x00050051, 0x00000008, 0x00000443, 0x0000043f, 0x00000000, 0x0005008e,
  0x00000009, 0x00000444, 0x00000456, 0x00000443, 0x00050051, 0x00000008, 0x00000445, 0x0000043f,
  0x00000001, 0x0005008e, 0x00000009, 0x00000446, 0x00000461, 0x00000445, 0x00050081, 0x00000009,
  0x00000447, 0x00000444, 0x00000446, 0x00050051, 0x00000008, 0x00000448, 0x0000043f, 0x00000002,
  0x0005008e, 0x00000009, 0x00000449, 0x0000046c, 0x00000448, 0x00050081, 0x00000009, 0x0000044a,
  0x00000447, 0x00000449, 0x00050094, 0x00000008, 0x00000470, 0x0000044a, 0x0000044a, 0x000500ba,
  0x00000005, 0x00000471, 0x00000470, 0x000000d4, 0x000300f7, 0x00000476, 0x00000000, 0x000400fa,
  0x00000471, 0x00000472, 0x00000475, 0x000200f8, 0x00000472, 0x0006000c, 0x00000008, 0x00000473,
  0x0000003e, 0x00000020, 0x00000470, 0x0005008e, 0x00000009, 0x00000474, 0x0000044a, 0x00000473,
  0x0003003e, 0x0000046d, 0x00000474, 0x000200f9, 0x00000476, 0x000200f8, 0x00000475, 0x0003003e,
  0x0000046d, 0x000000da, 0x000200f9, 0x00000476, 0x000200f8, 0x00000476, 0x0004003d, 0x00000009,
  0x00000477, 0x0000046d, 0x0003003e, 0x0000070d, 0x00000477, 0x00050051, 0x00000008, 0x00000133,
  0x00000108, 0x00000002, 0x0004003d, 0x0000002a, 0x00000134, 0x000000f8, 0x00050051, 0x00000008,
  0x00000135, 0x00000134, 0x00000000, 0x00050085, 0x00000008, 0x00000136, 0x00000133, 0x00000135,
  0x0008000c, 0x00000008, 0x00000137, 0x0000003e, 0x0000002b, 0x00000136, 0x00000038, 0x0000003f,
  0x0003003e, 0x0000070b, 0x00000137, 0x00050051, 0x00000008, 0x0000013a, 0x00000108, 0x00000001,
  0x00050041, 0x00000033, 0x0000013b, 0x00000030, 0x00000058, 0x0004003d, 0x0000002a, 0x0000013c,
  0x0000013b, 0x00050051, 0x00000008, 0x0000013d, 0x0000013c, 0x00000003, 0x00050085, 0x00000008,
  0x0000013e, 0x0000013a, 0x0000013d, 0x0008000c, 0x00000008, 0x0000013f, 0x0000003e, 0x0000002b,
  0x0000013e, 0x00000038, 0x0000003f, 0x0003003e, 0x0000070c, 0x0000013f, 0x00050051, 0x00000008,
  0x00000143, 0x00000108, 0x00000000, 0x0004003d, 0x0000002a, 0x00000144, 0x000000f8, 0x00050051,
  0x00000008, 0x00000145, 0x00000144, 0x00000001, 0x00050085, 0x00000008, 0x00000146, 0x00000143,
  0x00000145, 0x0008000c, 0x00000008, 0x00000147, 0x0000003e, 0x0000002b, 0x00000146, 0x00000038,
  0x0000003f, 0x0003003e, 0x0000070e, 0x00000147, 0x0004003d, 0x00000010, 0x0000014b, 0x00000024,
  0x0004003d, 0x00000026, 0x0000014c, 0x00000054, 0x00060057, 0x0000002a, 0x0000014d, 0x0000014c,
  0x0000014b, 0x00000000, 0x0008004f, 0x00000009, 0x0000014f, 0x0000014d, 0x0000014d, 0x00000000,
  0x00000001, 0x00000002, 0x0004003d, 0x0000002a, 0x00000150, 0x0000013b, 0x0008004f, 0x00000009,
  0x00000151, 0x00000150, 0x00000150, 0x00000000, 0x00000001, 0x00000002, 0x00050085, 0x00000009,
  0x00000152, 0x0000014f, 0x00000151, 0x0003003e, 0x0000070f, 0x00000152, 0x0003003e, 0x00000711,
  0x00000158, 0x0003003e, 0x00000712, 0x00000158, 0x0003003e, 0x00000713, 0x0000015e, 0x00050041,
  0x00000033, 0x00000160, 0x00000030, 0x00000075, 0x0004003d, 0x0000002a, 0x00000161, 0x00000160,
  0x0008004f, 0x00000009, 0x00000162, 0x00000161, 0x00000161, 0x00000000, 0x00000001, 0x00000002,
  0x0004003d, 0x00000009, 0x00000163, 0x0000005f, 0x00050083, 0x00000009, 0x00000164, 0x00000162,
  0x00000163, 0x00050051, 0x00000008, 0x0000047b, 0x00000164, 0x00000000, 0x0006000c, 0x00000008,
  0x0000047c, 0x0000003e, 0x00000004, 0x0000047b, 0x00050051, 0x00000008, 0x0000047d, 0x00000164,
  0x00000001, 0x0006000c, 0x00000008, 0x0000047e, 0x0000003e, 0x00000004, 0x0000047d, 0x0007000c,
  0x00000008, 0x0000047f, 0x0000003e, 0x00000028, 0x0000047c, 0x0000047e, 0x00050051, 0x00000008,
  0x00000480, 0x00000164, 0x00000002, 0x0006000c, 0x00000008, 0x00000481, 0x0000003e, 0x00000004,
  0x00000480, 0x0007000c, 0x00000008, 0x00000482, 0x0000003e, 0x00000028, 0x0000047f, 0x00000481,
  0x000500ba, 0x00000005, 0x00000483, 0x00000482, 0x00000038, 0x000300f7, 0x00000489, 0x00000000,
  0x000400fa, 0x00000483, 0x00000484, 0x00000488, 0x000200f8, 0x00000484, 0x00060050, 0x00000009,
  0x00000485, 0x00000482, 0x00000482, 0x00000482, 0x00050088, 0x00000009, 0x00000486, 0x00000164,
  0x00000485, 0x00050094, 0x00000008, 0x0000048e, 0x00000486, 0x00000486, 0x000500ba, 0x00000005,
  0x0000048f, 0x0000048e, 0x000000d4, 0x000300f7, 0x00000494, 0x00000000, 0x000400fa, 0x0000048f,
  0x00000490, 0x00000493, 0x000200f8, 0x00000490, 0x0006000c, 0x00000008, 0x00000491, 0x0000003e,
  0x00000020, 0x0000048e, 0x0005008e, 0x00000009, 0x00000492, 0x00000486, 0x00000491, 0x0003003e,
  0x0000048b, 0x00000492, 0x000200f9, 0x00000494, 0x000200f8, 0x00000493, 0x0003003e, 0x0000048b,
  0x000000da, 0x000200f9, 0x00000494, 0x000200f8, 0x00000494, 0x0004003d, 0x00000009, 0x00000495,
  0x0000048b, 0x0003003e, 0x00000478, 0x00000495, 0x000200f9, 0x00000489, 0x000200f8, 0x00000488,
  0x0003003e, 0x00000478, 0x0000017c, 0x000200f9, 0x00000489, 0x000200f8, 0x00000489, 0x0004003d,
  0x00000009, 0x0000048a, 0x00000478, 0x00050041, 0x00000033, 0x00000181, 0x00000030, 0x00000141,
  0x0004003d, 0x0000002a, 0x00000182, 0x00000181, 0x00050051, 0x00000008, 0x00000183, 0x00000182,
  0x00000000, 0x000500ba, 0x00000005, 0x00000184, 0x00000183, 0x00000038, 0x000300f7, 0x0000001e,
  0x00000000, 0x000400fa, 0x00000184, 0x0000001d, 0x0000001e, 0x000200f8, 0x0000001d, 0x0004003d,
  0x00000009, 0x00000186, 0x0000070d, 0x00050051, 0x00000008, 0x00000499, 0x00000186, 0x00000000,
  0x0006000c, 0x00000008, 0x0000049a, 0x0000003e, 0x00000004, 0x00000499, 0x00050051, 0x00000008,
  0x0000049b, 0x00000186, 0x00000001, 0x0006000c, 0x00000008, 0x0000049c, 0x0000003e, 0x00000004,
  0x0000049b, 0x0007000c, 0x00000008, 0x0000049d, 0x0000003e, 0x00000028, 0x0000049a, 0x0000049c,
  0x00050051, 0x00000008, 0x0000049e, 0x00000186, 0x00000002, 0x0006000c, 0x00000008, 0x0000049f,
  0x0000003e, 0x00000004, 0x0000049e, 0x0007000c, 0x00000008, 0x000004a0, 0x0000003e, 0x00000028,
  0x0000049d, 0x0000049f, 0x000500ba, 0x00000005, 0x000004a1, 0x000004a0, 0x00000038, 0x000300f7,
  0x000004a7, 0x00000000, 0x000400fa, 0x000004a1, 0x000004a2, 0x000004a6, 0x000200f8, 0x000004a2,
  0x00060050, 0x00000009, 0x000004a3, 0x000004a0, 0x000004a0, 0x000004a0, 0x00050088, 0x00000009,
  0x000004a4, 0x00000186, 0x000004a3, 0x00050094, 0x00000008, 0x000004ac, 0x000004a4, 0x000004a4,
  0x000500ba, 0x00000005, 0x000004ad, 0x000004ac, 0x000000d4, 0x000300f7, 0x000004b2, 0x00000000,
  0x000400fa, 0x000004ad, 0x000004ae, 0x000004b1, 0x000200f8, 0x000004ae, 0x0006000c, 0x00000008,
  0x000004af, 0x0000003e, 0x00000020, 0x000004ac, 0x0005008e, 0x00000009, 0x000004b0, 0x000004a4,
  0x000004af, 0x0003003e, 0x000004a9, 0x000004b0, 0x000200f9, 0x000004b2, 0x000200f8, 0x000004b1,
  0x0003003e, 0x000004a9, 0x000000da, 0x000200f9, 0x000004b2, 0x000200f8, 0x000004b2, 0x0004003d,
  0x00000009, 0x000004b3, 0x000004a9, 0x0003003e, 0x00000496, 0x000004b3, 0x000200f9, 0x000004a7,
  0x000200f8, 0x000004a6, 0x0003003e, 0x00000496, 0x0000017c, 0x000200f9, 0x000004a7, 0x000200f8,
  0x000004a7, 0x0004003d, 0x00000009, 0x000004a8, 0x00000496, 0x0004003d, 0x00000008, 0x00000188,
  0x0000070c, 0x0008000c, 0x00000008, 0x00000189, 0x0000003e, 0x0000002b, 0x00000188, 0x00000038,
  0x0000003f, 0x00050051, 0x00000008, 0x000004b6, 0x000004a8, 0x00000002, 0x00050051, 0x00000008,
  0x000004b7, 0x000004a8, 0x00000000, 0x0007000c, 0x00000008, 0x000004b8, 0x0000003e, 0x00000019,
  0x000004b6, 0x000004b7, 0x00050041, 0x00000033, 0x000004b9, 0x00000030, 0x00000141, 0x0004003d,
  0x0000002a, 0x000004ba, 0x000004b9, 0x00050051, 0x00000008, 0x000004bb, 0x000004ba, 0x00000001,
  0x00050081, 0x00000008, 0x000004bc, 0x000004b8, 0x000004bb, 0x00050085, 0x00000008, 0x000004bd,
  0x000004bc, 0x00000728, 0x00050081, 0x00000008, 0x000004be, 0x000004bd, 0x00000050, 0x00050051,
  0x00000008, 0x000004bf, 0x000004a8, 0x00000001, 0x0008000c, 0x00000008, 0x000004c0, 0x0000003e,
  0x0000002b, 0x000004bf, 0x0000019b, 0x0000003f, 0x0006000c, 0x00000008, 0x000004c1, 0x0000003e,
  0x00000011, 0x000004c0, 0x00050085, 0x00000008, 0x000004c2, 0x000004c1, 0x00000729, 0x00050050,
  0x00000010, 0x000004c3, 0x000004be, 0x000004c2, 0x0004003d, 0x00000026, 0x000001a1, 0x000001a2,
  0x00070058, 0x0000002a, 0x000001a3, 0x000001a1, 0x000004c3, 0x00000002, 0x00000038, 0x0008004f,
  0x00000009, 0x000001a5, 0x000001a3, 0x000001a3, 0x00000000, 0x00000001, 0x00000002, 0x0004003d,
  0x0000002a, 0x000001a6, 0x00000181, 0x00050051, 0x00000008, 0x000001a7, 0x000001a6, 0x00000000,
  0x0005008e, 0x00000009, 0x000001a8, 0x000001a5, 0x000001a7, 0x0003003e, 0x00000711, 0x000001a8,
  0x0004007f, 0x00000009, 0x000001aa, 0x0000048a, 0x0007000c, 0x00000009, 0x000001ab, 0x0000003e,
  0x00000047, 0x000001aa, 0x000004a8, 0x00050051, 0x00000008, 0x000004c6, 0x000001ab, 0x00000002,
  0x00050051, 0x00000008, 0x000004c7, 0x000001ab, 0x00000000, 0x0007000c, 0x00000008, 0x000004c8,
  0x0000003e, 0x00000019, 0x000004c6, 0x000004c7, 0x00050041, 0x00000033, 0x000004c9, 0x00000030,
  0x00000141, 0x0004003d, 0x0000002a, 0x000004ca, 0x000004c9, 0x00050051, 0x00000008, 0x000004cb,
  0x000004ca, 0x00000001, 0x00050081, 0x00000008, 0x000004cc, 0x000004c8, 0x000004cb, 0x00050085,
  0x00000008, 0x000004cd, 0x000004cc, 0x00000728, 0x00050081, 0x00000008, 0x000004ce, 0x000004cd,
  0x00000050, 0x00050051, 0x00000008, 0x000004cf, 0x000001ab, 0x00000001, 0x0008000c, 0x00000008,
  0x000004d0, 0x0000003e, 0x0000002b, 0x000004cf, 0x0000019b, 0x0000003f, 0x0006000c, 0x00000008,
  0x000004d1, 0x0000003e, 0x00000011, 0x000004d0, 0x00050085, 0x00000008, 0x000004d2, 0x000004d1,
  0x00000729, 0x00050050, 0x00000010, 0x000004d3, 0x000004ce, 0x000004d2, 0x0004003d, 0x0000002a,
  0x000001ad, 0x00000181, 0x00050051, 0x00000008, 0x000001ae, 0x000001ad, 0x00000002, 0x00050085,
  0x00000008, 0x000001af, 0x00000189, 0x000001ae, 0x0004003d, 0x00000026, 0x000001b0, 0x000001b1,
  0x00070058, 0x0000002a, 0x000001b2, 0x000001b0, 0x000004d3, 0x00000002, 0x000001af, 0x0008004f,
  0x00000009, 0x000001b4, 0x000001b2, 0x000001b2, 0x00000000, 0x00000001, 0x00000002, 0x0004003d,
  0x0000002a, 0x000001b5, 0x00000181, 0x00050051, 0x00000008, 0x000001b6, 0x000001b5, 0x00000000,
  0x0005008e, 0x00000009, 0x000001b7, 0x000001b4, 0x000001b6, 0x0003003e, 0x00000712, 0x000001b7,
  0x00050094, 0x00000008, 0x000001b9, 0x000004a8, 0x0000048a, 0x0008000c, 0x00000008, 0x000001ba,
  0x0000003e, 0x0000002b, 0x000001b9, 0x00000038, 0x0000003f, 0x00050050, 0x00000010, 0x000001bb,
  0x000001ba, 0x00000189, 0x0004003d, 0x00000026, 0x000001bc, 0x000001bd, 0x00070058, 0x0000002a,
  0x000001be, 0x000001bc, 0x000001bb, 0x00000002, 0x00000038, 0x0007004f, 0x00000010, 0x000001c0,
  0x000001be, 0x000001be, 0x00000000, 0x00000001, 0x0003003e, 0x00000713, 0x000001c0, 0x000200f9,
  0x0000001e, 0x000200f8, 0x0000001e, 0x00050041, 0x000001c6, 0x000001c7, 0x000001c5, 0x00000102,
  0x0004003d, 0x0000002a, 0x000001c8, 0x000001c7, 0x0008004f, 0x00000009, 0x000001c9, 0x000001c8,
  0x000001c8, 0x00000000, 0x00000001, 0x00000002, 0x0004007f, 0x00000009, 0x000001ca, 0x000001c9,
  0x00050051, 0x00000008, 0x000004d7, 0x000001ca, 0x00000000, 0x0006000c, 0x00000008, 0x000004d8,
  0x0000003e, 0x00000004, 0x000004d7, 0x00050051, 0x00000008, 0x000004d9, 0x000001ca, 0x00000001,
  0x0006000c, 0x00000008, 0x000004da, 0x0000003e, 0x00000004, 0x000004d9, 0x0007000c, 0x00000008,
  0x000004db, 0x0000003e, 0x00000028, 0x000004d8, 0x000004da, 0x00050051, 0x00000008, 0x000004dc,
  0x000001ca, 0x00000002, 0x0006000c, 0x00000008, 0x000004dd, 0x0000003e, 0x00000004, 0x000004dc,
  0x0007000c, 0x00000008, 0x000004de, 0x0000003e, 0x00000028, 0x000004db, 0x000004dd, 0x000500ba,
  0x00000005, 0x000004df, 0x000004de, 0x00000038, 0x000300f7, 0x000004e5, 0x00000000, 0x000400fa,
  0x000004df, 0x000004e0, 0x000004e4, 0x000200f8, 0x000004e0, 0x00060050, 0x00000009, 0x000004e1,
  0x000004de, 0x000004de, 0x000004de, 0x00050088, 0x00000009, 0x000004e2, 0x000001ca, 0x000004e1,
  0x00050094, 0x00000008, 0x000004ea, 0x000004e2, 0x000004e2, 0x000500ba, 0x00000005, 0x000004eb,
  0x000004ea, 0x000000d4, 0x000300f7, 0x000004f0, 0x00000000, 0x000400fa, 0x000004eb, 0x000004ec,
  0x000004ef, 0x000200f8, 0x000004ec, 0x0006000c, 0x00000008, 0x000004ed, 0x0000003e, 0x00000020,
  0x000004ea, 0x0005008e, 0x00000009, 0x000004ee, 0x000004e2, 0x000004ed, 0x0003003e, 0x000004e7,
  0x000004ee, 0x000200f9, 0x000004f0, 0x000200f8, 0x000004ef, 0x0003003e, 0x000004e7, 0x000000da,
  0x000200f9, 0x000004f0, 0x000200f8, 0x000004f0, 0x0004003d, 0x00000009, 0x000004f1, 0x000004e7,
  0x0003003e, 0x000004d4, 0x000004f1, 0x000200f9, 0x000004e5, 0x000200f8, 0x000004e4, 0x0003003e,
  0x000004d4, 0x0000017c, 0x000200f9, 0x000004e5, 0x000200f8, 0x000004e5, 0x0004003d, 0x00000009,
  0x000004e6, 0x000004d4, 0x0004003d, 0x00000009, 0x000001cc, 0x0000005f, 0x0004003d, 0x00000009,
  0x000001cd, 0x0000070d, 0x00050051, 0x00000008, 0x000004f5, 0x000001cd, 0x00000000, 0x0006000c,
  0x00000008, 0x000004f6, 0x0000003e, 0x00000004, 0x000004f5, 0x00050051, 0x00000008, 0x000004f7,
  0x000001cd, 0x00000001, 0x0006000c, 0x00000008, 0x000004f8, 0x0000003e, 0x00000004, 0x000004f7,
  0x0007000c, 0x00000008, 0x000004f9, 0x0000003e, 0x00000028, 0x000004f6, 0x000004f8, 0x00050051,
  0x00000008, 0x000004fa, 0x000001cd, 0x00000002, 0x0006000c, 0x00000008, 0x000004fb, 0x0000003e,
  0x00000004, 0x000004fa, 0x0007000c, 0x00000008, 0x000004fc, 0x0000003e, 0x00000028, 0x000004f9,
  0x000004fb, 0x000500ba, 0x00000005, 0x000004fd, 0x000004fc, 0x00000038, 0x000300f7, 0x00000503,
  0x00000000, 0x000400fa, 0x000004fd, 0x000004fe, 0x00000502, 0x000200f8, 0x000004fe, 0x00060050,
  0x00000009, 0x000004ff, 0x000004fc, 0x000004fc, 0x000004fc, 0x00050088, 0x00000009, 0x00000500,
  0x000001cd, 0x000004ff, 0x00050094, 0x00000008, 0x00000508, 0x00000500, 0x00000500, 0x000500ba,
  0x00000005, 0x00000509, 0x00000508, 0x000000d4, 0x000300f7, 0x0000050e, 0x00000000, 0x000400fa,
  0x00000509, 0x0000050a, 0x0000050d, 0x000200f8, 0x0000050a, 0x0006000c, 0x00000008, 0x0000050b,
  0x0000003e, 0x00000020, 0x00000508, 0x0005008e, 0x00000009, 0x0000050c, 0x00000500, 0x0000050b,
  0x0003003e, 0x00000505, 0x0000050c, 0x000200f9, 0x0000050e, 0x000200f8, 0x0000050d, 0x0003003e,
  0x00000505, 0x000000da, 0x000200f9, 0x0000050e, 0x000200f8, 0x0000050e, 0x0004003d, 0x00000009,
  0x0000050f, 0x00000505, 0x0003003e, 0x000004f2, 0x0000050f, 0x000200f9, 0x00000503, 0x000200f8,
  0x00000502, 0x0003003e, 0x000004f2, 0x0000017c, 0x000200f9, 0x00000503, 0x000200f8, 0x00000503,
  0x0004003d, 0x00000009, 0x00000504, 0x000004f2, 0x000300f7, 0x00000570, 0x00000000, 0x000300fb,
  0x000003c9, 0x00000515, 0x000200f8, 0x00000515, 0x00050041, 0x00000033, 0x00000516, 0x00000030,
  0x00000154, 0x0004003d, 0x0000002a, 0x00000517, 0x00000516, 0x00050051, 0x00000008, 0x00000518,
  0x00000517, 0x00000002, 0x000500b4, 0x00000005, 0x00000519, 0x00000518, 0x00000038, 0x000300f7,
  0x0000051b, 0x00000000, 0x000400fa, 0x00000519, 0x0000051a, 0x0000051b, 0x000200f8, 0x0000051a,
  0x0003003e, 0x00000511, 0x0000003f, 0x000200f9, 0x00000570, 0x000200f8, 0x0000051b, 0x00050041,
  0x000001ec, 0x0000051c, 0x00000030, 0x00000149, 0x0004003d, 0x0000002e, 0x0000051d, 0x0000051c,
  0x00050050, 0x0000002a, 0x0000051e, 0x000001cc, 0x0000003f, 0x00050090, 0x0000002a, 0x0000051f,
  0x0000051e, 0x0000051d, 0x00050051, 0x00000008, 0x00000520, 0x0000051f, 0x00000003, 0x000500bc,
  0x00000005, 0x00000521, 0x00000520, 0x00000038, 0x000300f7, 0x00000523, 0x00000000, 0x000400fa,
  0x00000521, 0x00000522, 0x00000523, 0x000200f8, 0x00000522, 0x0003003e, 0x00000511, 0x0000003f,
  0x000200f9, 0x00000570, 0x000200f8, 0x00000523, 0x0008004f, 0x00000009, 0x00000524, 0x0000051f,
  0x0000051f, 0x00000000, 0x00000001, 0x00000002, 0x00060050, 0x00000009, 0x00000525, 0x00000520,
  0x00000520, 0x00000520, 0x00050088, 0x00000009, 0x00000526, 0x00000524, 0x00000525, 0x0007004f,
  0x00000010, 0x00000527, 0x00000526, 0x00000526, 0x00000000, 0x00000001, 0x0004003d, 0x0000002a,
  0x00000528, 0x00000516, 0x00050051, 0x00000008, 0x00000529, 0x00000528, 0x00000003, 0x00050085,
  0x00000008, 0x0000052a, 0x00000050, 0x00000529, 0x00050050, 0x00000010, 0x0000052b, 0x00000050,
  0x0000052a, 0x00050085, 0x00000010, 0x0000052c, 0x00000527, 0x0000052b, 0x00050081, 0x00000010,
  0x0000052e, 0x0000052c, 0x00000723, 0x000500b8, 0x00000201, 0x00000530, 0x0000052e, 0x0000015e,
  0x0004009a, 0x00000005, 0x00000531, 0x00000530, 0x000300f7, 0x00000537, 0x00000000, 0x000400fa,
  0x00000531, 0x00000532, 0x00000533, 0x000200f8, 0x00000532, 0x0003003e, 0x00000512, 0x00000205,
  0x000200f9, 0x00000537, 0x000200f8, 0x00000533, 0x000500ba, 0x00000201, 0x00000535, 0x0000052e,
  0x00000724, 0x0004009a, 0x00000005, 0x00000536, 0x00000535, 0x0003003e, 0x00000512, 0x00000536,
  0x000200f9, 0x00000537, 0x000200f8, 0x00000537, 0x0004003d, 0x00000005, 0x00000538, 0x00000512,
  0x000300f7, 0x0000053d, 0x00000000, 0x000400fa, 0x00000538, 0x00000539, 0x0000053a, 0x000200f8,
  0x00000539, 0x0003003e, 0x00000512, 0x00000205, 0x000200f9, 0x0000053d, 0x000200f8, 0x0000053a,
  0x00050051, 0x00000008, 0x0000053b, 0x00000526, 0x00000002, 0x000500b8, 0x00000005, 0x0000053c,
  0x0000053b, 0x00000038, 0x0003003e, 0x00000512, 0x0000053c, 0x000200f9, 0x0000053d, 0x000200f8,
  0x0000053d, 0x0004003d, 0x00000005, 0x0000053e, 0x00000512, 0x000300f7, 0x00000543, 0x00000000,
  0x000400fa, 0x0000053e, 0x0000053f, 0x00000540, 0x000200f8, 0x0000053f, 0x0003003e, 0x00000512,
  0x00000205, 0x000200f9, 0x00000543, 0x000200f8, 0x00000540, 0x00050051, 0x00000008, 0x00000541,
  0x00000526, 0x00000002, 0x000500ba, 0x00000005, 0x00000542, 0x00000541, 0x0000003f, 0x0003003e,
  0x00000512, 0x00000542, 0x000200f9, 0x00000543, 0x000200f8, 0x00000543, 0x0004003d, 0x00000005,
  0x00000544, 0x00000512, 0x000300f7, 0x00000546, 0x00000000, 0x000400fa, 0x00000544, 0x00000545,
  0x00000546, 0x000200f8, 0x00000545, 0x0003003e, 0x00000511, 0x0000003f, 0x000200f9, 0x00000570,
  0x000200f8, 0x00000546, 0x0004003d, 0x0000002a, 0x00000547, 0x00000516, 0x00050051, 0x00000008,
  0x00000548, 0x00000547, 0x00000002, 0x00050085, 0x00000008, 0x00000549, 0x00000548, 0x00000050,
  0x00050050, 0x00000010, 0x0000054a, 0x00000549, 0x00000549, 0x00050085, 0x00000008, 0x0000054c,
  0x00000548, 0x0000072a, 0x00050085, 0x00000008, 0x0000054e, 0x00000548, 0x0000072a, 0x00050050,
  0x00000010, 0x0000054f, 0x0000054c, 0x0000054e, 0x00050081, 0x00000010, 0x00000550, 0x0000052e,
  0x0000054f, 0x0004003d, 0x00000026, 0x00000551, 0x0000022b, 0x00070058, 0x0000002a, 0x00000552,
  0x00000551, 0x00000550, 0x00000002, 0x00000038, 0x00050051, 0x00000008, 0x00000554, 0x00000552,
  0x00000000, 0x00050050, 0x00000010, 0x00000555, 0x00000549, 0x0000054e, 0x00050081, 0x00000010,
  0x00000556, 0x0000052e, 0x00000555, 0x0004003d, 0x00000026, 0x00000557, 0x0000022b, 0x00070058,
  0x0000002a, 0x00000558, 0x00000557, 0x00000556, 0x00000002, 0x00000038, 0x00050051, 0x00000008,
  0x0000055a, 0x00000558, 0x00000000, 0x00050050, 0x00000010, 0x0000055b, 0x0000054c, 0x00000549,
  0x00050081, 0x00000010, 0x0000055c, 0x0000052e, 0x0000055b, 0x0004003d, 0x00000026, 0x0000055d,
  0x0000022b, 0x00070058, 0x0000002a, 0x0000055e, 0x0000055d, 0x0000055c, 0x00000002, 0x00000038,
  0x00050051, 0x00000008, 0x00000560, 0x0000055e, 0x00000000, 0x00050081, 0x00000010, 0x00000561,
  0x0000052e, 0x0000054a, 0x0004003d, 0x00000026, 0x00000562, 0x0000022b, 0x00070058, 0x0000002a,
  0x00000563, 0x00000562, 0x00000561, 0x00000002, 0x00000038, 0x00050051, 0x00000008, 0x00000565,
  0x00000563, 0x00000000, 0x00070050, 0x0000002a, 0x00000566, 0x00000554, 0x0000055a, 0x00000560,
  0x00000565, 0x00050051, 0x00000008, 0x00000567, 0x00000526, 0x00000002, 0x0004003d, 0x0000002a,
  0x00000568, 0x00000516, 0x00050051, 0x00000008, 0x00000569, 0x00000568, 0x00000000, 0x0004003d,
  0x0000002a, 0x0000056a, 0x00000516, 0x00050051, 0x00000008, 0x0000056b, 0x0000056a, 0x00000001,
  0x00050094, 0x00000008, 0x0000056c, 0x00000504, 0x000004e6, 0x0008000c, 0x00000008, 0x0000056d,
  0x0000003e, 0x0000002b, 0x0000056c, 0x00000038, 0x0000003f, 0x0008000c, 0x00000008, 0x00000574,
  0x0000003e, 0x0000002b, 0x0000056d, 0x00000038, 0x0000003f, 0x00050083, 0x00000008, 0x00000575,
  0x0000003f, 0x00000574, 0x0007000c, 0x00000008, 0x00000576, 0x0000003e, 0x00000028, 0x00000569,
  0x00000038, 0x00050083, 0x00000008, 0x00000577, 0x00000567, 0x00000576, 0x0007000c, 0x00000008,
  0x00000578, 0x0000003e, 0x00000028, 0x0000056b, 0x00000038, 0x00050085, 0x00000008, 0x00000579,
  0x00000575, 0x00000578, 0x00050083, 0x00000008, 0x0000057a, 0x00000577, 0x00000579, 0x00070050,
  0x0000002a, 0x0000057f, 0x0000057a, 0x0000057a, 0x0000057a, 0x0000057a, 0x0007000c, 0x0000002a,
  0x00000580, 0x0000003e, 0x00000030, 0x0000057f, 0x00000566, 0x00050094, 0x00000008, 0x00000581,
  0x00000580, 0x00000264, 0x0003003e, 0x00000511, 0x00000581, 0x000200f9, 0x00000570, 0x000200f8,
  0x00000570, 0x0004003d, 0x00000008, 0x00000571, 0x00000511, 0x0004003d, 0x00000009, 0x00000268,
  0x0000070d, 0x0004003d, 0x00000009, 0x00000269, 0x0000070a, 0x0004003d, 0x00000008, 0x0000026a,
  0x0000070b, 0x0004003d, 0x00000008, 0x0000026b, 0x0000070c, 0x00050041, 0x000001c6, 0x0000026c,
  0x000001c5, 0x00000058, 0x0004003d, 0x0000002a, 0x0000026d, 0x0000026c, 0x0008004f, 0x00000009,
  0x0000026e, 0x0000026d, 0x0000026d, 0x00000000, 0x00000001, 0x00000002, 0x000300f7, 0x000005b8,
  0x00000000, 0x000300fb, 0x000003c9, 0x00000587, 0x000200f8, 0x00000587, 0x00050094, 0x00000008,
  0x000005bd, 0x00000268, 0x00000268, 0x000500ba, 0x00000005, 0x000005be, 0x000005bd, 0x000000d4,
  0x000300f7, 0x000005c3, 0x00000000, 0x000400fa, 0x000005be, 0x000005bf, 0x000005c2, 0x000200f8,
  0x000005bf, 0x0006000c, 0x00000008, 0x000005c0, 0x0000003e, 0x00000020, 0x000005bd, 0x0005008e,
  0x00000009, 0x000005c1, 0x00000268, 0x000005c0, 0x0003003e, 0x000005ba, 0x000005c1, 0x000200f9,
  0x000005c3, 0x000200f8, 0x000005c2, 0x0003003e, 0x000005ba, 0x000000da, 0x000200f9, 0x000005c3,
  0x000200f8, 0x000005c3, 0x0004003d, 0x00000009, 0x000005c4, 0x000005ba, 0x00050094, 0x00000008,
  0x000005c8, 0x0000048a, 0x0000048a, 0x000500ba, 0x00000005, 0x000005c9, 0x000005c8, 0x000000d4,
  0x000300f7, 0x000005ce, 0x00000000, 0x000400fa, 0x000005c9, 0x000005ca, 0x000005cd, 0x000200f8,
  0x000005ca, 0x0006000c, 0x00000008, 0x000005cb, 0x0000003e, 0x00000020, 0x000005c8, 0x0005008e,
  0x00000009, 0x000005cc, 0x0000048a, 0x000005cb, 0x0003003e, 0x000005c5, 0x000005cc, 0x000200f9,
  0x000005ce, 0x000200f8, 0x000005cd, 0x0003003e, 0x000005c5, 0x000000da, 0x000200f9, 0x000005ce,
  0x000200f8, 0x000005ce, 0x0004003d, 0x00000009, 0x000005cf, 0x000005c5, 0x00050094, 0x00000008,
  0x000005d3, 0x000004e6, 0x000004e6, 0x000500ba, 0x00000005, 0x000005d4, 0x000005d3, 0x000000d4,
  0x000300f7, 0x000005d9, 0x00000000, 0x000400fa, 0x000005d4, 0x000005d5, 0x000005d8, 0x000200f8,
  0x000005d5, 0x0006000c, 0x00000008, 0x000005d6, 0x0000003e, 0x00000020, 0x000005d3, 0x0005008e,
  0x00000009, 0x000005d7, 0x000004e6, 0x000005d6, 0x0003003e, 0x000005d0, 0x000005d7, 0x000200f9,
  0x000005d9, 0x000200f8, 0x000005d8, 0x0003003e, 0x000005d0, 0x000000da, 0x000200f9, 0x000005d9,
  0x000200f8, 0x000005d9, 0x0004003d, 0x00000009, 0x000005da, 0x000005d0, 0x00050081, 0x00000009,
  0x0000058b, 0x000005cf, 0x000005da, 0x00050094, 0x00000008, 0x000005de, 0x0000058b, 0x0000058b,
  0x000500ba, 0x00000005, 0x000005df, 0x000005de, 0x000000d4, 0x000300f7, 0x000005e4, 0x00000000,
  0x000400fa, 0x000005df, 0x000005e0, 0x000005e3, 0x000200f8, 0x000005e0, 0x0006000c, 0x00000008,
  0x000005e1, 0x0000003e, 0x00000020, 0x000005de, 0x0005008e, 0x00000009, 0x000005e2, 0x0000058b,
  0x000005e1, 0x0003003e, 0x000005db, 0x000005e2, 0x000200f9, 0x000005e4, 0x000200f8, 0x000005e3,
  0x0003003e, 0x000005db, 0x000000da, 0x000200f9, 0x000005e4, 0x000200f8, 0x000005e4, 0x0004003d,
  0x00000009, 0x000005e5, 0x000005db, 0x00050094, 0x00000008, 0x0000058d, 0x000005c4, 0x000005cf,
  0x0008000c, 0x00000008, 0x0000058e, 0x0000003e, 0x0000002b, 0x0000058d, 0x00000038, 0x0000003f,
  0x00050094, 0x00000008, 0x0000058f, 0x000005c4, 0x000005da, 0x0008000c, 0x00000008, 0x00000590,
  0x0000003e, 0x0000002b, 0x0000058f, 0x00000038, 0x0000003f, 0x00050094, 0x00000008, 0x00000591,
  0x000005c4, 0x000005e5, 0x0008000c, 0x00000008, 0x00000592, 0x0000003e, 0x0000002b, 0x00000591,
  0x00000038, 0x0000003f, 0x00050094, 0x00000008, 0x00000593, 0x000005cf, 0x000005e5, 0x0008000c,
  0x00000008, 0x00000594, 0x0000003e, 0x0000002b, 0x00000593, 0x00000038, 0x0000003f, 0x000500bc,
  0x00000005, 0x00000595, 0x0000058e, 0x00000038, 0x000300f7, 0x00000599, 0x00000000, 0x000400fa,
  0x00000595, 0x00000596, 0x00000597, 0x000200f8, 0x00000596, 0x0003003e, 0x00000584, 0x00000205,
  0x000200f9, 0x00000599, 0x000200f8, 0x00000597, 0x000500bc, 0x00000005, 0x00000598, 0x00000590,
  0x00000038, 0x0003003e, 0x00000584, 0x00000598, 0x000200f9, 0x00000599, 0x000200f8, 0x00000599,
  0x0004003d, 0x00000005, 0x0000059a, 0x00000584, 0x000300f7, 0x0000059c, 0x00000000, 0x000400fa,
  0x0000059a, 0x0000059b, 0x0000059c, 0x000200f8, 0x0000059b, 0x0003003e, 0x00000583, 0x00000296,
  0x000200f9, 0x000005b8, 0x000200f8, 0x0000059c, 0x0008000c, 0x00000008, 0x0000059d, 0x0000003e,
  0x0000002b, 0x0000026a, 0x00000038, 0x0000003f, 0x0008000c, 0x00000008, 0x0000059e, 0x0000003e,
  0x0000002b, 0x0000026b, 0x0000029a, 0x0000003f, 0x0008000c, 0x00000009, 0x000005e8, 0x0000003e,
  0x0000002b, 0x00000269, 0x0000009f, 0x000000a0, 0x00060050, 0x00000009, 0x000005a0, 0x0000059d,
  0x0000059d, 0x0000059d, 0x0008000c, 0x00000009, 0x000005a1, 0x0000003e, 0x0000002e, 0x0000029e,
  0x000005e8, 0x000005a0, 0x00050083, 0x00000008, 0x000005eb, 0x0000003f, 0x00000594, 0x0008000c,
  0x00000008, 0x000005ec, 0x0000003e, 0x0000002b, 0x000005eb, 0x00000038, 0x0000003f, 0x0007000c,
  0x00000008, 0x000005ed, 0x0000003e, 0x0000001a, 0x000005ec, 0x000002a9, 0x00050083, 0x00000009,
  0x000005ef, 0x000000a0, 0x000005a1, 0x0005008e, 0x00000009, 0x000005f0, 0x000005ef, 0x000005ed,
  0x00050081, 0x00000009, 0x000005f1, 0x000005a1, 0x000005f0, 0x00050085, 0x00000008, 0x000005f4,
  0x0000059e, 0x0000059e, 0x0007000c, 0x00000008, 0x000005f5, 0x0000003e, 0x00000028, 0x000005f4,
  0x000002b7, 0x00050085, 0x00000008, 0x000005f6, 0x000005f5, 0x000005f5, 0x00050085, 0x00000008,
  0x000005f7, 0x00000592, 0x00000592, 0x00050083, 0x00000008, 0x000005f8, 0x000005f6, 0x0000003f,
  0x00050085, 0x00000008, 0x000005f9, 0x000005f7, 0x000005f8, 0x00050081, 0x00000008, 0x000005fa,
  0x000005f9, 0x0000003f, 0x00050085, 0x00000008, 0x000005fb, 0x0000019e, 0x000005fa, 0x00050085,
  0x00000008, 0x000005fc, 0x000005fb, 0x000005fa, 0x0007000c, 0x00000008, 0x000005fd, 0x0000003e,
  0x00000028, 0x000005fc, 0x000002c0, 0x00050088, 0x00000008, 0x000005fe, 0x000005f6, 0x000005fd,
  0x00050081, 0x00000008, 0x00000601, 0x0000059e, 0x0000003f, 0x00050085, 0x00000008, 0x00000602,
  0x00000601, 0x00000601, 0x00050085, 0x00000008, 0x00000603, 0x00000602, 0x000002cb, 0x00050083,
  0x00000008, 0x00000604, 0x0000003f, 0x00000603, 0x00050085, 0x00000008, 0x00000605, 0x0000058e,
  0x00000604, 0x00050081, 0x00000008, 0x00000606, 0x00000605, 0x00000603, 0x0007000c, 0x00000008,
  0x00000607, 0x0000003e, 0x00000028, 0x00000606, 0x000002d0, 0x00050088, 0x00000008, 0x00000608,
  0x0000058e, 0x00000607, 0x00050081, 0x00000008, 0x0000060b, 0x0000059e, 0x0000003f, 0x00050085,
  0x00000008, 0x0000060c, 0x0000060b, 0x0000060b, 0x00050085, 0x00000008, 0x0000060d, 0x0000060c,
  0x000002cb, 0x00050083, 0x00000008, 0x0000060e, 0x0000003f, 0x0000060d, 0x00050085, 0x00000008,
  0x0000060f, 0x00000590, 0x0000060e, 0x00050081, 0x00000008, 0x00000610, 0x0000060f, 0x0000060d,
  0x0007000c, 0x00000008, 0x00000611, 0x0000003e, 0x00000028, 0x00000610, 0x000002d0, 0x00050088,
  0x00000008, 0x00000612, 0x00000590, 0x00000611, 0x00050085, 0x00000008, 0x000005a6, 0x00000608,
  0x00000612, 0x00050085, 0x00000008, 0x000005a7, 0x000005fe, 0x000005a6, 0x0005008e, 0x00000009,
  0x000005a8, 0x000005f1, 0x000005a7, 0x00050085, 0x00000008, 0x000005a9, 0x000002d8, 0x0000058e,
  0x00050085, 0x00000008, 0x000005aa, 0x000005a9, 0x00000590, 0x0007000c, 0x00000008, 0x000005ab,
  0x0000003e, 0x00000028, 0x000005aa, 0x000002d0, 0x00060050, 0x00000009, 0x000005ac, 0x000005ab,
  0x000005ab, 0x000005ab, 0x00050088, 0x00000009, 0x000005ad, 0x000005a8, 0x000005ac, 0x00050083,
  0x00000009, 0x000005af, 0x000000a0, 0x000005f1, 0x00050083, 0x00000008, 0x000005b0, 0x0000003f,
  0x0000059d, 0x0005008e, 0x00000009, 0x000005b1, 0x000005af, 0x000005b0, 0x00050085, 0x00000009,
  0x000005b2, 0x000005b1, 0x000005e8, 0x00050085, 0x00000009, 0x000005b4, 0x000005b2, 0x0000072b,
  0x00050081, 0x00000009, 0x000005b5, 0x000005b4, 0x000005ad, 0x00050085, 0x00000009, 0x000005b6,
  0x000005b5, 0x0000026e, 0x0005008e, 0x00000009, 0x000005b7, 0x000005b6, 0x00000590, 0x0003003e,
  0x00000583, 0x000005b7, 0x000200f9, 0x000005b8, 0x000200f8, 0x000005b8, 0x0004003d, 0x00000009,
  0x000005b9, 0x00000583, 0x0004003d, 0x00000009, 0x000002e8, 0x0000070d, 0x0004003d, 0x00000009,
  0x000002e9, 0x0000070a, 0x0004003d, 0x00000008, 0x000002ea, 0x0000070b, 0x0004003d, 0x00000008,
  0x000002eb, 0x0000070c, 0x0004003d, 0x00000008, 0x000002ec, 0x0000070e, 0x0004003d, 0x00000010,
  0x00000716, 0x00000713, 0x0004003d, 0x00000009, 0x00000715, 0x00000712, 0x0004003d, 0x00000009,
  0x00000714, 0x00000711, 0x0003003e, 0x00000718, 0x00000714, 0x0003003e, 0x00000719, 0x00000715,
  0x0003003e, 0x0000071a, 0x00000716, 0x00050094, 0x00000008, 0x00000639, 0x000002e8, 0x000002e8,
  0x000500ba, 0x00000005, 0x0000063a, 0x00000639, 0x000000d4, 0x000300f7, 0x0000063f, 0x00000000,
  0x000400fa, 0x0000063a, 0x0000063b, 0x0000063e, 0x000200f8, 0x0000063b, 0x0006000c, 0x00000008,
  0x0000063c, 0x0000003e, 0x00000020, 0x00000639, 0x0005008e, 0x00000009, 0x0000063d, 0x000002e8,
  0x0000063c, 0x0003003e, 0x00000636, 0x0000063d, 0x000200f9, 0x0000063f, 0x000200f8, 0x0000063e,
  0x0003003e, 0x00000636, 0x000000da, 0x000200f9, 0x0000063f, 0x000200f8, 0x0000063f, 0x0004003d,
  0x00000009, 0x00000640, 0x00000636, 0x00050094, 0x00000008, 0x00000644, 0x0000048a, 0x0000048a,
  0x000500ba, 0x00000005, 0x00000645, 0x00000644, 0x000000d4, 0x000300f7, 0x0000064a, 0x00000000,
  0x000400fa, 0x00000645, 0x00000646, 0x00000649, 0x000200f8, 0x00000646, 0x0006000c, 0x00000008,
  0x00000647, 0x0000003e, 0x00000020, 0x00000644, 0x0005008e, 0x00000009, 0x00000648, 0x0000048a,
  0x00000647, 0x0003003e, 0x00000641, 0x00000648, 0x000200f9, 0x0000064a, 0x000200f8, 0x00000649,
  0x0003003e, 0x00000641, 0x000000da, 0x000200f9, 0x0000064a, 0x000200f8, 0x0000064a, 0x0004003d,
  0x00000009, 0x0000064b, 0x00000641, 0x00050094, 0x00000008, 0x00000617, 0x00000640, 0x0000064b,
  0x0008000c, 0x00000008, 0x00000618, 0x0000003e, 0x0000002b, 0x00000617, 0x00000038, 0x0000003f,
  0x0008000c, 0x00000008, 0x00000619, 0x0000003e, 0x0000002b, 0x000002ea, 0x00000038, 0x0000003f,
  0x0008000c, 0x00000009, 0x0000064e, 0x0000003e, 0x0000002b, 0x000002e9, 0x0000009f, 0x000000a0,
  0x0008000c, 0x00000008, 0x00000651, 0x0000003e, 0x0000002b, 0x00000619, 0x00000038, 0x0000003f,
  0x0008000c, 0x00000009, 0x00000657, 0x0000003e, 0x0000002b, 0x0000064e, 0x0000009f, 0x000000a0,
  0x00060050, 0x00000009, 0x00000653, 0x00000651, 0x00000651, 0x00000651, 0x0008000c, 0x00000009,
  0x00000654, 0x0000003e, 0x0000002e, 0x0000030a, 0x00000657, 0x00000653, 0x0008000c, 0x00000008,
  0x0000061c, 0x0000003e, 0x0000002b, 0x000002eb, 0x00000038, 0x0000003f, 0x00050083, 0x00000008,
  0x0000065a, 0x0000003f, 0x0000061c, 0x00060050, 0x00000009, 0x0000065b, 0x0000065a, 0x0000065a,
  0x0000065a, 0x0007000c, 0x00000009, 0x0000065c, 0x0000003e, 0x00000028, 0x0000065b, 0x00000654,
  0x00050083, 0x00000008, 0x0000065d, 0x0000003f, 0x00000618, 0x0008000c, 0x00000008, 0x0000065e,
  0x0000003e, 0x0000002b, 0x0000065d, 0x00000038, 0x0000003f, 0x0007000c, 0x00000008, 0x0000065f,
  0x0000003e, 0x0000001a, 0x0000065e, 0x000002a9, 0x00050083, 0x00000009, 0x00000660, 0x0000065c,
  0x00000654, 0x0005008e, 0x00000009, 0x00000661, 0x00000660, 0x0000065f, 0x00050081, 0x00000009,
  0x00000662, 0x00000654, 0x00000661, 0x00050083, 0x00000009, 0x0000061f, 0x000000a0, 0x00000662,
  0x00050083, 0x00000008, 0x00000620, 0x0000003f, 0x00000619, 0x0005008e, 0x00000009, 0x00000621,
  0x0000061f, 0x00000620, 0x0004003d, 0x00000009, 0x00000623, 0x00000718, 0x00050085, 0x00000009,
  0x00000624, 0x00000623, 0x0000064e, 0x00050085, 0x00000009, 0x00000625, 0x00000624, 0x00000621,
  0x0008000c, 0x00000008, 0x00000626, 0x0000003e, 0x0000002b, 0x000002ec, 0x00000038, 0x0000003f,
  0x0005008e, 0x00000009, 0x00000627, 0x00000625, 0x00000626, 0x00050085, 0x00000009, 0x00000629,
  0x00000627, 0x0000072b, 0x0004003d, 0x00000009, 0x0000062b, 0x00000719, 0x0004003d, 0x00000010,
  0x0000062d, 0x0000071a, 0x00050051, 0x00000008, 0x0000062e, 0x0000062d, 0x00000000, 0x0005008e,
  0x00000009, 0x0000062f, 0x00000662, 0x0000062e, 0x00050051, 0x00000008, 0x00000630, 0x0000062d,
  0x00000001, 0x00060050, 0x00000009, 0x00000631, 0x00000630, 0x00000630, 0x00000630, 0x00050081,
  0x00000009, 0x00000632, 0x0000062f, 0x00000631, 0x00050085, 0x00000009, 0x00000633, 0x0000062b,
  0x00000632, 0x0005008e, 0x00000009, 0x00000634, 0x00000633, 0x00000626, 0x00050081, 0x00000009,
  0x00000635, 0x00000629, 0x00000634, 0x00050041, 0x00000033, 0x00000338, 0x00000030, 0x00000337,
  0x0004003d, 0x0000002a, 0x00000339, 0x00000338, 0x00050051, 0x00000008, 0x0000033a, 0x00000339,
  0x00000003, 0x000500ba, 0x00000005, 0x0000033b, 0x0000033a, 0x00000050, 0x000300f7, 0x00000021,
  0x00000000, 0x000400fa, 0x0000033b, 0x0000001f, 0x00000020, 0x000200f8, 0x0000001f, 0x0004003d,
  0x00000009, 0x0000033d, 0x0000070d, 0x00050051, 0x00000008, 0x00000666, 0x0000033d, 0x00000000,
  0x0006000c, 0x00000008, 0x00000667, 0x0000003e, 0x00000004, 0x00000666, 0x00050051, 0x00000008,
  0x00000668, 0x0000033d, 0x00000001, 0x0006000c, 0x00000008, 0x00000669, 0x0000003e, 0x00000004,
  0x00000668, 0x0007000c, 0x00000008, 0x0000066a, 0x0000003e, 0x00000028, 0x00000667, 0x00000669,
  0x00050051, 0x00000008, 0x0000066b, 0x0000033d, 0x00000002, 0x0006000c, 0x00000008, 0x0000066c,
  0x0000003e, 0x00000004, 0x0000066b, 0x0007000c, 0x00000008, 0x0000066d, 0x0000003e, 0x00000028,
  0x0000066a, 0x0000066c, 0x000500ba, 0x00000005, 0x0000066e, 0x0000066d, 0x00000038, 0x000300f7,
  0x00000674, 0x00000000, 0x000400fa, 0x0000066e, 0x0000066f, 0x00000673, 0x000200f8, 0x0000066f,
  0x00060050, 0x00000009, 0x00000670, 0x0000066d, 0x0000066d, 0x0000066d, 0x00050088, 0x00000009,
  0x00000671, 0x0000033d, 0x00000670, 0x00050094, 0x00000008, 0x00000679, 0x00000671, 0x00000671,
  0x000500ba, 0x00000005, 0x0000067a, 0x00000679, 0x000000d4, 0x000300f7, 0x0000067f, 0x00000000,
  0x000400fa, 0x0000067a, 0x0000067b, 0x0000067e, 0x000200f8, 0x0000067b, 0x0006000c, 0x00000008,
  0x0000067c, 0x0000003e, 0x00000020, 0x00000679, 0x0005008e, 0x00000009, 0x0000067d, 0x00000671,
  0x0000067c, 0x0003003e, 0x00000676, 0x0000067d, 0x000200f9, 0x0000067f, 0x000200f8, 0x0000067e,
  0x0003003e, 0x00000676, 0x000000da, 0x000200f9, 0x0000067f, 0x000200f8, 0x0000067f, 0x0004003d,
  0x00000009, 0x00000680, 0x00000676, 0x0003003e, 0x00000663, 0x00000680, 0x000200f9, 0x00000674,
  0x000200f8, 0x00000673, 0x0003003e, 0x00000663, 0x0000017c, 0x000200f9, 0x00000674, 0x000200f8,
  0x00000674, 0x0004003d, 0x00000009, 0x00000675, 0x00000663, 0x00050094, 0x00000008, 0x0000033f,
  0x00000675, 0x000004e6, 0x0008000c, 0x00000008, 0x00000340, 0x0000003e, 0x0000002b, 0x0000033f,
  0x00000038, 0x0000003f, 0x00050041, 0x00000033, 0x00000342, 0x00000030, 0x00000341, 0x0004003d,
  0x0000002a, 0x00000343, 0x00000342, 0x00050051, 0x00000008, 0x00000344, 0x00000343, 0x00000000,
  0x0004003d, 0x0000002a, 0x00000345, 0x00000342, 0x00050051, 0x00000008, 0x00000346, 0x00000345,
  0x00000001, 0x0004003d, 0x0000002a, 0x00000347, 0x00000342, 0x00050051, 0x00000008, 0x00000348,
  0x00000347, 0x00000002, 0x00050085, 0x00000008, 0x00000683, 0x00000340, 0x00000346, 0x00050081,
  0x00000008, 0x00000684, 0x00000683, 0x00000344, 0x0008000c, 0x00000008, 0x00000685, 0x0000003e,
  0x0000002b, 0x00000684, 0x00000038, 0x0000003f, 0x0007000c, 0x00000008, 0x00000686, 0x0000003e,
  0x00000028, 0x00000348, 0x00000354, 0x00050083, 0x00000008, 0x00000687, 0x00000050, 0x00000686,
  0x00050081, 0x00000008, 0x00000688, 0x00000050, 0x00000686, 0x0008000c, 0x00000008, 0x00000689,
  0x0000003e, 0x00000031, 0x00000687, 0x00000688, 0x00000685, 0x0004003d, 0x0000002a, 0x00000359,
  0x00000338, 0x0008004f, 0x00000009, 0x0000035a, 0x00000359, 0x00000359, 0x00000000, 0x00000001,
  0x00000002, 0x00050041, 0x00000033, 0x0000035c, 0x00000030, 0x0000035b, 0x0004003d, 0x0000002a,
  0x0000035d, 0x0000035c, 0x0008004f, 0x00000009, 0x0000035e, 0x0000035d, 0x0000035d, 0x00000000,
  0x00000001, 0x00000002, 0x0008000c, 0x00000008, 0x0000068c, 0x0000003e, 0x0000002b, 0x00000689,
  0x00000038, 0x0000003f, 0x00060050, 0x00000009, 0x0000068d, 0x0000068c, 0x0000068c, 0x0000068c,
  0x0008000c, 0x00000009, 0x0000068e, 0x0000003e, 0x0000002e, 0x0000035a, 0x0000035e, 0x0000068d,
  0x00050085, 0x00000009, 0x0000068f, 0x000005b9, 0x0000068e, 0x00050083, 0x00000009, 0x00000696,
  0x0000068f, 0x00000726, 0x0005008e, 0x00000009, 0x00000697, 0x00000696, 0x0000003f, 0x00050081,
  0x00000009, 0x00000699, 0x00000697, 0x00000726, 0x0007000c, 0x00000009, 0x0000069a, 0x0000003e,
  0x00000028, 0x00000699, 0x0000036e, 0x0004003d, 0x0000002a, 0x00000384, 0x00000338, 0x0008004f,
  0x00000009, 0x00000385, 0x00000384, 0x00000384, 0x00000000, 0x00000001, 0x00000002, 0x0008000c,
  0x00000009, 0x000006a7, 0x0000003e, 0x0000002b, 0x00000385, 0x0000009f, 0x000000a0, 0x0008000c,
  0x00000008, 0x000006a1, 0x0000003e, 0x0000002b, 0x00000571, 0x00000038, 0x0000003f, 0x00060050,
  0x00000009, 0x000006a2, 0x000006a1, 0x000006a1, 0x000006a1, 0x0008000c, 0x00000009, 0x000006a3,
  0x0000003e, 0x0000002e, 0x000006a7, 0x00000391, 0x000006a2, 0x00050085, 0x00000009, 0x000006a4,
  0x00000635, 0x000006a3, 0x0003003e, 0x00000014, 0x0000069a, 0x0003003e, 0x00000015, 0x000006a4,
  0x000200f9, 0x00000021, 0x000200f8, 0x00000020, 0x0003003e, 0x00000014, 0x000005b9, 0x0003003e,
  0x00000015, 0x00000635, 0x000200f9, 0x00000021, 0x000200f8, 0x00000021, 0x0004003d, 0x00000009,
  0x0000039a, 0x0000070d, 0x0004003d, 0x0000002a, 0x0000039b, 0x0000004c, 0x0008004f, 0x00000009,
  0x0000039c, 0x0000039b, 0x0000039b, 0x00000000, 0x00000001, 0x00000002, 0x0004003d, 0x0000002a,
  0x0000039d, 0x0000026c, 0x0008004f, 0x00000009, 0x0000039e, 0x0000039d, 0x0000039d, 0x00000000,
  0x00000001, 0x00000002, 0x00050085, 0x00000009, 0x0000039f, 0x0000039c, 0x0000039e, 0x0004003d,
  0x0000002a, 0x000003a0, 0x00000034, 0x00050051, 0x00000008, 0x000003a1, 0x000003a0, 0x00000003,
  0x00050083, 0x00000008, 0x000003a2, 0x0000003f, 0x00000571, 0x00050094, 0x00000008, 0x000006b8,
  0x000004e6, 0x000004e6, 0x000500ba, 0x00000005, 0x000006b9, 0x000006b8, 0x000000d4, 0x000300f7,
  0x000006be, 0x00000000, 0x000400fa, 0x000006b9, 0x000006ba, 0x000006bd, 0x000200f8, 0x000006ba,
  0x0006000c, 0x00000008, 0x000006bb, 0x0000003e, 0x00000020, 0x000006b8, 0x0005008e, 0x00000009,
  0x000006bc, 0x000004e6, 0x000006bb, 0x0003003e, 0x000006b5, 0x000006bc, 0x000200f9, 0x000006be,
  0x000200f8, 0x000006bd, 0x0003003e, 0x000006b5, 0x000000da, 0x000200f9, 0x000006be, 0x000200f8,
  0x000006be, 0x0004003d, 0x00000009, 0x000006bf, 0x000006b5, 0x0004007f, 0x00000009, 0x000006ab,
  0x000006bf, 0x00050094, 0x00000008, 0x000006c3, 0x0000039a, 0x0000039a, 0x000500ba, 0x00000005,
  0x000006c4, 0x000006c3, 0x000000d4, 0x000300f7, 0x000006c9, 0x00000000, 0x000400fa, 0x000006c4,
  0x000006c5, 0x000006c8, 0x000200f8, 0x000006c5, 0x0006000c, 0x00000008, 0x000006c6, 0x0000003e,
  0x00000020, 0x000006c3, 0x0005008e, 0x00000009, 0x000006c7, 0x0000039a, 0x000006c6, 0x0003003e,
  0x000006c0, 0x000006c7, 0x000200f9, 0x000006c9, 0x000200f8, 0x000006c8, 0x0003003e, 0x000006c0,
  0x000000da, 0x000200f9, 0x000006c9, 0x000200f8, 0x000006c9, 0x0004003d, 0x00000009, 0x000006ca,
  0x000006c0, 0x00050094, 0x00000008, 0x000006ad, 0x000006ab, 0x000006ca, 0x0008000c, 0x00000008,
  0x000006ae, 0x0000003e, 0x0000002b, 0x000006ad, 0x00000038, 0x0000003f, 0x0007000c, 0x00000008,
  0x000006af, 0x0000003e, 0x00000028, 0x000003a1, 0x00000038, 0x00050085, 0x00000008, 0x000006b0,
  0x000006ae, 0x000006af, 0x0008000c, 0x00000008, 0x000006b1, 0x0000003e, 0x0000002b, 0x000003a2,
  0x00000038, 0x0000003f, 0x00050083, 0x00000008, 0x000006b2, 0x0000003f, 0x000006b1, 0x00050085,
  0x00000008, 0x000006b3, 0x000006b0, 0x000006b2, 0x0005008e, 0x00000009, 0x000006b4, 0x0000039f,
  0x000006b3, 0x0004003d, 0x00000009, 0x000003b8, 0x00000014, 0x0005008e, 0x00000009, 0x000003b9,
  0x000003b8, 0x00000571, 0x0004003d, 0x00000009, 0x000003ba, 0x00000015, 0x00050081, 0x00000009,
  0x000003bb, 0x000003b9, 0x000003ba, 0x00050081, 0x00000009, 0x000003bc, 0x000003bb, 0x000006b4,
  0x0004003d, 0x00000009, 0x000003bd, 0x0000070f, 0x0007000c, 0x00000009, 0x000003c0, 0x0000003e,
  0x00000028, 0x000003bd, 0x00000089, 0x00050081, 0x00000009, 0x000003c1, 0x000003bc, 0x000003c0,
  0x0004003d, 0x00000009, 0x000003c2, 0x0000005f, 0x000300f7, 0x000006ec, 0x00000000, 0x000300fb,
  0x000003c9, 0x000006d0, 0x000200f8, 0x000006d0, 0x00050041, 0x00000033, 0x000006d1, 0x00000030,
  0x0000006c, 0x0004003d, 0x0000002a, 0x000006d2, 0x000006d1, 0x00050051, 0x00000008, 0x000006d3,
  0x000006d2, 0x00000003, 0x000500ba, 0x00000005, 0x000006d4, 0x000006d3, 0x00000050, 0x000300f7,
  0x000006e0, 0x00000000, 0x000400fa, 0x000006d4, 0x000006d5, 0x000006e0, 0x000200f8, 0x000006d5,
  0x0008000c, 0x00000009, 0x000006d8, 0x0000003e, 0x0000002b, 0x000003c1, 0x00000089, 0x0000071e,
  0x00050041, 0x00000033, 0x000006d9, 0x00000030, 0x00000075, 0x0004003d, 0x0000002a, 0x000006da,
  0x000006d9, 0x0008004f, 0x00000009, 0x000006db, 0x000006da, 0x000006da, 0x00000000, 0x00000001,
  0x00000002, 0x00050083, 0x00000009, 0x000006dc, 0x000003c2, 0x000006db, 0x0006000c, 0x00000008,
  0x000006dd, 0x0000003e, 0x00000042, 0x000006dc, 0x0007000c, 0x00000008, 0x000006de, 0x0000003e,
  0x00000025, 0x00000080, 0x000006dd, 0x00050050, 0x0000002a, 0x000006df, 0x000006d8, 0x000006de,
  0x0003003e, 0x000006cc, 0x000006df, 0x000200f9, 0x000006ec, 0x000200f8, 0x000006e0, 0x0007000c,
  0x00000009, 0x000006f0, 0x0000003e, 0x00000028, 0x000003c1, 0x00000089, 0x0005008e, 0x00000009,
  0x000006f1, 0x000006f0, 0x0000008b, 0x00050081, 0x00000009, 0x000006f3, 0x000006f1, 0x0000071f,
  0x00050085, 0x00000009, 0x000006f4, 0x000006f0, 0x000006f3, 0x0005008e, 0x00000009, 0x000006f5,
  0x000006f0, 0x00000091, 0x00050081, 0x00000009, 0x000006f7, 0x000006f5, 0x00000720, 0x00050085,
  0x00000009, 0x000006f8, 0x000006f0, 0x000006f7, 0x00050081, 0x00000009, 0x000006fa, 0x000006f8,
  0x00000721, 0x00050088, 0x00000009, 0x000006fb, 0x000006f4, 0x000006fa, 0x0008000c, 0x00000009,
  0x000006ff, 0x0000003e, 0x0000002b, 0x000006fb, 0x0000009f, 0x000000a0, 0x00050041, 0x00000033,
  0x000006e2, 0x00000030, 0x00000075, 0x0004003d, 0x0000002a, 0x000006e3, 0x000006e2, 0x00050051,
  0x00000008, 0x000006e4, 0x000006e3, 0x00000003, 0x000500ba, 0x00000005, 0x000006e5, 0x000006e4,
  0x00000050, 0x000300f7, 0x000006e9, 0x00000000, 0x000400fa, 0x000006e5, 0x000006e6, 0x000006e8,
  0x000200f8, 0x000006e6, 0x0007000c, 0x00000009, 0x00000702, 0x0000003e, 0x00000028, 0x000006ff,
  0x000000ad, 0x0005008e, 0x00000009, 0x00000703, 0x00000702, 0x000000af, 0x0007000c, 0x00000009,
  0x00000704, 0x0000003e, 0x0000001a, 0x00000702, 0x000000b1, 0x0005008e, 0x00000009, 0x00000705,
  0x00000704, 0x000000b4, 0x00050083, 0x00000009, 0x00000707, 0x00000705, 0x00000722, 0x0007000c,
  0x00000009, 0x00000708, 0x0000003e, 0x00000030, 0x000000b9, 0x00000702, 0x0008000c, 0x00000009,
  0x00000709, 0x0000003e, 0x0000002e, 0x00000703, 0x00000707, 0x00000708, 0x0003003e, 0x000006cd,
  0x00000709, 0x000200f9, 0x000006e9, 0x000200f8, 0x000006e8, 0x0003003e, 0x000006cd, 0x000006ff,
  0x000200f9, 0x000006e9, 0x000200f8, 0x000006e9, 0x0004003d, 0x00000009, 0x000006ea, 0x000006cd,
  0x00050050, 0x0000002a, 0x000006eb, 0x000006ea, 0x0000003f, 0x0003003e, 0x000006cc, 0x000006eb,
  0x000200f9, 0x000006ec, 0x000200f8, 0x000006ec, 0x0004003d, 0x0000002a, 0x000006ed, 0x000006cc,
  0x0003003e, 0x000000c5, 0x000006ed, 0x000200f9, 0x000003c6, 0x000200f8, 0x000003c6, 0x000100fd,
  0x00010038,
};
inline constexpr std::uint32_t scene_pbr_spirv_shadow_frag[] = {
  0x07230203, 0x00010300, 0x00280000, 0x0000003f, 0x00000000, 0x00020011, 0x00000001, 0x0006000b,
  0x0000002b, 0x4c534c47, 0x6474732e, 0x3035342e, 0x00000000, 0x0003000e, 0x00000000, 0x00000001,
  0x0008000f, 0x00000004, 0x00000002, 0x6e69616d, 0x00000000, 0x0000003e, 0x0000003a, 0x0000001f,
  0x00030010, 0x00000002, 0x00000007, 0x00030003, 0x0000000b, 0x00000001, 0x00090005, 0x0000000d,
  0x6574614d, 0x6c616972, 0x736e6f43, 0x746e6174, 0x74735f73, 0x30343164, 0x00000000, 0x00070006,
  0x0000000d, 0x00000000, 0x656d6163, 0x6f506172, 0x69746973, 0x00006e6f, 0x00060006, 0x0000000d,
  0x00000001, 0x65736162, 0x6f6c6f43, 0x00000072, 0x00080006, 0x0000000d, 0x00000002, 0x73696d65,
  0x6e6f6973, 0x67756f52, 0x73656e68, 0x00000073, 0x00060006, 0x0000000d, 0x00000003, 0x706f7270,
  0x69747265, 0x00007365, 0x00060006, 0x0000000d, 0x00000004, 0x69766e65, 0x6d6e6f72, 0x00746e65,
  0x00080006, 0x0000000d, 0x00000005, 0x6867696c, 0x65695674, 0x6f725077, 0x7463656a, 0x006e6f69,
  0x00070006, 0x0000000d, 0x00000006, 0x64616873, 0x6553776f, 0x6e697474, 0x00007367, 0x00060006,
  0x0000000d, 0x00000007, 0x64616873, 0x6954776f, 0x0000746e, 0x00060006, 0x0000000d, 0x00000008,
  0x6867696c, 0x6e695474, 0x00000074, 0x00050006, 0x0000000d, 0x00000009, 0x706d6172, 0x00000000,
  0x00060006, 0x0000000d, 0x0000000a, 0x65676576, 0x69746174, 0x00006e6f, 0x00070006, 0x0000000d,
  0x0000000b, 0x6e617274, 0x73696d73, 0x6e6f6973, 0x00000000, 0x00050005, 0x00000012, 0x6574616d,
  0x6c616972, 0x00000000, 0x00050005, 0x0000001f, 0x75706e69, 0x76752e74, 0x00000000, 0x00040005,
  0x00000024, 0x65736162, 0x0070614d, 0x00050005, 0x00000025, 0x61735f5f, 0x656c706d, 0x00000064,
  0x000b0005, 0x0000003e, 0x72746e65, 0x696f5079, 0x6150746e, 0x5f6d6172, 0x64616873, 0x7246776f,
  0x656d6761, 0x614d746e, 0x00006e69, 0x00070005, 0x00000002, 0x64616873, 0x7246776f, 0x656d6761,
  0x614d746e, 0x00006e69, 0x00030047, 0x0000000d, 0x00000002, 0x00050048, 0x0000000d, 0x00000000,
  0x00000023, 0x00000000, 0x00050048, 0x0000000d, 0x00000001, 0x00000023, 0x00000010, 0x00050048,
  0x0000000d, 0x00000002, 0x00000023, 0x00000020, 0x00050048, 0x0000000d, 0x00000003, 0x00000023,
  0x00000030, 0x00050048, 0x0000000d, 0x00000004, 0x00000023, 0x00000040, 0x00050048, 0x0000000d,
  0x00000005, 0x00000023, 0x00000050, 0x00040048, 0x0000000d, 0x00000005, 0x00000005, 0x00050048,
  0x0000000d, 0x00000005, 0x00000007, 0x00000010, 0x00050048, 0x0000000d, 0x00000006, 0x00000023,
  0x00000090, 0x00050048, 0x0000000d, 0x00000007, 0x00000023, 0x000000a0, 0x00050048, 0x0000000d,
  0x00000008, 0x00000023, 0x000000b0, 0x00050048, 0x0000000d, 0x00000009, 0x00000023, 0x000000c0,
  0x00050048, 0x0000000d, 0x0000000a, 0x00000023, 0x000000d0, 0x00050048, 0x0000000d, 0x0000000b,
  0x00000023, 0x000000e0, 0x00040047, 0x00000012, 0x00000021, 0x00000004, 0x00040047, 0x00000012,
  0x00000022, 0x00000000, 0x00040047, 0x0000001f, 0x0000001e, 0x00000003, 0x00040047, 0x00000024,
  0x00000021, 0x00000000, 0x00040047, 0x00000024, 0x00000022, 0x00000000, 0x00040047, 0x0000003a,
  0x0000000b, 0x0000000f, 0x00040047, 0x0000003e, 0x0000001e, 0x00000000, 0x00020013, 0x00000001,
  0x00030021, 0x00000003, 0x00000001, 0x00020014, 0x00000005, 0x00040020, 0x00000006, 0x00000007,
  0x00000005, 0x00030016, 0x0000000e, 0x00000020, 0x00040017, 0x0000000f, 0x0000000e, 0x00000004,
  0x00040018, 0x00000010, 0x0000000f, 0x00000004, 0x000e001e, 0x0000000d, 0x0000000f, 0x0000000f,
  0x0000000f, 0x0000000f, 0x0000000f, 0x00000010, 0x0000000f, 0x0000000f, 0x0000000f, 0x0000000f,
  0x0000000f, 0x0000000f, 0x00040020, 0x00000011, 0x00000002, 0x0000000d, 0x00040015, 0x00000013,
  0x00000020, 0x00000001, 0x0004002b, 0x00000013, 0x00000014, 0x0000000a, 0x00040020, 0x00000015,
  0x00000002, 0x0000000f, 0x0004002b, 0x0000000e, 0x0000001a, 0x00000000, 0x00040017, 0x0000001c,
  0x0000000e, 0x00000002, 0x00040020, 0x0000001e, 0x00000001, 0x0000001c, 0x00090019, 0x00000020,
  0x0000000e, 0x00000001, 0x00000002, 0x00000000, 0x00000000, 0x00000001, 0x00000000, 0x0003001b,
  0x00000021, 0x00000020, 0x00040020, 0x00000023, 0x00000000, 0x00000021, 0x0004002b, 0x0000000e,
  0x0000002c, 0x3f800000, 0x0003002a, 0x00000005, 0x00000032, 0x00040020, 0x00000039, 0x00000001,
  0x0000000f, 0x00040020, 0x0000003d, 0x00000003, 0x0000000f, 0x0004003b, 0x00000011, 0x00000012,
  0x00000002, 0x0004003b, 0x0000001e, 0x0000001f, 0x00000001, 0x0004003b, 0x00000023, 0x00000024,
  0x00000000, 0x0004003b, 0x00000039, 0x0000003a, 0x00000001, 0x0004003b, 0x0000003d, 0x0000003e,
  0x00000003, 0x00050036, 0x00000001, 0x00000002, 0x00000000, 0x00000003, 0x000200f8, 0x00000004,
  0x0004003b, 0x00000006, 0x00000007, 0x00000007, 0x00050041, 0x00000015, 0x00000016, 0x00000012,
  0x00000014, 0x0004003d, 0x0000000f, 0x00000017, 0x00000016, 0x00050051, 0x0000000e, 0x00000018,
  0x00000017, 0x00000002, 0x000500ba, 0x00000005, 0x00000019, 0x00000018, 0x0000001a, 0x000300f7,
  0x0000000a, 0x00000000, 0x000400fa, 0x00000019, 0x00000008, 0x00000009, 0x000200f8, 0x00000008,
  0x0004003d, 0x0000001c, 0x0000001d, 0x0000001f, 0x0004003d, 0x00000021, 0x00000022, 0x00000024,
  0x00060057, 0x0000000f, 0x00000025, 0x00000022, 0x0000001d, 0x00000000, 0x00050051, 0x0000000e,
  0x00000027, 0x00000025, 0x00000003, 0x0004003d, 0x0000000f, 0x00000028, 0x00000016, 0x00050051,
  0x0000000e, 0x00000029, 0x00000028, 0x00000002, 0x0008000c, 0x0000000e, 0x0000002a, 0x0000002b,
  0x0000002b, 0x00000029, 0x0000001a, 0x0000002c, 0x0008000c, 0x0000000e, 0x0000002d, 0x0000002b,
  0x0000002b, 0x00000027, 0x0000001a, 0x0000002c, 0x0007000c, 0x0000000e, 0x0000002e, 0x0000002b,
  0x00000030, 0x0000002a, 0x0000002d, 0x000500b4, 0x00000005, 0x0000002f, 0x0000002e, 0x0000001a,
  0x0003003e, 0x00000007, 0x0000002f, 0x000200f9, 0x0000000a, 0x000200f8, 0x00000009, 0x0003003e,
  0x00000007, 0x00000032, 0x000200f9, 0x0000000a, 0x000200f8, 0x0000000a, 0x0004003d, 0x00000005,
  0x00000035, 0x00000007, 0x000300f7, 0x0000000c, 0x00000000, 0x000400fa, 0x00000035, 0x0000000b,
  0x0000000c, 0x000200f8, 0x0000000b, 0x000100fc, 0x000200f8, 0x0000000c, 0x0004003d, 0x0000000f,
  0x00000038, 0x0000003a, 0x00050051, 0x0000000e, 0x0000003b, 0x00000038, 0x00000002, 0x00070050,
  0x0000000f, 0x0000003c, 0x0000003b, 0x0000001a, 0x0000001a, 0x0000002c, 0x0003003e, 0x0000003e,
  0x0000003c, 0x000100fd, 0x00010038,
};
} // namespace Nexora::Presentation
// clang-format on
