// Generated by Tools/Build/PrepareCourtyardEnvironment.py; source license CC0-1.0.
// clang-format off
#pragma once
#include <array>
#include <cstdint>
namespace nexora::showcase::courtyard_environment {
inline constexpr std::array<std::uint8_t, 1024> diffuse{{
  0xc2, 0x40, 0x05, 0x42, 0x8b, 0x44, 0x00, 0x3c, 0x6d, 0x41, 0x0b, 0x43, 0x6e, 0x45, 0x00, 0x3c, 0x81, 0x41, 0x07, 0x43, 0x80, 0x45, 0x00, 0x3c,
  0x2b, 0x42, 0xdf, 0x43, 0x0b, 0x46, 0x00, 0x3c, 0x66, 0x41, 0xe7, 0x42, 0x77, 0x45, 0x00, 0x3c, 0x02, 0x41, 0x60, 0x42, 0xca, 0x44, 0x00, 0x3c,
  0xce, 0x41, 0x7f, 0x43, 0xb3, 0x45, 0x00, 0x3c, 0x0b, 0x43, 0x7c, 0x44, 0x07, 0x47, 0x00, 0x3c, 0xa2, 0x42, 0x20, 0x44, 0x69, 0x46, 0x00, 0x3c,
  0xb3, 0x42, 0x3f, 0x44, 0x62, 0x46, 0x00, 0x3c, 0x13, 0x41, 0x7a, 0x42, 0xe7, 0x44, 0x00, 0x3c, 0x42, 0x42, 0xad, 0x43, 0xf0, 0x45, 0x00, 0x3c,
  0xed, 0x41, 0xb4, 0x43, 0x1b, 0x46, 0x00, 0x3c, 0x3c, 0x41, 0xae, 0x42, 0x0d, 0x45, 0x00, 0x3c, 0x71, 0x41, 0x08, 0x43, 0x5e, 0x45, 0x00, 0x3c,
  0x64, 0x42, 0xc6, 0x43, 0xfd, 0x45, 0x00, 0x3c, 0x22, 0x40, 0x10, 0x41, 0x81, 0x43, 0x00, 0x3c, 0x7e, 0x40, 0x9b, 0x41, 0x52, 0x44, 0x00, 0x3c,
  0x6f, 0x40, 0xbf, 0x41, 0x72, 0x44, 0x00, 0x3c, 0x31, 0x40, 0x5a, 0x41, 0xaa, 0x43, 0x00, 0x3c, 0x0c, 0x42, 0x8b, 0x43, 0xb6, 0x45, 0x00, 0x3c,
  0xb3, 0x40, 0x1d, 0x42, 0x9c, 0x44, 0x00, 0x3c, 0x30, 0x43, 0x99, 0x44, 0x5f, 0x47, 0x00, 0x3c, 0x5c, 0x41, 0xf4, 0x42, 0x19, 0x45, 0x00, 0x3c,
  0x51, 0x43, 0xbb, 0x44, 0xc7, 0x47, 0x00, 0x3c, 0x4d, 0x41, 0xf1, 0x42, 0x5b, 0x45, 0x00, 0x3c, 0x32, 0x42, 0xe1, 0x43, 0x32, 0x46, 0x00, 0x3c,
  0x95, 0x41, 0xff, 0x42, 0x47, 0x45, 0x00, 0x3c, 0x0b, 0x40, 0x2b, 0x41, 0x85, 0x43, 0x00, 0x3c, 0xbe, 0x40, 0xd5, 0x41, 0x6b, 0x44, 0x00, 0x3c,
  0x90, 0x40, 0x72, 0x41, 0xab, 0x43, 0x00, 0x3c, 0x24, 0x41, 0x57, 0x42, 0xe3, 0x44, 0x00, 0x3c, 0x76, 0x3d, 0xa7, 0x3e, 0xc3, 0x40, 0x00, 0x3c,
  0xbf, 0x3d, 0xff, 0x3e, 0xbb, 0x40, 0x00, 0x3c, 0xda, 0x3e, 0x49, 0x40, 0x79, 0x42, 0x00, 0x3c, 0x12, 0x3f, 0x7c, 0x40, 0xd9, 0x42, 0x00, 0x3c,
  0x05, 0x3f, 0x69, 0x40, 0x5c, 0x42, 0x00, 0x3c, 0x1a, 0x40, 0x08, 0x41, 0x3e, 0x43, 0x00, 0x3c, 0xb1, 0x40, 0xf6, 0x41, 0x3b, 0x44, 0x00, 0x3c,
  0xb6, 0x41, 0xc5, 0x42, 0xc1, 0x44, 0x00, 0x3c, 0x9d, 0x41, 0xed, 0x42, 0x2b, 0x45, 0x00, 0x3c, 0x04, 0x41, 0x19, 0x42, 0x49, 0x44, 0x00, 0x3c,
  0x9c, 0x41, 0xde, 0x42, 0x22, 0x45, 0x00, 0x3c, 0xf6, 0x3f, 0xb8, 0x40, 0xe4, 0x42, 0x00, 0x3c, 0xb2, 0x41, 0x7e, 0x42, 0xc1, 0x44, 0x00, 0x3c,
  0x67, 0x40, 0xfc, 0x40, 0x37, 0x43, 0x00, 0x3c, 0x3e, 0x3c, 0xda, 0x3c, 0x20, 0x3e, 0x00, 0x3c, 0x3f, 0x3e, 0x68, 0x3f, 0x4e, 0x41, 0x00, 0x3c,
  0x66, 0x39, 0x3e, 0x39, 0xd1, 0x38, 0x00, 0x3c, 0x5e, 0x3a, 0x7a, 0x3a, 0xea, 0x39, 0x00, 0x3c, 0xc1, 0x3a, 0x1c, 0x3b, 0xf6, 0x3a, 0x00, 0x3c,
  0x50, 0x3a, 0x89, 0x3a, 0x49, 0x3b, 0x00, 0x3c, 0x64, 0x3d, 0xb5, 0x3e, 0xcd, 0x40, 0x00, 0x3c, 0x86, 0x3f, 0x2f, 0x40, 0xe1, 0x41, 0x00, 0x3c,
  0x07, 0x3e, 0x97, 0x3f, 0x49, 0x41, 0x00, 0x3c, 0xef, 0x3f, 0xba, 0x40, 0xac, 0x42, 0x00, 0x3c, 0xe8, 0x40, 0xcf, 0x41, 0x3b, 0x44, 0x00, 0x3c,
  0xf9, 0x3f, 0xe8, 0x40, 0x09, 0x43, 0x00, 0x3c, 0xaa, 0x40, 0x81, 0x41, 0x08, 0x44, 0x00, 0x3c, 0x4b, 0x3e, 0x33, 0x3f, 0xf6, 0x40, 0x00, 0x3c,
  0x25, 0x3a, 0xd8, 0x39, 0x2d, 0x39, 0x00, 0x3c, 0x53, 0x3b, 0xb6, 0x3a, 0xef, 0x39, 0x00, 0x3c, 0xc8, 0x3b, 0x27, 0x3b, 0xfa, 0x39, 0x00, 0x3c,
  0xa7, 0x39, 0x52, 0x39, 0x96, 0x38, 0x00, 0x3c, 0xc2, 0x39, 0xbc, 0x38, 0x5b, 0x36, 0x00, 0x3c, 0x7f, 0x39, 0xfc, 0x38, 0x66, 0x37, 0x00, 0x3c,
  0xb6, 0x39, 0xe8, 0x38, 0xd8, 0x36, 0x00, 0x3c, 0xca, 0x39, 0x87, 0x39, 0xd1, 0x38, 0x00, 0x3c, 0xbc, 0x39, 0xbd, 0x39, 0x38, 0x39, 0x00, 0x3c,
  0x90, 0x3b, 0xba, 0x3b, 0x33, 0x3c, 0x00, 0x3c, 0x2a, 0x3c, 0xa8, 0x3c, 0xdf, 0x3d, 0x00, 0x3c, 0xd4, 0x3e, 0xa6, 0x3f, 0x33, 0x41, 0x00, 0x3c,
  0x1a, 0x3c, 0xc2, 0x3c, 0x2f, 0x3e, 0x00, 0x3c, 0x4a, 0x3c, 0xcc, 0x3c, 0x9e, 0x3d, 0x00, 0x3c, 0x96, 0x3b, 0xe6, 0x3b, 0x4a, 0x3c, 0x00, 0x3c,
  0x65, 0x3d, 0x9c, 0x3d, 0x01, 0x3f, 0x00, 0x3c, 0xe7, 0x3c, 0xc5, 0x3c, 0xae, 0x3d, 0x00, 0x3c, 0x2d, 0x3a, 0xbc, 0x38, 0xb2, 0x35, 0x00, 0x3c,
  0xa1, 0x3a, 0x31, 0x3a, 0x5f, 0x3a, 0x00, 0x3c, 0xe7, 0x39, 0xc6, 0x38, 0x9a, 0x36, 0x00, 0x3c, 0x7e, 0x39, 0xf7, 0x37, 0x32, 0x34, 0x00, 0x3c,
  0x6f, 0x39, 0x1f, 0x38, 0x62, 0x34, 0x00, 0x3c, 0xe0, 0x38, 0x15, 0x38, 0x3c, 0x35, 0x00, 0x3c, 0x88, 0x38, 0x14, 0x37, 0x09, 0x34, 0x00, 0x3c,
  0x64, 0x38, 0x43, 0x37, 0x18, 0x34, 0x00, 0x3c, 0x13, 0x3a, 0x03, 0x3a, 0xb5, 0x3a, 0x00, 0x3c, 0x20, 0x39, 0xc3, 0x38, 0x9e, 0x37, 0x00, 0x3c,
  0x47, 0x38, 0x1d, 0x38, 0x57, 0x36, 0x00, 0x3c, 0xae, 0x38, 0x4a, 0x38, 0x24, 0x37, 0x00, 0x3c, 0xcb, 0x38, 0x12, 0x38, 0x1d, 0x36, 0x00, 0x3c,
  0x14, 0x3a, 0xad, 0x39, 0xf6, 0x39, 0x00, 0x3c, 0xa6, 0x39, 0x4d, 0x38, 0xf5, 0x35, 0x00, 0x3c, 0x15, 0x3a, 0xa9, 0x38, 0x4e, 0x36, 0x00, 0x3c,
  0x12, 0x3a, 0x7a, 0x38, 0x41, 0x36, 0x00, 0x3c, 0x6d, 0x39, 0xec, 0x37, 0x3d, 0x34, 0x00, 0x3c, 0xac, 0x39, 0x04, 0x38, 0x15, 0x34, 0x00, 0x3c,
  0x8b, 0x39, 0xc5, 0x37, 0x4b, 0x34, 0x00, 0x3c, 0x6e, 0x3a, 0x85, 0x38, 0xb8, 0x34, 0x00, 0x3c, 0xe9, 0x38, 0xe5, 0x36, 0x0f, 0x34, 0x00, 0x3c,
  0x4f, 0x38, 0x7f, 0x36, 0x8f, 0x33, 0x00, 0x3c, 0x64, 0x39, 0x24, 0x38, 0x82, 0x34, 0x00, 0x3c, 0x5b, 0x38, 0x75, 0x36, 0xba, 0x33, 0x00, 0x3c,
  0x45, 0x38, 0x1f, 0x37, 0x59, 0x35, 0x00, 0x3c, 0x4f, 0x39, 0x2a, 0x38, 0x0e, 0x36, 0x00, 0x3c, 0xe3, 0x37, 0x22, 0x36, 0xd3, 0x33, 0x00, 0x3c,
  0x4c, 0x39, 0x4c, 0x38, 0x9d, 0x36, 0x00, 0x3c, 0x74, 0x3a, 0x10, 0x39, 0x1e, 0x38, 0x00, 0x3c, 0xbe, 0x38, 0x9d, 0x36, 0xfc, 0x33, 0x00, 0x3c,
  0xff, 0x39, 0xdf, 0x37, 0x9d, 0x34, 0x00, 0x3c, 0x82, 0x3a, 0x47, 0x38, 0x02, 0x35, 0x00, 0x3c, 0xb5, 0x39, 0xe1, 0x37, 0x68, 0x34, 0x00, 0x3c,
  0x1b, 0x3a, 0x26, 0x38, 0x64, 0x34, 0x00, 0x3c, 0x0c, 0x39, 0x1a, 0x37, 0x33, 0x34, 0x00, 0x3c, 0xc1, 0x39, 0xe2, 0x37, 0x63, 0x34, 0x00, 0x3c,
  0x32, 0x39, 0x59, 0x37, 0x38, 0x34, 0x00, 0x3c, 0xc7, 0x38, 0xae, 0x36, 0xd2, 0x33, 0x00, 0x3c, 0x91, 0x38, 0xa7, 0x36, 0xf7, 0x33, 0x00, 0x3c,
  0x35, 0x39, 0x70, 0x37, 0x34, 0x34, 0x00, 0x3c, 0xb4, 0x38, 0xe2, 0x36, 0xc3, 0x33, 0x00, 0x3c, 0x33, 0x39, 0x49, 0x37, 0x33, 0x34, 0x00, 0x3c,
  0x19, 0x39, 0x60, 0x37, 0x61, 0x34, 0x00, 0x3c, 0x8e, 0x39, 0x85, 0x37, 0x65, 0x34, 0x00, 0x3c, 0xbd, 0x39, 0x25, 0x38, 0xb2, 0x34, 0x00, 0x3c,
  0x1f, 0x39, 0x20, 0x37, 0x33, 0x34, 0x00, 0x3c, 0xa9, 0x39, 0xbc, 0x37, 0xa0, 0x34, 0x00, 0x3c, 0x48, 0x3a, 0x3f, 0x38, 0xcc, 0x34, 0x00, 0x3c,
  0xb1, 0x39, 0xb5, 0x37, 0x76, 0x34, 0x00, 0x3c, 0x09, 0x3a, 0x16, 0x38, 0xb3, 0x34, 0x00, 0x3c,
}};
inline constexpr std::array<std::uint8_t, 21848> specular{{
  0xd2, 0x32, 0xe0, 0x34, 0xec, 0x37, 0x00, 0x3c, 0xd2, 0x35, 0x24, 0x38, 0x4a, 0x3b, 0x00, 0x3c, 0x54, 0x38, 0xa8, 0x3a, 0xd4, 0x3c, 0x00, 0x3c,
  0x6a, 0x37, 0x3a, 0x39, 0x59, 0x3c, 0x00, 0x3c, 0x10, 0x40, 0x8e, 0x41, 0x34, 0x45, 0x00, 0x3c, 0x2c, 0x3c, 0xcc, 0x3d, 0x54, 0x41, 0x00, 0x3c,
  0x57, 0x39, 0xe8, 0x3b, 0x5f, 0x3e, 0x00, 0x3c, 0x6c, 0x3b, 0x6c, 0x3d, 0xf9, 0x40, 0x00, 0x3c, 0x3c, 0x45, 0xcc, 0x46, 0x5a, 0x4b, 0x00, 0x3c,
  0xec, 0x41, 0xbd, 0x43, 0xc7, 0x47, 0x00, 0x3c, 0xe8, 0x39, 0xfc, 0x3b, 0x96, 0x3e, 0x00, 0x3c, 0xf8, 0x37, 0xf2, 0x39, 0xc2, 0x3c, 0x00, 0x3c,
  0xe0, 0x3e, 0x0c, 0x41, 0xfe, 0x43, 0x00, 0x3c, 0xb4, 0x37, 0xba, 0x39, 0x1e, 0x3c, 0x00, 0x3c, 0x64, 0x39, 0xcc, 0x3b, 0x42, 0x3d, 0x00, 0x3c,
  0xec, 0x40, 0x9c, 0x42, 0x02, 0x46, 0x00, 0x3c, 0x24, 0x44, 0xae, 0x45, 0x73, 0x49, 0x00, 0x3c, 0xe8, 0x45, 0x18, 0x48, 0x12, 0x4c, 0x00, 0x3c,
  0xf8, 0x45, 0x30, 0x48, 0x16, 0x4c, 0x00, 0x3c, 0xf8, 0x45, 0x4c, 0x48, 0x12, 0x4c, 0x00, 0x3c, 0xf0, 0x45, 0x50, 0x48, 0x20, 0x4c, 0x00, 0x3c,
  0x18, 0x46, 0x74, 0x48, 0x24, 0x4c, 0x00, 0x3c, 0x10, 0x46, 0x78, 0x48, 0x30, 0x4c, 0x00, 0x3c, 0x48, 0x46, 0x74, 0x48, 0x36, 0x4c, 0x00, 0x3c,
  0x50, 0x46, 0x88, 0x48, 0x40, 0x4c, 0x00, 0x3c, 0x68, 0x46, 0x7c, 0x48, 0x4e, 0x4c, 0x00, 0x3c, 0x98, 0x46, 0x84, 0x48, 0x66, 0x4c, 0x00, 0x3c,
  0xa8, 0x46, 0x80, 0x48, 0x6a, 0x4c, 0x00, 0x3c, 0xd0, 0x46, 0x80, 0x48, 0x74, 0x4c, 0x00, 0x3c, 0xb0, 0x45, 0x58, 0x47, 0x10, 0x4b, 0x00, 0x3c,
  0x8e, 0x38, 0x7e, 0x39, 0x3e, 0x3c, 0x00, 0x3c, 0xec, 0x36, 0xf6, 0x37, 0x8b, 0x38, 0x00, 0x3c, 0x16, 0x34, 0x9c, 0x33, 0xa2, 0x34, 0x00, 0x3c,
  0xea, 0x34, 0xc6, 0x34, 0xfa, 0x34, 0x00, 0x3c, 0xd8, 0x32, 0xae, 0x32, 0x4c, 0x33, 0x00, 0x3c, 0x52, 0x30, 0x30, 0x30, 0x4c, 0x31, 0x00, 0x3c,
  0x94, 0x2f, 0x50, 0x30, 0x70, 0x32, 0x00, 0x3c, 0xa4, 0x31, 0x08, 0x33, 0x1d, 0x35, 0x00, 0x3c, 0xb0, 0x36, 0xc4, 0x38, 0x08, 0x3b, 0x00, 0x3c,
  0x74, 0x3b, 0x44, 0x3d, 0x31, 0x40, 0x00, 0x3c, 0xec, 0x36, 0xbc, 0x38, 0x88, 0x3b, 0x00, 0x3c, 0x78, 0x3b, 0xc8, 0x3d, 0x91, 0x40, 0x00, 0x3c,
  0x88, 0x36, 0x46, 0x38, 0xb6, 0x3b, 0x00, 0x3c, 0x7a, 0x40, 0xc6, 0x41, 0x8e, 0x45, 0x00, 0x3c, 0x4c, 0x37, 0xb0, 0x38, 0xb7, 0x3c, 0x00, 0x3c,
  0x2c, 0x39, 0xea, 0x3a, 0x73, 0x3d, 0x00, 0x3c, 0x06, 0x3b, 0xc4, 0x3d, 0xbe, 0x3f, 0x00, 0x3c, 0x94, 0x30, 0xf8, 0x31, 0xff, 0x32, 0x00, 0x3c,
  0x20, 0x2c, 0xd2, 0x2c, 0x22, 0x2e, 0x00, 0x3c, 0xfc, 0x2d, 0x48, 0x2f, 0x76, 0x30, 0x00, 0x3c, 0xe0, 0x2f, 0x8e, 0x30, 0x3e, 0x31, 0x00, 0x3c,
  0x62, 0x30, 0xa2, 0x31, 0x8a, 0x31, 0x00, 0x3c, 0x80, 0x2d, 0x70, 0x2e, 0x98, 0x30, 0x00, 0x3c, 0x74, 0x2d, 0x4c, 0x2e, 0x90, 0x30, 0x00, 0x3c,
  0x44, 0x2e, 0x6c, 0x2f, 0x3c, 0x31, 0x00, 0x3c, 0x94, 0x2d, 0xc8, 0x2e, 0x14, 0x31, 0x00, 0x3c, 0x28, 0x34, 0x03, 0x37, 0x90, 0x37, 0x00, 0x3c,
  0x80, 0x32, 0x40, 0x34, 0xfa, 0x35, 0x00, 0x3c, 0x7c, 0x2f, 0xf2, 0x30, 0x6e, 0x33, 0x00, 0x3c, 0x26, 0x31, 0xb4, 0x32, 0x41, 0x34, 0x00, 0x3c,
  0x76, 0x2d, 0x90, 0x2e, 0xb0, 0x30, 0x00, 0x3c, 0xc4, 0x2c, 0x6a, 0x2d, 0x11, 0x30, 0x00, 0x3c, 0xb2, 0x2d, 0x5a, 0x2e, 0x3f, 0x31, 0x00, 0x3c,
  0x40, 0x2d, 0x8c, 0x2e, 0x5c, 0x31, 0x00, 0x3c, 0x5c, 0x33, 0x10, 0x35, 0x4e, 0x36, 0x00, 0x3c, 0x45, 0x38, 0x80, 0x39, 0x15, 0x3c, 0x00, 0x3c,
  0x78, 0x2d, 0x78, 0x2f, 0x00, 0x32, 0x00, 0x3c, 0x39, 0x38, 0x12, 0x3a, 0x94, 0x3c, 0x00, 0x3c, 0x85, 0x38, 0x40, 0x3a, 0x02, 0x3c, 0x00, 0x3c,
  0x36, 0x39, 0x72, 0x3b, 0x96, 0x3d, 0x00, 0x3c, 0xe2, 0x40, 0xc7, 0x42, 0xd6, 0x46, 0x00, 0x3c, 0x80, 0x43, 0x9c, 0x45, 0x8e, 0x49, 0x00, 0x3c,
  0x50, 0x44, 0x88, 0x46, 0x60, 0x4a, 0x00, 0x3c, 0x64, 0x44, 0xb8, 0x46, 0x5e, 0x4a, 0x00, 0x3c, 0x54, 0x44, 0xc8, 0x46, 0x6e, 0x4a, 0x00, 0x3c,
  0x64, 0x44, 0xcc, 0x46, 0x80, 0x4a, 0x00, 0x3c, 0x70, 0x44, 0xe8, 0x46, 0x8e, 0x4a, 0x00, 0x3c, 0x94, 0x44, 0x14, 0x47, 0xae, 0x4a, 0x00, 0x3c,
  0xb4, 0x44, 0x38, 0x47, 0xc8, 0x4a, 0x00, 0x3c, 0xd8, 0x44, 0x6c, 0x47, 0xea, 0x4a, 0x00, 0x3c, 0xdc, 0x44, 0x7c, 0x47, 0xfe, 0x4a, 0x00, 0x3c,
  0x04, 0x45, 0xb0, 0x47, 0x30, 0x4b, 0x00, 0x3c, 0x08, 0x45, 0xd8, 0x47, 0x52, 0x4b, 0x00, 0x3c, 0x18, 0x45, 0xec, 0x47, 0x76, 0x4b, 0x00, 0x3c,
  0x40, 0x45, 0x0c, 0x48, 0x98, 0x4b, 0x00, 0x3c, 0x64, 0x45, 0x2a, 0x48, 0xc2, 0x4b, 0x00, 0x3c, 0x98, 0x45, 0x3e, 0x48, 0xfe, 0x4b, 0x00, 0x3c,
  0x98, 0x45, 0x5c, 0x48, 0x10, 0x4c, 0x00, 0x3c, 0xc0, 0x45, 0x64, 0x48, 0x32, 0x4c, 0x00, 0x3c, 0x20, 0x46, 0xa4, 0x48, 0x4c, 0x4c, 0x00, 0x3c,
  0x48, 0x46, 0xcc, 0x48, 0x6e, 0x4c, 0x00, 0x3c, 0xb0, 0x46, 0xec, 0x48, 0x8c, 0x4c, 0x00, 0x3c, 0xe0, 0x46, 0x0c, 0x49, 0xb4, 0x4c, 0x00, 0x3c,
  0xf0, 0x46, 0x2c, 0x49, 0xe0, 0x4c, 0x00, 0x3c, 0x48, 0x47, 0x1c, 0x49, 0xf8, 0x4c, 0x00, 0x3c, 0x00, 0x45, 0xee, 0x46, 0xaa, 0x4a, 0x00, 0x3c,
  0xc5, 0x40, 0x96, 0x42, 0x02, 0x46, 0x00, 0x3c, 0x8a, 0x40, 0xd2, 0x41, 0x6d, 0x45, 0x00, 0x3c, 0x04, 0x3d, 0xf6, 0x3e, 0xc2, 0x41, 0x00, 0x3c,
  0x9c, 0x45, 0x28, 0x47, 0xfe, 0x4a, 0x00, 0x3c, 0x7c, 0x36, 0xe5, 0x38, 0x8f, 0x3a, 0x00, 0x3c, 0xd8, 0x38, 0x3e, 0x3b, 0x8b, 0x3c, 0x00, 0x3c,
  0xf5, 0x33, 0xf0, 0x35, 0x78, 0x37, 0x00, 0x3c, 0x74, 0x30, 0x08, 0x32, 0x50, 0x33, 0x00, 0x3c, 0x2c, 0x40, 0x86, 0x41, 0xdb, 0x44, 0x00, 0x3c,
  0xa4, 0x43, 0xe4, 0x44, 0xaf, 0x48, 0x00, 0x3c, 0x46, 0x3a, 0x3f, 0x3c, 0xf1, 0x3e, 0x00, 0x3c, 0x7b, 0x3d, 0x8c, 0x3f, 0x9c, 0x41, 0x00, 0x3c,
  0x1d, 0x40, 0x06, 0x41, 0x76, 0x44, 0x00, 0x3c, 0x12, 0x2e, 0x28, 0x2f, 0xbb, 0x30, 0x00, 0x3c, 0x5c, 0x29, 0xaa, 0x29, 0x12, 0x2a, 0x00, 0x3c,
  0xb8, 0x32, 0xae, 0x35, 0x24, 0x36, 0x00, 0x3c, 0x54, 0x2d, 0x03, 0x2e, 0x2a, 0x2e, 0x00, 0x3c, 0x17, 0x2c, 0x4c, 0x2b, 0x54, 0x2b, 0x00, 0x3c,
  0x0a, 0x2f, 0xe4, 0x2e, 0x4c, 0x2e, 0x00, 0x3c, 0x68, 0x30, 0x5e, 0x30, 0x82, 0x2f, 0x00, 0x3c, 0x35, 0x30, 0xb8, 0x2e, 0x2c, 0x2d, 0x00, 0x3c,
  0x10, 0x2f, 0xee, 0x2d, 0x92, 0x2c, 0x00, 0x3c, 0xe5, 0x2e, 0xcc, 0x2d, 0xd5, 0x2c, 0x00, 0x3c, 0xa0, 0x29, 0x68, 0x29, 0xa4, 0x29, 0x00, 0x3c,
  0xaa, 0x2c, 0x01, 0x2d, 0xf8, 0x2b, 0x00, 0x3c, 0xfc, 0x2c, 0xf2, 0x2c, 0xf4, 0x2c, 0x00, 0x3c, 0x02, 0x2e, 0xb6, 0x2e, 0x20, 0x2e, 0x00, 0x3c,
  0x37, 0x2f, 0xc7, 0x30, 0xf4, 0x30, 0x00, 0x3c, 0x20, 0x2a, 0xda, 0x2a, 0x75, 0x2c, 0x00, 0x3c, 0x80, 0x29, 0x5e, 0x2b, 0xf6, 0x2b, 0x00, 0x3c,
  0xda, 0x2c, 0xea, 0x2d, 0x05, 0x30, 0x00, 0x3c, 0x54, 0x2c, 0x44, 0x2d, 0x4e, 0x2f, 0x00, 0x3c, 0x63, 0x3c, 0xc2, 0x3d, 0x27, 0x41, 0x00, 0x3c,
  0xa1, 0x35, 0x84, 0x36, 0x4b, 0x35, 0x00, 0x3c, 0xc3, 0x30, 0x8e, 0x30, 0xb0, 0x2e, 0x00, 0x3c, 0x86, 0x35, 0xcc, 0x34, 0x34, 0x32, 0x00, 0x3c,
  0x40, 0x36, 0x56, 0x35, 0x34, 0x33, 0x00, 0x3c, 0x54, 0x31, 0x9e, 0x31, 0xe8, 0x2e, 0x00, 0x3c, 0xcc, 0x31, 0x02, 0x32, 0x74, 0x2f, 0x00, 0x3c,
  0xe1, 0x35, 0x75, 0x36, 0xea, 0x31, 0x00, 0x3c, 0xbe, 0x3b, 0xf6, 0x3b, 0x6e, 0x39, 0x00, 0x3c, 0xde, 0x3d, 0x12, 0x3f, 0xa2, 0x3e, 0x00, 0x3c,
  0x05, 0x3c, 0x98, 0x3c, 0xd0, 0x3b, 0x00, 0x3c, 0x28, 0x44, 0x30, 0x46, 0xe2, 0x49, 0x00, 0x3c, 0x34, 0x44, 0x60, 0x46, 0xfe, 0x49, 0x00, 0x3c,
  0x54, 0x44, 0x88, 0x46, 0x24, 0x4a, 0x00, 0x3c, 0x78, 0x44, 0xac, 0x46, 0x12, 0x4a, 0x00, 0x3c, 0x84, 0x44, 0x64, 0x46, 0x82, 0x49, 0x00, 0x3c,
  0xee, 0x39, 0xac, 0x3a, 0xec, 0x37, 0x00, 0x3c, 0x22, 0x3c, 0x2d, 0x3c, 0x3e, 0x38, 0x00, 0x3c, 0x96, 0x34, 0xe8, 0x34, 0xc0, 0x31, 0x00, 0x3c,
  0xb2, 0x39, 0x12, 0x3a, 0xdc, 0x36, 0x00, 0x3c, 0x40, 0x45, 0xac, 0x47, 0x1e, 0x4b, 0x00, 0x3c, 0x00, 0x43, 0xb6, 0x44, 0x50, 0x48, 0x00, 0x3c,
  0x5d, 0x34, 0xb0, 0x34, 0xde, 0x32, 0x00, 0x3c, 0x24, 0x38, 0x9a, 0x38, 0x68, 0x37, 0x00, 0x3c, 0x4a, 0x3a, 0x74, 0x3b, 0x34, 0x3a, 0x00, 0x3c,
  0x7f, 0x3e, 0x48, 0x40, 0xf3, 0x41, 0x00, 0x3c, 0x14, 0x3e, 0x49, 0x40, 0x3f, 0x41, 0x00, 0x3c, 0xb8, 0x46, 0x0c, 0x49, 0xc2, 0x4c, 0x00, 0x3c,
  0xf8, 0x46, 0x44, 0x49, 0xea, 0x4c, 0x00, 0x3c, 0x40, 0x47, 0x78, 0x49, 0x28, 0x4d, 0x00, 0x3c, 0xa2, 0x44, 0xf6, 0x46, 0x75, 0x4a, 0x00, 0x3c,
  0x68, 0x3e, 0xa1, 0x40, 0xe4, 0x43, 0x00, 0x3c, 0x6c, 0x3a, 0x84, 0x3c, 0x22, 0x3f, 0x00, 0x3c, 0xb0, 0x3b, 0xc1, 0x3d, 0x1c, 0x40, 0x00, 0x3c,
  0x11, 0x3c, 0xaa, 0x3d, 0x45, 0x40, 0x00, 0x3c, 0xa7, 0x39, 0x8d, 0x3b, 0x64, 0x3d, 0x00, 0x3c, 0xd8, 0x38, 0x33, 0x3a, 0xca, 0x3c, 0x00, 0x3c,
  0x24, 0x3d, 0x30, 0x3f, 0x60, 0x41, 0x00, 0x3c, 0xf2, 0x37, 0xde, 0x39, 0x2e, 0x3b, 0x00, 0x3c, 0xf4, 0x3d, 0x8b, 0x3f, 0x80, 0x42, 0x00, 0x3c,
  0xf4, 0x40, 0x60, 0x42, 0x26, 0x45, 0x00, 0x3c, 0xb7, 0x42, 0x1d, 0x44, 0x06, 0x47, 0x00, 0x3c, 0x88, 0x3b, 0x36, 0x3c, 0x22, 0x3c, 0x00, 0x3c,
  0xe4, 0x33, 0xaa, 0x34, 0x65, 0x34, 0x00, 0x3c, 0xa0, 0x3a, 0x92, 0x3c, 0x83, 0x3e, 0x00, 0x3c, 0xcc, 0x34, 0x3f, 0x36, 0x2a, 0x38, 0x00, 0x3c,
  0xe8, 0x37, 0x0c, 0x39, 0xdc, 0x3a, 0x00, 0x3c, 0xbc, 0x32, 0x2c, 0x33, 0xd6, 0x32, 0x00, 0x3c, 0xb9, 0x38, 0x67, 0x3a, 0x5c, 0x3c, 0x00, 0x3c,
  0xa0, 0x44, 0x98, 0x45, 0xc9, 0x49, 0x00, 0x3c, 0x9a, 0x39, 0x32, 0x3b, 0x8a, 0x3d, 0x00, 0x3c, 0x0c, 0x44, 0xc4, 0x44, 0x68, 0x49, 0x00, 0x3c,
  0xdc, 0x36, 0x30, 0x38, 0x3c, 0x39, 0x00, 0x3c, 0xec, 0x3f, 0x62, 0x40, 0x2b, 0x44, 0x00, 0x3c, 0xaa, 0x31, 0xa4, 0x30, 0xdc, 0x2f, 0x00, 0x3c,
  0x3d, 0x2d, 0xf7, 0x2c, 0x11, 0x2c, 0x00, 0x3c, 0xee, 0x2d, 0x88, 0x2f, 0xa2, 0x30, 0x00, 0x3c, 0x1c, 0x2c, 0x4d, 0x2c, 0x0a, 0x2d, 0x00, 0x3c,
  0x56, 0x2f, 0x3a, 0x30, 0x54, 0x30, 0x00, 0x3c, 0x26, 0x34, 0x77, 0x35, 0x3c, 0x38, 0x00, 0x3c, 0x9a, 0x2f, 0x36, 0x31, 0x07, 0x33, 0x00, 0x3c,
  0xca, 0x2b, 0xf5, 0x2c, 0x3a, 0x2e, 0x00, 0x3c, 0xa8, 0x32, 0xb5, 0x34, 0xea, 0x35, 0x00, 0x3c, 0x79, 0x38, 0xae, 0x3a, 0x57, 0x3d, 0x00, 0x3c,
  0xa1, 0x34, 0xe6, 0x36, 0xd6, 0x38, 0x00, 0x3c, 0xb8, 0x3a, 0x3c, 0x3c, 0x3c, 0x3e, 0x00, 0x3c, 0x19, 0x34, 0xb3, 0x34, 0xf7, 0x34, 0x00, 0x3c,
  0xba, 0x33, 0x60, 0x33, 0x4c, 0x32, 0x00, 0x3c, 0xd2, 0x2b, 0x21, 0x2c, 0xf2, 0x2b, 0x00, 0x3c, 0x12, 0x29, 0x32, 0x2a, 0x50, 0x2a, 0x00, 0x3c,
  0x6d, 0x30, 0x9f, 0x31, 0xe6, 0x32, 0x00, 0x3c, 0x06, 0x31, 0xf2, 0x30, 0x98, 0x2f, 0x00, 0x3c, 0x06, 0x31, 0x86, 0x31, 0x58, 0x2e, 0x00, 0x3c,
  0x22, 0x38, 0xd2, 0x37, 0xec, 0x33, 0x00, 0x3c, 0xcc, 0x3c, 0x6e, 0x3d, 0x70, 0x33, 0x00, 0x3c, 0x02, 0x3a, 0x5c, 0x3a, 0x84, 0x34, 0x00, 0x3c,
  0x46, 0x38, 0xfe, 0x38, 0x48, 0x33, 0x00, 0x3c, 0xde, 0x3b, 0x24, 0x3d, 0xb4, 0x3d, 0x00, 0x3c, 0x8e, 0x31, 0xc8, 0x32, 0xf8, 0x2f, 0x00, 0x3c,
  0x01, 0x2c, 0x90, 0x2d, 0x26, 0x2a, 0x00, 0x3c, 0xf0, 0x2e, 0x76, 0x2f, 0x70, 0x2c, 0x00, 0x3c, 0x38, 0x31, 0xce, 0x31, 0x6d, 0x30, 0x00, 0x3c,
  0x60, 0x2d, 0xc6, 0x2c, 0x04, 0x2c, 0x00, 0x3c, 0xce, 0x2e, 0x86, 0x2f, 0x9e, 0x2d, 0x00, 0x3c, 0x00, 0x31, 0x5c, 0x31, 0xd0, 0x2f, 0x00, 0x3c,
  0xf8, 0x3c, 0xfe, 0x3e, 0x67, 0x41, 0x00, 0x3c, 0x7a, 0x35, 0xf6, 0x36, 0xf5, 0x38, 0x00, 0x3c, 0x94, 0x3b, 0x0a, 0x3d, 0x3c, 0x3f, 0x00, 0x3c,
  0xa1, 0x34, 0x49, 0x34, 0x5e, 0x32, 0x00, 0x3c, 0xdf, 0x38, 0xdf, 0x38, 0x84, 0x35, 0x00, 0x3c, 0xb6, 0x3c, 0xe3, 0x3d, 0x26, 0x3f, 0x00, 0x3c,
  0x94, 0x40, 0x5c, 0x42, 0xce, 0x44, 0x00, 0x3c, 0x26, 0x42, 0x87, 0x44, 0x28, 0x47, 0x00, 0x3c, 0x38, 0x47, 0xc8, 0x49, 0x86, 0x4d, 0x00, 0x3c,
  0x70, 0x47, 0x20, 0x4a, 0xc6, 0x4d, 0x00, 0x3c, 0xce, 0x44, 0x24, 0x47, 0x42, 0x4a, 0x00, 0x3c, 0x80, 0x3f, 0xac, 0x41, 0xbe, 0x44, 0x00, 0x3c,
  0x52, 0x3b, 0x07, 0x3d, 0xdd, 0x3e, 0x00, 0x3c, 0xda, 0x3f, 0x80, 0x41, 0x5f, 0x43, 0x00, 0x3c, 0xaa, 0x32, 0x52, 0x33, 0x36, 0x32, 0x00, 0x3c,
  0xad, 0x30, 0xea, 0x30, 0x8f, 0x30, 0x00, 0x3c, 0xae, 0x30, 0xd1, 0x30, 0x0f, 0x30, 0x00, 0x3c, 0x26, 0x2d, 0xb6, 0x2d, 0x4c, 0x2d, 0x00, 0x3c,
  0xbf, 0x3c, 0x90, 0x3e, 0x70, 0x40, 0x00, 0x3c, 0x7c, 0x44, 0x87, 0x45, 0x80, 0x48, 0x00, 0x3c, 0x08, 0x3c, 0x3b, 0x3d, 0x36, 0x3f, 0x00, 0x3c,
  0x6c, 0x35, 0x32, 0x36, 0xdc, 0x36, 0x00, 0x3c, 0xbe, 0x3c, 0xdf, 0x3d, 0xa4, 0x3f, 0x00, 0x3c, 0xf9, 0x38, 0x13, 0x3b, 0x4e, 0x3c, 0x00, 0x3c,
  0xd4, 0x39, 0x23, 0x3c, 0x1e, 0x3d, 0x00, 0x3c, 0x5a, 0x34, 0xf6, 0x34, 0x63, 0x34, 0x00, 0x3c, 0xc6, 0x35, 0xbc, 0x36, 0xc4, 0x34, 0x00, 0x3c,
  0xda, 0x31, 0xfc, 0x31, 0xcc, 0x30, 0x00, 0x3c, 0x14, 0x32, 0xf4, 0x32, 0x74, 0x33, 0x00, 0x3c, 0x63, 0x38, 0x4c, 0x3a, 0x51, 0x3c, 0x00, 0x3c,
  0xa0, 0x43, 0xfe, 0x44, 0x75, 0x48, 0x00, 0x3c, 0x32, 0x3c, 0x0f, 0x3d, 0x28, 0x40, 0x00, 0x3c, 0x47, 0x30, 0x28, 0x31, 0x15, 0x33, 0x00, 0x3c,
  0x0a, 0x34, 0x5a, 0x32, 0xba, 0x31, 0x00, 0x3c, 0xea, 0x2b, 0x28, 0x2b, 0x2a, 0x2a, 0x00, 0x3c, 0xfe, 0x2c, 0xe8, 0x2d, 0xb0, 0x2e, 0x00, 0x3c,
  0x6a, 0x32, 0xda, 0x33, 0xe8, 0x34, 0x00, 0x3c, 0xaa, 0x2c, 0x23, 0x2c, 0xd2, 0x2a, 0x00, 0x3c, 0xea, 0x35, 0x0c, 0x38, 0x04, 0x38, 0x00, 0x3c,
  0xe1, 0x30, 0x11, 0x31, 0x79, 0x31, 0x00, 0x3c, 0x80, 0x2d, 0x37, 0x2e, 0x57, 0x2d, 0x00, 0x3c, 0x6c, 0x30, 0x19, 0x31, 0xfc, 0x2f, 0x00, 0x3c,
  0xee, 0x40, 0xb8, 0x42, 0xe9, 0x45, 0x00, 0x3c, 0xd6, 0x32, 0x8a, 0x34, 0xb3, 0x34, 0x00, 0x3c, 0xac, 0x30, 0xe4, 0x30, 0xf2, 0x2e, 0x00, 0x3c,
  0x40, 0x2c, 0x6e, 0x2c, 0x74, 0x2b, 0x00, 0x3c, 0x42, 0x2f, 0xe8, 0x2f, 0x16, 0x2f, 0x00, 0x3c, 0x92, 0x38, 0x4c, 0x3a, 0x92, 0x3c, 0x00, 0x3c,
  0x02, 0x2e, 0x7e, 0x2d, 0xce, 0x2d, 0x00, 0x3c, 0x10, 0x31, 0xae, 0x31, 0x77, 0x31, 0x00, 0x3c, 0x05, 0x38, 0x05, 0x39, 0xe7, 0x39, 0x00, 0x3c,
  0x8c, 0x31, 0xa3, 0x32, 0xf7, 0x33, 0x00, 0x3c, 0xba, 0x32, 0xb6, 0x32, 0x34, 0x32, 0x00, 0x3c, 0x3e, 0x37, 0x88, 0x36, 0xa8, 0x34, 0x00, 0x3c,
  0x70, 0x35, 0x50, 0x35, 0x84, 0x33, 0x00, 0x3c, 0x2f, 0x37, 0xf2, 0x37, 0xfc, 0x31, 0x00, 0x3c, 0xe4, 0x2f, 0xb3, 0x31, 0xd9, 0x31, 0x00, 0x3c,
  0x72, 0x35, 0x14, 0x38, 0x12, 0x3a, 0x00, 0x3c, 0x86, 0x31, 0x62, 0x33, 0x58, 0x35, 0x00, 0x3c, 0x1e, 0x37, 0xc6, 0x38, 0x5f, 0x39, 0x00, 0x3c,
  0x36, 0x32, 0x9a, 0x31, 0xe8, 0x2e, 0x00, 0x3c, 0x57, 0x34, 0x51, 0x35, 0x4a, 0x35, 0x00, 0x3c, 0x1e, 0x30, 0x4d, 0x30, 0x32, 0x2d, 0x00, 0x3c,
  0x07, 0x39, 0x48, 0x3b, 0x82, 0x3c, 0x00, 0x3c, 0x0a, 0x44, 0xf2, 0x45, 0x78, 0x49, 0x00, 0x3c, 0x6e, 0x40, 0x4e, 0x42, 0xce, 0x45, 0x00, 0x3c,
  0x5c, 0x38, 0x74, 0x3a, 0x72, 0x3c, 0x00, 0x3c, 0x70, 0x2b, 0x9a, 0x2d, 0x12, 0x2d, 0x00, 0x3c, 0xa0, 0x30, 0x98, 0x30, 0x7c, 0x2f, 0x00, 0x3c,
  0x12, 0x35, 0xbf, 0x36, 0xf7, 0x37, 0x00, 0x3c, 0xe0, 0x3d, 0x3e, 0x40, 0x40, 0x43, 0x00, 0x3c, 0xe8, 0x31, 0x5c, 0x34, 0xb2, 0x34, 0x00, 0x3c,
  0xd3, 0x35, 0x3f, 0x38, 0x44, 0x39, 0x00, 0x3c, 0xbb, 0x43, 0x34, 0x45, 0x45, 0x48, 0x00, 0x3c, 0xc4, 0x38, 0x69, 0x3a, 0xd7, 0x3b, 0x00, 0x3c,
  0x0a, 0x43, 0x82, 0x44, 0x06, 0x47, 0x00, 0x3c, 0x18, 0x45, 0x36, 0x47, 0x03, 0x4a, 0x00, 0x3c, 0x9b, 0x3b, 0xfa, 0x3c, 0x14, 0x3f, 0x00, 0x3c,
  0x60, 0x31, 0x1e, 0x31, 0xe4, 0x30, 0x00, 0x3c, 0x8c, 0x39, 0x40, 0x3a, 0x69, 0x3a, 0x00, 0x3c, 0x52, 0x39, 0x9f, 0x3a, 0xce, 0x3b, 0x00, 0x3c,
  0x8c, 0x2b, 0x0a, 0x2c, 0x36, 0x2c, 0x00, 0x3c, 0x74, 0x43, 0x7d, 0x44, 0x50, 0x47, 0x00, 0x3c, 0xdc, 0x4b, 0x7e, 0x4c, 0x1b, 0x50, 0x00, 0x3c,
  0x30, 0x49, 0x98, 0x49, 0x13, 0x4d, 0x00, 0x3c, 0xcb, 0x3e, 0x47, 0x40, 0xb6, 0x41, 0x00, 0x3c, 0xc0, 0x30, 0x9e, 0x30, 0x6a, 0x2f, 0x00, 0x3c,
  0xa4, 0x3b, 0xba, 0x3d, 0xec, 0x3e, 0x00, 0x3c, 0x14, 0x3b, 0xc9, 0x3c, 0x6f, 0x3f, 0x00, 0x3c, 0xe2, 0x37, 0x48, 0x39, 0x38, 0x3b, 0x00, 0x3c,
  0x26, 0x34, 0xea, 0x34, 0xd0, 0x35, 0x00, 0x3c, 0x80, 0x32, 0x68, 0x33, 0x81, 0x34, 0x00, 0x3c, 0x82, 0x35, 0xe8, 0x36, 0x80, 0x38, 0x00, 0x3c,
  0x4c, 0x35, 0x28, 0x37, 0xd2, 0x38, 0x00, 0x3c, 0x62, 0x35, 0xd8, 0x36, 0xe5, 0x38, 0x00, 0x3c, 0x1e, 0x2f, 0xee, 0x2d, 0xe4, 0x2d, 0x00, 0x3c,
  0xd9, 0x3c, 0x4b, 0x3e, 0x68, 0x41, 0x00, 0x3c, 0x82, 0x2f, 0xea, 0x2f, 0x8a, 0x30, 0x00, 0x3c, 0x28, 0x2c, 0x38, 0x2b, 0xf4, 0x2a, 0x00, 0x3c,
  0xba, 0x2d, 0x86, 0x2f, 0x3a, 0x2f, 0x00, 0x3c, 0x5a, 0x30, 0xce, 0x30, 0xdc, 0x2e, 0x00, 0x3c, 0x02, 0x30, 0xf7, 0x2f, 0x8e, 0x2e, 0x00, 0x3c,
  0x0a, 0x32, 0x33, 0x34, 0x13, 0x35, 0x00, 0x3c, 0x36, 0x33, 0x52, 0x34, 0x89, 0x34, 0x00, 0x3c, 0x7c, 0x31, 0xbb, 0x31, 0x44, 0x30, 0x00, 0x3c,
  0x30, 0x2f, 0x66, 0x2f, 0xa8, 0x2b, 0x00, 0x3c, 0xba, 0x36, 0x54, 0x38, 0xb8, 0x38, 0x00, 0x3c, 0x8a, 0x39, 0x89, 0x3a, 0x89, 0x3a, 0x00, 0x3c,
  0x28, 0x3a, 0x84, 0x3c, 0x59, 0x40, 0x00, 0x3c, 0x8e, 0x34, 0x2a, 0x36, 0x7a, 0x38, 0x00, 0x3c, 0x48, 0x36, 0xf2, 0x36, 0x22, 0x36, 0x00, 0x3c,
  0x36, 0x2a, 0x8e, 0x2a, 0xda, 0x28, 0x00, 0x3c, 0x9d, 0x30, 0x57, 0x30, 0x13, 0x31, 0x00, 0x3c, 0x6d, 0x35, 0xb2, 0x36, 0x0f, 0x37, 0x00, 0x3c,
  0x62, 0x38, 0x2e, 0x3a, 0xb4, 0x3c, 0x00, 0x3c, 0xc0, 0x36, 0x1c, 0x38, 0xa5, 0x39, 0x00, 0x3c, 0xec, 0x3c, 0x7e, 0x3e, 0xce, 0x41, 0x00, 0x3c,
  0x58, 0x32, 0x2c, 0x32, 0xac, 0x30, 0x00, 0x3c, 0x0e, 0x36, 0xbe, 0x37, 0x32, 0x38, 0x00, 0x3c, 0xa6, 0x2a, 0x03, 0x2c, 0xf2, 0x29, 0x00, 0x3c,
  0x00, 0x2d, 0x48, 0x2e, 0x68, 0x2c, 0x00, 0x3c, 0x80, 0x2d, 0x2a, 0x2e, 0x5a, 0x2d, 0x00, 0x3c, 0x16, 0x38, 0xf2, 0x39, 0xdb, 0x3c, 0x00, 0x3c,
  0xfa, 0x2e, 0xc4, 0x30, 0xb7, 0x30, 0x00, 0x3c, 0xb6, 0x29, 0xd6, 0x29, 0x76, 0x28, 0x00, 0x3c, 0x46, 0x34, 0x80, 0x35, 0x6c, 0x37, 0x00, 0x3c,
  0x9c, 0x2f, 0x2d, 0x30, 0x98, 0x2d, 0x00, 0x3c, 0x86, 0x38, 0x5a, 0x3a, 0xbf, 0x3c, 0x00, 0x3c, 0x8d, 0x35, 0x98, 0x37, 0x6a, 0x39, 0x00, 0x3c,
  0xf8, 0x3a, 0xb8, 0x3c, 0x20, 0x3f, 0x00, 0x3c, 0x74, 0x3b, 0xf0, 0x3c, 0x0a, 0x40, 0x00, 0x3c, 0x96, 0x3b, 0xe0, 0x3c, 0x19, 0x3f, 0x00, 0x3c,
  0xcd, 0x38, 0xd2, 0x39, 0xba, 0x3a, 0x00, 0x3c, 0x31, 0x30, 0xdb, 0x30, 0x7f, 0x30, 0x00, 0x3c, 0x14, 0x40, 0xae, 0x41, 0x97, 0x44, 0x00, 0x3c,
  0x20, 0x40, 0x5a, 0x41, 0x9d, 0x44, 0x00, 0x3c, 0x38, 0x39, 0x18, 0x3b, 0xe0, 0x3d, 0x00, 0x3c, 0x31, 0x3c, 0xdc, 0x3d, 0x3f, 0x40, 0x00, 0x3c,
  0xec, 0x32, 0xf0, 0x33, 0xee, 0x32, 0x00, 0x3c, 0x16, 0x35, 0x31, 0x37, 0x31, 0x38, 0x00, 0x3c, 0x04, 0x44, 0x16, 0x45, 0x8a, 0x48, 0x00, 0x3c,
  0x36, 0x40, 0x80, 0x41, 0x6b, 0x44, 0x00, 0x3c, 0xfc, 0x2e, 0x64, 0x2f, 0xd4, 0x30, 0x00, 0x3c, 0xba, 0x44, 0xd4, 0x45, 0xdd, 0x48, 0x00, 0x3c,
  0xd0, 0x47, 0x8c, 0x48, 0x92, 0x4b, 0x00, 0x3c, 0x72, 0x2e, 0x8b, 0x2e, 0x12, 0x2d, 0x00, 0x3c, 0x0a, 0x3d, 0xd7, 0x3e, 0x74, 0x40, 0x00, 0x3c,
  0x82, 0x40, 0xc2, 0x41, 0xba, 0x43, 0x00, 0x3c, 0x42, 0x39, 0x2e, 0x39, 0x3f, 0x38, 0x00, 0x3c, 0xbc, 0x38, 0x70, 0x3a, 0xd6, 0x3b, 0x00, 0x3c,
  0xb8, 0x33, 0x17, 0x34, 0xf4, 0x32, 0x00, 0x3c, 0x82, 0x3c, 0xc1, 0x3d, 0x10, 0x40, 0x00, 0x3c, 0x4c, 0x44, 0x2c, 0x45, 0xa0, 0x48, 0x00, 0x3c,
  0xd5, 0x30, 0xe4, 0x30, 0x96, 0x2f, 0x00, 0x3c, 0x80, 0x35, 0x10, 0x37, 0xd6, 0x37, 0x00, 0x3c, 0x45, 0x3f, 0x6e, 0x40, 0x8a, 0x43, 0x00, 0x3c,
  0x2e, 0x36, 0x9c, 0x37, 0x5d, 0x37, 0x00, 0x3c, 0x48, 0x34, 0xe2, 0x34, 0xa1, 0x34, 0x00, 0x3c, 0xa4, 0x3d, 0x66, 0x3f, 0x41, 0x42, 0x00, 0x3c,
  0x00, 0x34, 0x13, 0x34, 0xc8, 0x33, 0x00, 0x3c, 0x5a, 0x39, 0x88, 0x3a, 0x58, 0x3e, 0x00, 0x3c, 0x6b, 0x30, 0x0a, 0x31, 0x39, 0x32, 0x00, 0x3c,
  0xa0, 0x2b, 0xc6, 0x2a, 0x44, 0x2a, 0x00, 0x3c, 0xe2, 0x29, 0x52, 0x2a, 0x6e, 0x29, 0x00, 0x3c, 0x94, 0x35, 0xc4, 0x36, 0xec, 0x36, 0x00, 0x3c,
  0x30, 0x2e, 0xb8, 0x2e, 0xa8, 0x2b, 0x00, 0x3c, 0x14, 0x3c, 0x48, 0x3d, 0x43, 0x3f, 0x00, 0x3c, 0xc8, 0x38, 0x6e, 0x39, 0xb0, 0x37, 0x00, 0x3c,
  0xdc, 0x30, 0xd8, 0x32, 0xab, 0x34, 0x00, 0x3c, 0x20, 0x31, 0x9c, 0x30, 0x30, 0x2d, 0x00, 0x3c, 0x72, 0x2d, 0x28, 0x2e, 0x7c, 0x2b, 0x00, 0x3c,
  0xe8, 0x2c, 0x60, 0x2e, 0xe4, 0x2d, 0x00, 0x3c, 0xd6, 0x36, 0xea, 0x37, 0x6e, 0x34, 0x00, 0x3c, 0x93, 0x3b, 0x30, 0x3c, 0x9b, 0x3b, 0x00, 0x3c,
  0xf6, 0x2e, 0xec, 0x2f, 0x58, 0x2e, 0x00, 0x3c, 0x96, 0x2b, 0x6c, 0x2b, 0x20, 0x29, 0x00, 0x3c, 0x1c, 0x2f, 0xd4, 0x2e, 0xe0, 0x2f, 0x00, 0x3c,
  0x89, 0x30, 0xb3, 0x30, 0x74, 0x2d, 0x00, 0x3c, 0xc2, 0x40, 0x73, 0x41, 0x4c, 0x41, 0x00, 0x3c, 0x66, 0x3a, 0x84, 0x3c, 0x23, 0x40, 0x00, 0x3c,
  0x33, 0x3a, 0x22, 0x3c, 0x2c, 0x3e, 0x00, 0x3c, 0x0c, 0x38, 0x88, 0x37, 0x96, 0x34, 0x00, 0x3c, 0x61, 0x38, 0x70, 0x38, 0x84, 0x35, 0x00, 0x3c,
  0xaa, 0x39, 0xa9, 0x3b, 0xdd, 0x3d, 0x00, 0x3c, 0xe7, 0x37, 0x1c, 0x38, 0x6a, 0x37, 0x00, 0x3c, 0x1e, 0x30, 0x8d, 0x30, 0xbc, 0x2d, 0x00, 0x3c,
  0xea, 0x37, 0x62, 0x38, 0xa4, 0x34, 0x00, 0x3c, 0xe9, 0x30, 0xc9, 0x32, 0x28, 0x34, 0x00, 0x3c, 0x3c, 0x2e, 0x9a, 0x2e, 0xb2, 0x2c, 0x00, 0x3c,
  0x3a, 0x34, 0x12, 0x36, 0xb6, 0x37, 0x00, 0x3c, 0x28, 0x3b, 0x1c, 0x3b, 0xf8, 0x3b, 0x00, 0x3c, 0x8c, 0x3f, 0xb1, 0x40, 0xbe, 0x43, 0x00, 0x3c,
  0xd7, 0x3e, 0x97, 0x40, 0xbf, 0x43, 0x00, 0x3c, 0xd4, 0x34, 0x77, 0x36, 0xd2, 0x38, 0x00, 0x3c, 0x60, 0x37, 0x0c, 0x39, 0x1a, 0x3b, 0x00, 0x3c,
  0x58, 0x33, 0x33, 0x34, 0x87, 0x34, 0x00, 0x3c, 0x7e, 0x35, 0x18, 0x37, 0xf3, 0x38, 0x00, 0x3c, 0x72, 0x3e, 0x12, 0x40, 0x6a, 0x43, 0x00, 0x3c,
  0x42, 0x3c, 0xc0, 0x3d, 0xbd, 0x40, 0x00, 0x3c, 0x02, 0x3b, 0xb8, 0x3c, 0x94, 0x3f, 0x00, 0x3c, 0x97, 0x30, 0xc8, 0x31, 0x33, 0x33, 0x00, 0x3c,
  0xc4, 0x2f, 0xc5, 0x30, 0x80, 0x30, 0x00, 0x3c, 0x18, 0x36, 0x58, 0x36, 0xe5, 0x34, 0x00, 0x3c, 0x26, 0x38, 0xfe, 0x39, 0xee, 0x3a, 0x00, 0x3c,
  0x59, 0x3d, 0x82, 0x3f, 0x6d, 0x41, 0x00, 0x3c, 0x56, 0x3c, 0xd2, 0x3d, 0x8a, 0x3f, 0x00, 0x3c, 0xf4, 0x2c, 0xc6, 0x2c, 0x4c, 0x2d, 0x00, 0x3c,
  0x35, 0x3b, 0xc5, 0x3b, 0x94, 0x3b, 0x00, 0x3c, 0x41, 0x39, 0x40, 0x39, 0x46, 0x38, 0x00, 0x3c, 0x6b, 0x36, 0x97, 0x38, 0x11, 0x39, 0x00, 0x3c,
  0x49, 0x3f, 0xa8, 0x40, 0x76, 0x42, 0x00, 0x3c, 0x05, 0x3b, 0x67, 0x3b, 0x1a, 0x3b, 0x00, 0x3c, 0x10, 0x3d, 0xdc, 0x3e, 0x44, 0x40, 0x00, 0x3c,
  0xa1, 0x40, 0xb0, 0x41, 0xe4, 0x43, 0x00, 0x3c, 0x72, 0x42, 0xc8, 0x43, 0xb8, 0x45, 0x00, 0x3c, 0x7e, 0x36, 0x2e, 0x37, 0x88, 0x37, 0x00, 0x3c,
  0x40, 0x41, 0x68, 0x42, 0xef, 0x44, 0x00, 0x3c, 0x0c, 0x34, 0x09, 0x34, 0x66, 0x32, 0x00, 0x3c, 0x64, 0x2f, 0x50, 0x2e, 0x2e, 0x2e, 0x00, 0x3c,
  0x13, 0x40, 0x24, 0x41, 0xae, 0x43, 0x00, 0x3c, 0x8f, 0x30, 0xa1, 0x30, 0x52, 0x2f, 0x00, 0x3c, 0x76, 0x30, 0x22, 0x31, 0xbd, 0x30, 0x00, 0x3c,
  0x9c, 0x38, 0xf6, 0x39, 0x98, 0x3b, 0x00, 0x3c, 0xca, 0x38, 0x08, 0x3a, 0x1a, 0x3c, 0x00, 0x3c, 0xe1, 0x3d, 0x20, 0x40, 0xba, 0x43, 0x00, 0x3c,
  0x14, 0x44, 0x08, 0x46, 0xa0, 0x49, 0x00, 0x3c, 0x22, 0x2d, 0x6e, 0x2c, 0x4c, 0x2c, 0x00, 0x3c, 0x1c, 0x35, 0x9c, 0x36, 0xc8, 0x36, 0x00, 0x3c,
  0x58, 0x30, 0x50, 0x30, 0x1c, 0x2d, 0x00, 0x3c, 0x60, 0x2e, 0xa4, 0x2e, 0x6a, 0x2a, 0x00, 0x3c, 0x62, 0x34, 0xef, 0x34, 0x62, 0x32, 0x00, 0x3c,
  0x08, 0x32, 0x9e, 0x32, 0xa8, 0x2f, 0x00, 0x3c, 0xb0, 0x3d, 0x26, 0x40, 0x8c, 0x43, 0x00, 0x3c, 0x15, 0x2c, 0xf6, 0x2a, 0x4e, 0x29, 0x00, 0x3c,
  0xe4, 0x32, 0x3a, 0x33, 0x18, 0x32, 0x00, 0x3c, 0xe8, 0x33, 0xd2, 0x33, 0x94, 0x30, 0x00, 0x3c, 0xcc, 0x33, 0xb6, 0x34, 0xa8, 0x33, 0x00, 0x3c,
  0x48, 0x34, 0x27, 0x34, 0x94, 0x2f, 0x00, 0x3c, 0xe4, 0x2b, 0x88, 0x2b, 0x10, 0x29, 0x00, 0x3c, 0xe2, 0x39, 0x22, 0x3b, 0xbb, 0x3c, 0x00, 0x3c,
  0xd6, 0x2e, 0x9e, 0x2e, 0x94, 0x2f, 0x00, 0x3c, 0xa4, 0x32, 0xee, 0x32, 0x3c, 0x30, 0x00, 0x3c, 0xfe, 0x3b, 0x78, 0x3c, 0xf0, 0x39, 0x00, 0x3c,
  0x3e, 0x35, 0x92, 0x35, 0x20, 0x34, 0x00, 0x3c, 0x82, 0x2f, 0x06, 0x2f, 0x74, 0x2d, 0x00, 0x3c, 0xba, 0x38, 0xca, 0x38, 0xd4, 0x36, 0x00, 0x3c,
  0xdc, 0x34, 0x1c, 0x35, 0x18, 0x32, 0x00, 0x3c, 0xbe, 0x38, 0xaf, 0x39, 0xf0, 0x38, 0x00, 0x3c, 0xd4, 0x2c, 0x9a, 0x2c, 0xee, 0x2a, 0x00, 0x3c,
  0x92, 0x2c, 0xe2, 0x2e, 0x58, 0x2c, 0x00, 0x3c, 0xec, 0x36, 0x16, 0x38, 0x5e, 0x35, 0x00, 0x3c, 0x30, 0x40, 0xd8, 0x42, 0x66, 0x46, 0x00, 0x3c,
  0xb0, 0x35, 0xa0, 0x36, 0x3c, 0x36, 0x00, 0x3c, 0x97, 0x34, 0x34, 0x35, 0xfc, 0x32, 0x00, 0x3c, 0x76, 0x31, 0x85, 0x31, 0x31, 0x30, 0x00, 0x3c,
  0x18, 0x40, 0x8f, 0x41, 0x3a, 0x44, 0x00, 0x3c, 0x3c, 0x45, 0x02, 0x48, 0x6e, 0x4b, 0x00, 0x3c, 0x04, 0x3d, 0xee, 0x3e, 0xbc, 0x41, 0x00, 0x3c,
  0xb0, 0x35, 0x4c, 0x37, 0xa9, 0x38, 0x00, 0x3c, 0x93, 0x39, 0x36, 0x3b, 0xa7, 0x3c, 0x00, 0x3c, 0xd6, 0x39, 0x60, 0x3b, 0x78, 0x3c, 0x00, 0x3c,
  0x88, 0x35, 0xf4, 0x35, 0xd2, 0x33, 0x00, 0x3c, 0x0a, 0x40, 0x6c, 0x41, 0xbd, 0x44, 0x00, 0x3c, 0x79, 0x3d, 0xa7, 0x3e, 0x10, 0x42, 0x00, 0x3c,
  0x26, 0x40, 0xa8, 0x41, 0x8e, 0x44, 0x00, 0x3c, 0xb8, 0x45, 0x28, 0x47, 0x16, 0x4a, 0x00, 0x3c, 0x05, 0x2c, 0x62, 0x2c, 0x4f, 0x2c, 0x00, 0x3c,
  0x43, 0x40, 0x7f, 0x41, 0xf0, 0x43, 0x00, 0x3c, 0x74, 0x46, 0xe2, 0x47, 0x84, 0x4a, 0x00, 0x3c, 0x3f, 0x35, 0x0a, 0x36, 0xe3, 0x36, 0x00, 0x3c,
  0xc0, 0x2b, 0x18, 0x2b, 0x96, 0x2b, 0x00, 0x3c, 0x28, 0x42, 0x8c, 0x43, 0x3e, 0x45, 0x00, 0x3c, 0x0b, 0x45, 0xf5, 0x45, 0x1c, 0x48, 0x00, 0x3c,
  0x40, 0x35, 0xea, 0x35, 0x84, 0x35, 0x00, 0x3c, 0xaf, 0x31, 0xa9, 0x31, 0x0f, 0x31, 0x00, 0x3c, 0xde, 0x42, 0x32, 0x44, 0x97, 0x45, 0x00, 0x3c,
  0xf6, 0x3a, 0x18, 0x3c, 0xce, 0x3c, 0x00, 0x3c, 0x68, 0x47, 0x0c, 0x48, 0xba, 0x4a, 0x00, 0x3c, 0x8a, 0x2f, 0x94, 0x2f, 0x2a, 0x2f, 0x00, 0x3c,
  0x38, 0x45, 0x94, 0x46, 0x8a, 0x49, 0x00, 0x3c, 0xcf, 0x40, 0x25, 0x42, 0xb6, 0x44, 0x00, 0x3c, 0x4b, 0x3f, 0xb7, 0x40, 0xa0, 0x43, 0x00, 0x3c,
  0xe6, 0x2b, 0xe6, 0x2a, 0x04, 0x2b, 0x00, 0x3c, 0xc4, 0x3d, 0xf0, 0x3e, 0x69, 0x41, 0x00, 0x3c, 0x08, 0x2e, 0x3c, 0x2e, 0xd2, 0x2c, 0x00, 0x3c,
  0xaa, 0x2d, 0x92, 0x2d, 0x28, 0x2c, 0x00, 0x3c, 0x56, 0x39, 0x70, 0x3b, 0xb3, 0x3c, 0x00, 0x3c, 0x0a, 0x36, 0x0e, 0x35, 0x6c, 0x34, 0x00, 0x3c,
  0x38, 0x3f, 0x68, 0x41, 0xe2, 0x44, 0x00, 0x3c, 0xf0, 0x3b, 0xfa, 0x3c, 0xfc, 0x3d, 0x00, 0x3c, 0x26, 0x2d, 0x7f, 0x2c, 0xfa, 0x2a, 0x00, 0x3c,
  0x50, 0x2a, 0x9a, 0x2a, 0x3c, 0x29, 0x00, 0x3c, 0x00, 0x33, 0xb0, 0x33, 0xf2, 0x30, 0x00, 0x3c, 0xd6, 0x31, 0x94, 0x31, 0xd4, 0x2d, 0x00, 0x3c,
  0x96, 0x32, 0xda, 0x31, 0xcc, 0x2e, 0x00, 0x3c, 0xdc, 0x35, 0x50, 0x35, 0x18, 0x32, 0x00, 0x3c, 0xa4, 0x33, 0x6d, 0x34, 0x34, 0x31, 0x00, 0x3c,
  0x61, 0x2d, 0x87, 0x2c, 0x8a, 0x29, 0x00, 0x3c, 0xb8, 0x32, 0x68, 0x31, 0xf0, 0x2e, 0x00, 0x3c, 0xb3, 0x34, 0x8f, 0x34, 0xa4, 0x30, 0x00, 0x3c,
  0xfa, 0x33, 0x4c, 0x34, 0xfe, 0x32, 0x00, 0x3c, 0xcb, 0x33, 0x3c, 0x33, 0x74, 0x2f, 0x00, 0x3c, 0x26, 0x2f, 0x20, 0x2e, 0x0a, 0x2c, 0x00, 0x3c,
  0xe3, 0x35, 0x5c, 0x38, 0x18, 0x3b, 0x00, 0x3c, 0xc4, 0x2e, 0xb8, 0x2e, 0xb8, 0x2f, 0x00, 0x3c, 0x4a, 0x33, 0x1e, 0x34, 0xf0, 0x2d, 0x00, 0x3c,
  0xe7, 0x38, 0x52, 0x39, 0x20, 0x35, 0x00, 0x3c, 0x69, 0x34, 0x04, 0x35, 0x2e, 0x30, 0x00, 0x3c, 0x9b, 0x2d, 0x51, 0x2d, 0xf2, 0x2a, 0x00, 0x3c,
  0x10, 0x32, 0xd8, 0x31, 0x68, 0x2f, 0x00, 0x3c, 0x06, 0x32, 0xaf, 0x32, 0x44, 0x2f, 0x00, 0x3c, 0x3e, 0x35, 0xe4, 0x36, 0x16, 0x34, 0x00, 0x3c,
  0xf2, 0x2f, 0x20, 0x30, 0x64, 0x2f, 0x00, 0x3c, 0x41, 0x34, 0x6e, 0x34, 0x92, 0x30, 0x00, 0x3c, 0x5a, 0x2d, 0x80, 0x2d, 0x78, 0x2b, 0x00, 0x3c,
  0x24, 0x34, 0x63, 0x36, 0x0e, 0x38, 0x00, 0x3c, 0x00, 0x33, 0xb2, 0x33, 0x5c, 0x2e, 0x00, 0x3c, 0x16, 0x3a, 0xe6, 0x3a, 0xf2, 0x37, 0x00, 0x3c,
  0x62, 0x36, 0xfa, 0x34, 0x44, 0x32, 0x00, 0x3c, 0x24, 0x3e, 0xac, 0x3e, 0xd8, 0x37, 0x00, 0x3c, 0xa6, 0x3e, 0x9e, 0x40, 0x64, 0x42, 0x00, 0x3c,
  0x38, 0x3e, 0xea, 0x3f, 0xce, 0x41, 0x00, 0x3c, 0xa2, 0x32, 0x00, 0x34, 0xf8, 0x32, 0x00, 0x3c, 0x72, 0x37, 0xc5, 0x38, 0xc8, 0x39, 0x00, 0x3c,
  0xaa, 0x2c, 0xc0, 0x2c, 0xb8, 0x2b, 0x00, 0x3c, 0xc8, 0x30, 0xdb, 0x30, 0xcc, 0x2e, 0x00, 0x3c, 0xd4, 0x45, 0x8c, 0x47, 0xc2, 0x4a, 0x00, 0x3c,
  0x7a, 0x44, 0x2e, 0x45, 0xf0, 0x48, 0x00, 0x3c, 0xf2, 0x3c, 0xa6, 0x3e, 0x35, 0x41, 0x00, 0x3c, 0x86, 0x3c, 0xd6, 0x3d, 0xd9, 0x3f, 0x00, 0x3c,
  0x84, 0x38, 0xb1, 0x39, 0x41, 0x3b, 0x00, 0x3c, 0xc2, 0x2d, 0x1c, 0x2e, 0xae, 0x2f, 0x00, 0x3c, 0x36, 0x44, 0x4e, 0x45, 0xfe, 0x47, 0x00, 0x3c,
  0x7d, 0x34, 0x8b, 0x35, 0xc3, 0x34, 0x00, 0x3c, 0x00, 0x2b, 0x3e, 0x2a, 0x5e, 0x2a, 0x00, 0x3c, 0x28, 0x40, 0x26, 0x41, 0xbc, 0x42, 0x00, 0x3c,
  0x12, 0x36, 0xb7, 0x36, 0x3b, 0x36, 0x00, 0x3c, 0x08, 0x4a, 0xfa, 0x48, 0x7e, 0x48, 0x00, 0x3c, 0xe7, 0x47, 0xd4, 0x47, 0xc9, 0x48, 0x00, 0x3c,
  0x19, 0x44, 0xad, 0x44, 0xd1, 0x46, 0x00, 0x3c, 0xd6, 0x46, 0x31, 0x48, 0xc2, 0x4a, 0x00, 0x3c, 0x82, 0x45, 0x7c, 0x46, 0x35, 0x49, 0x00, 0x3c,
  0xae, 0x2d, 0x66, 0x2d, 0x90, 0x2d, 0x00, 0x3c, 0xd5, 0x3a, 0x88, 0x3c, 0x87, 0x3d, 0x00, 0x3c, 0xa0, 0x34, 0x99, 0x34, 0x32, 0x34, 0x00, 0x3c,
  0x77, 0x37, 0xd2, 0x36, 0x96, 0x35, 0x00, 0x3c, 0x1a, 0x2c, 0xde, 0x2a, 0x8e, 0x2a, 0x00, 0x3c, 0xce, 0x40, 0x42, 0x42, 0xc2, 0x44, 0x00, 0x3c,
  0x06, 0x30, 0x06, 0x30, 0xf6, 0x2d, 0x00, 0x3c, 0xd4, 0x34, 0xaa, 0x35, 0xf6, 0x35, 0x00, 0x3c, 0xd0, 0x2c, 0xc0, 0x2d, 0x02, 0x2c, 0x00, 0x3c,
  0x89, 0x39, 0x72, 0x38, 0x74, 0x37, 0x00, 0x3c, 0x0e, 0x2f, 0xbf, 0x30, 0x94, 0x2f, 0x00, 0x3c, 0x78, 0x35, 0xc6, 0x35, 0x80, 0x33, 0x00, 0x3c,
  0xcc, 0x2f, 0x60, 0x2e, 0xf0, 0x2c, 0x00, 0x3c, 0xd4, 0x31, 0x26, 0x32, 0xf4, 0x2e, 0x00, 0x3c, 0xb6, 0x30, 0xd0, 0x30, 0xc2, 0x2c, 0x00, 0x3c,
  0x0d, 0x34, 0x26, 0x33, 0xdc, 0x2f, 0x00, 0x3c, 0x86, 0x35, 0xdd, 0x34, 0xce, 0x31, 0x00, 0x3c, 0x58, 0x34, 0x54, 0x33, 0x96, 0x30, 0x00, 0x3c,
  0xdc, 0x2f, 0xfc, 0x2f, 0xa0, 0x2c, 0x00, 0x3c, 0xf4, 0x2c, 0x5e, 0x2c, 0x38, 0x2a, 0x00, 0x3c, 0xad, 0x32, 0x0f, 0x31, 0x20, 0x2f, 0x00, 0x3c,
  0xbe, 0x33, 0x74, 0x32, 0xf8, 0x2f, 0x00, 0x3c, 0xf7, 0x35, 0x74, 0x35, 0x00, 0x32, 0x00, 0x3c, 0x5e, 0x30, 0x2f, 0x30, 0xc2, 0x2d, 0x00, 0x3c,
  0xd0, 0x32, 0x4d, 0x33, 0x0f, 0x31, 0x00, 0x3c, 0x1f, 0x35, 0xde, 0x34, 0xea, 0x33, 0x00, 0x3c, 0x32, 0x2d, 0xfe, 0x2c, 0x9a, 0x2d, 0x00, 0x3c,
  0x74, 0x32, 0x62, 0x33, 0xdc, 0x2e, 0x00, 0x3c, 0x1e, 0x37, 0x6b, 0x37, 0xd0, 0x31, 0x00, 0x3c, 0x38, 0x2c, 0x0e, 0x2d, 0x80, 0x29, 0x00, 0x3c,
  0xec, 0x2e, 0xa0, 0x2e, 0x6c, 0x2b, 0x00, 0x3c, 0xd4, 0x36, 0xfa, 0x38, 0xbb, 0x39, 0x00, 0x3c, 0x00, 0x3a, 0xd0, 0x3c, 0xe6, 0x3e, 0x00, 0x3c,
  0xc6, 0x36, 0x79, 0x38, 0xbc, 0x32, 0x00, 0x3c, 0xb2, 0x2c, 0xbb, 0x2c, 0xda, 0x2b, 0x00, 0x3c, 0x4a, 0x2e, 0xea, 0x2e, 0x8c, 0x2b, 0x00, 0x3c,
  0xf4, 0x37, 0x78, 0x38, 0x4c, 0x32, 0x00, 0x3c, 0xc4, 0x31, 0x76, 0x32, 0x20, 0x2f, 0x00, 0x3c, 0xe8, 0x34, 0x76, 0x35, 0xaa, 0x34, 0x00, 0x3c,
  0xc2, 0x35, 0x94, 0x35, 0xf8, 0x31, 0x00, 0x3c, 0x76, 0x2e, 0x95, 0x2d, 0x40, 0x2c, 0x00, 0x3c, 0xbf, 0x39, 0x0f, 0x3a, 0x2c, 0x31, 0x00, 0x3c,
  0x60, 0x39, 0x38, 0x3a, 0x5f, 0x39, 0x00, 0x3c, 0xda, 0x3d, 0x6b, 0x3f, 0x38, 0x41, 0x00, 0x3c, 0x8c, 0x44, 0xb4, 0x45, 0x97, 0x49, 0x00, 0x3c,
  0xdf, 0x3a, 0x75, 0x3c, 0x5b, 0x3e, 0x00, 0x3c, 0x96, 0x37, 0x72, 0x37, 0xc0, 0x34, 0x00, 0x3c, 0xe9, 0x30, 0xc7, 0x30, 0xca, 0x2e, 0x00, 0x3c,
  0x8e, 0x45, 0xb2, 0x47, 0xbd, 0x4a, 0x00, 0x3c, 0x98, 0x36, 0x0a, 0x38, 0x2f, 0x38, 0x00, 0x3c, 0x6c, 0x38, 0x68, 0x3a, 0xda, 0x3b, 0x00, 0x3c,
  0x34, 0x32, 0xc2, 0x33, 0x28, 0x34, 0x00, 0x3c, 0xa6, 0x36, 0x21, 0x38, 0x1d, 0x39, 0x00, 0x3c, 0x60, 0x43, 0xc6, 0x44, 0xa2, 0x47, 0x00, 0x3c,
  0x22, 0x46, 0xec, 0x47, 0x6f, 0x4a, 0x00, 0x3c, 0xa8, 0x2b, 0x0a, 0x2d, 0xca, 0x2c, 0x00, 0x3c, 0xa4, 0x2a, 0xd6, 0x29, 0x08, 0x29, 0x00, 0x3c,
  0x43, 0x42, 0x6a, 0x43, 0xa7, 0x44, 0x00, 0x3c, 0x40, 0x33, 0xe0, 0x33, 0x27, 0x33, 0x00, 0x3c, 0xaa, 0x35, 0x65, 0x36, 0x85, 0x36, 0x00, 0x3c,
  0xd8, 0x44, 0xd3, 0x45, 0x81, 0x47, 0x00, 0x3c, 0xba, 0x4b, 0x44, 0x4c, 0xd8, 0x4e, 0x00, 0x3c, 0x88, 0x3c, 0xf4, 0x3c, 0xc5, 0x3c, 0x00, 0x3c,
  0x9c, 0x44, 0x76, 0x45, 0x50, 0x48, 0x00, 0x3c, 0x80, 0x2c, 0x98, 0x2b, 0x48, 0x2b, 0x00, 0x3c, 0x4e, 0x33, 0x80, 0x34, 0xbf, 0x35, 0x00, 0x3c,
  0xd2, 0x42, 0x5c, 0x44, 0x70, 0x47, 0x00, 0x3c, 0x9c, 0x41, 0x40, 0x43, 0xd8, 0x44, 0x00, 0x3c, 0x3c, 0x2a, 0x1e, 0x29, 0x44, 0x28, 0x00, 0x3c,
  0x07, 0x44, 0x1f, 0x45, 0x7a, 0x48, 0x00, 0x3c, 0x2a, 0x34, 0x7a, 0x34, 0x48, 0x34, 0x00, 0x3c, 0x9a, 0x35, 0x50, 0x36, 0xae, 0x36, 0x00, 0x3c,
  0x8b, 0x30, 0xc2, 0x30, 0x8a, 0x2d, 0x00, 0x3c, 0x33, 0x3d, 0x00, 0x3c, 0x4e, 0x3a, 0x00, 0x3c, 0xbc, 0x30, 0xc2, 0x31, 0x01, 0x31, 0x00, 0x3c,
  0x8c, 0x33, 0x83, 0x34, 0x50, 0x30, 0x00, 0x3c, 0x37, 0x30, 0x0a, 0x2f, 0x06, 0x2e, 0x00, 0x3c, 0xa8, 0x2d, 0x0a, 0x2f, 0x1e, 0x2e, 0x00, 0x3c,
  0x88, 0x30, 0x0c, 0x30, 0xe2, 0x2c, 0x00, 0x3c, 0x8a, 0x34, 0x1e, 0x34, 0x48, 0x30, 0x00, 0x3c, 0xfa, 0x2f, 0xea, 0x2e, 0x4c, 0x2b, 0x00, 0x3c,
  0xf7, 0x30, 0x9d, 0x30, 0x5c, 0x2d, 0x00, 0x3c, 0xb2, 0x2c, 0x54, 0x2c, 0xe4, 0x29, 0x00, 0x3c, 0xc8, 0x2d, 0xfc, 0x2c, 0xdc, 0x2b, 0x00, 0x3c,
  0xa8, 0x2c, 0xb8, 0x2b, 0xe0, 0x29, 0x00, 0x3c, 0x52, 0x34, 0xc2, 0x35, 0x0c, 0x38, 0x00, 0x3c, 0x7e, 0x32, 0xe2, 0x31, 0x28, 0x2f, 0x00, 0x3c,
  0xea, 0x33, 0x88, 0x33, 0xb6, 0x30, 0x00, 0x3c, 0x62, 0x2e, 0x6e, 0x2d, 0x24, 0x2b, 0x00, 0x3c, 0x09, 0x41, 0x4e, 0x3e, 0x90, 0x3b, 0x00, 0x3c,
  0x84, 0x2f, 0xf2, 0x2e, 0x00, 0x2f, 0x00, 0x3c, 0x32, 0x32, 0x5c, 0x32, 0x38, 0x30, 0x00, 0x3c, 0x6b, 0x34, 0xc8, 0x33, 0xa6, 0x30, 0x00, 0x3c,
  0x54, 0x34, 0xa2, 0x34, 0x84, 0x32, 0x00, 0x3c, 0x46, 0x2f, 0x1a, 0x30, 0xc6, 0x2d, 0x00, 0x3c, 0xb2, 0x3c, 0xa0, 0x3d, 0x16, 0x3e, 0x00, 0x3c,
  0xd2, 0x2d, 0x28, 0x2f, 0x48, 0x2a, 0x00, 0x3c, 0x70, 0x38, 0x1d, 0x39, 0xec, 0x34, 0x00, 0x3c, 0xe0, 0x2d, 0x53, 0x2e, 0x66, 0x2d, 0x00, 0x3c,
  0x20, 0x2f, 0x42, 0x2e, 0xd0, 0x2b, 0x00, 0x3c, 0x9a, 0x27, 0xb6, 0x25, 0x34, 0x23, 0x00, 0x3c, 0x0c, 0x34, 0x5b, 0x34, 0x8a, 0x31, 0x00, 0x3c,
  0xcf, 0x39, 0x68, 0x3b, 0xda, 0x3c, 0x00, 0x3c, 0xb0, 0x37, 0x03, 0x39, 0xd1, 0x38, 0x00, 0x3c, 0xb1, 0x2d, 0x82, 0x2c, 0xf0, 0x2a, 0x00, 0x3c,
  0xc7, 0x37, 0x44, 0x38, 0x46, 0x38, 0x00, 0x3c, 0x78, 0x31, 0xdc, 0x32, 0x90, 0x2e, 0x00, 0x3c, 0x00, 0x3d, 0x4e, 0x3d, 0x5c, 0x3c, 0x00, 0x3c,
  0xfc, 0x38, 0x38, 0x3a, 0x00, 0x3b, 0x00, 0x3c, 0x8a, 0x2b, 0x69, 0x2c, 0x80, 0x2b, 0x00, 0x3c, 0xea, 0x2f, 0x98, 0x30, 0xfe, 0x2e, 0x00, 0x3c,
  0x55, 0x34, 0x6a, 0x34, 0x72, 0x31, 0x00, 0x3c, 0xdd, 0x3c, 0xcb, 0x3e, 0x56, 0x40, 0x00, 0x3c, 0x69, 0x36, 0xf8, 0x36, 0x81, 0x36, 0x00, 0x3c,
  0xab, 0x39, 0x51, 0x3c, 0xe2, 0x3c, 0x00, 0x3c, 0x21, 0x34, 0x78, 0x34, 0x2a, 0x34, 0x00, 0x3c, 0xf2, 0x2c, 0xe1, 0x2c, 0xb2, 0x2c, 0x00, 0x3c,
  0xf2, 0x3c, 0xb2, 0x3e, 0xca, 0x40, 0x00, 0x3c, 0x94, 0x48, 0x1c, 0x4a, 0x1e, 0x4d, 0x00, 0x3c, 0xb2, 0x2d, 0x62, 0x2e, 0xca, 0x2d, 0x00, 0x3c,
  0x7c, 0x2a, 0xe0, 0x29, 0x54, 0x29, 0x00, 0x3c, 0x2e, 0x38, 0x3e, 0x39, 0x67, 0x39, 0x00, 0x3c, 0x74, 0x3a, 0xc1, 0x3b, 0x83, 0x3c, 0x00, 0x3c,
  0xf2, 0x2c, 0xec, 0x2c, 0x64, 0x2b, 0x00, 0x3c, 0xf2, 0x32, 0xd0, 0x32, 0x30, 0x30, 0x00, 0x3c, 0x74, 0x39, 0xca, 0x3a, 0x4d, 0x3b, 0x00, 0x3c,
  0xff, 0x38, 0x99, 0x3a, 0xfb, 0x3b, 0x00, 0x3c, 0x24, 0x43, 0x52, 0x44, 0xc6, 0x46, 0x00, 0x3c, 0x6c, 0x2c, 0xf4, 0x2a, 0x28, 0x2a, 0x00, 0x3c,
  0x04, 0x47, 0xae, 0x48, 0x1c, 0x4c, 0x00, 0x3c, 0xaf, 0x35, 0x28, 0x36, 0x7e, 0x34, 0x00, 0x3c, 0xc4, 0x37, 0x90, 0x37, 0x94, 0x32, 0x00, 0x3c,
  0xf0, 0x2b, 0x6e, 0x2a, 0x64, 0x29, 0x00, 0x3c, 0x92, 0x34, 0xcb, 0x34, 0xea, 0x32, 0x00, 0x3c, 0xc7, 0x30, 0x7c, 0x30, 0x58, 0x2e, 0x00, 0x3c,
  0x3e, 0x34, 0x19, 0x35, 0x7e, 0x35, 0x00, 0x3c, 0xa6, 0x34, 0x6e, 0x34, 0xf6, 0x30, 0x00, 0x3c, 0x52, 0x32, 0x04, 0x31, 0xda, 0x2f, 0x00, 0x3c,
  0x82, 0x2c, 0x32, 0x2d, 0xb8, 0x2a, 0x00, 0x3c, 0xc5, 0x2f, 0x12, 0x31, 0xc4, 0x30, 0x00, 0x3c, 0x80, 0x2e, 0x50, 0x2d, 0x70, 0x2c, 0x00, 0x3c,
  0x3a, 0x2b, 0xa6, 0x2c, 0x1e, 0x29, 0x00, 0x3c, 0xd2, 0x2e, 0xde, 0x2e, 0xbc, 0x2b, 0x00, 0x3c, 0x1a, 0x2c, 0xdc, 0x2a, 0x18, 0x28, 0x00, 0x3c,
  0x46, 0x37, 0x8e, 0x35, 0x14, 0x32, 0x00, 0x3c, 0x48, 0x35, 0xd0, 0x34, 0xa8, 0x34, 0x00, 0x3c, 0xf2, 0x2c, 0x3c, 0x2c, 0x8c, 0x29, 0x00, 0x3c,
  0xf0, 0x30, 0xd8, 0x2f, 0xbe, 0x2d, 0x00, 0x3c, 0x2f, 0x30, 0xb0, 0x2e, 0xb6, 0x2c, 0x00, 0x3c, 0x08, 0x2e, 0x6e, 0x2e, 0x9a, 0x2c, 0x00, 0x3c,
  0xc8, 0x31, 0x0d, 0x31, 0xe4, 0x2d, 0x00, 0x3c, 0x19, 0x38, 0xc6, 0x37, 0x3c, 0x34, 0x00, 0x3c, 0x34, 0x2d, 0x3e, 0x2c, 0xb2, 0x29, 0x00, 0x3c,
  0x34, 0x39, 0x02, 0x38, 0x3a, 0x34, 0x00, 0x3c, 0xb0, 0x2d, 0x90, 0x2d, 0xa6, 0x2d, 0x00, 0x3c, 0x68, 0x34, 0x6a, 0x34, 0xc6, 0x31, 0x00, 0x3c,
  0x1a, 0x2e, 0x96, 0x2d, 0x98, 0x2a, 0x00, 0x3c, 0x6e, 0x3b, 0x08, 0x3c, 0x82, 0x3a, 0x00, 0x3c, 0x9b, 0x37, 0x7e, 0x36, 0x18, 0x33, 0x00, 0x3c,
  0x8f, 0x38, 0xc1, 0x38, 0x5c, 0x35, 0x00, 0x3c, 0xae, 0x2d, 0xe4, 0x2f, 0xb4, 0x28, 0x00, 0x3c, 0x10, 0x2f, 0x99, 0x30, 0x34, 0x29, 0x00, 0x3c,
  0xdc, 0x2e, 0x64, 0x2d, 0x5a, 0x2b, 0x00, 0x3c, 0x32, 0x2f, 0x54, 0x2d, 0x08, 0x2a, 0x00, 0x3c, 0x04, 0x28, 0xf8, 0x26, 0xa8, 0x25, 0x00, 0x3c,
  0x6f, 0x2e, 0x56, 0x30, 0x18, 0x30, 0x00, 0x3c, 0xe5, 0x35, 0x52, 0x37, 0x4a, 0x37, 0x00, 0x3c, 0xda, 0x37, 0xc2, 0x38, 0xe3, 0x38, 0x00, 0x3c,
  0xb6, 0x2a, 0xe0, 0x29, 0x86, 0x28, 0x00, 0x3c, 0xe2, 0x36, 0x5a, 0x37, 0x30, 0x2f, 0x00, 0x3c, 0xbe, 0x2f, 0x5b, 0x2f, 0x88, 0x28, 0x00, 0x3c,
  0x05, 0x2c, 0x31, 0x2c, 0xb0, 0x28, 0x00, 0x3c, 0xe6, 0x34, 0x56, 0x35, 0x6c, 0x32, 0x00, 0x3c, 0x7a, 0x38, 0xb2, 0x39, 0x38, 0x3a, 0x00, 0x3c,
  0x82, 0x34, 0x94, 0x35, 0x5c, 0x35, 0x00, 0x3c, 0x43, 0x31, 0x94, 0x31, 0xd0, 0x2f, 0x00, 0x3c, 0x3c, 0x35, 0x2a, 0x36, 0xdc, 0x30, 0x00, 0x3c,
  0xce, 0x2e, 0xd4, 0x30, 0x98, 0x2f, 0x00, 0x3c, 0x82, 0x36, 0x60, 0x38, 0x51, 0x39, 0x00, 0x3c, 0x50, 0x34, 0x68, 0x35, 0xfa, 0x34, 0x00, 0x3c,
  0x30, 0x30, 0xbc, 0x30, 0xa0, 0x30, 0x00, 0x3c, 0xf7, 0x40, 0x9d, 0x42, 0xde, 0x44, 0x00, 0x3c, 0x00, 0x3a, 0x22, 0x3c, 0xfe, 0x3c, 0x00, 0x3c,
  0xc2, 0x44, 0x18, 0x46, 0x8f, 0x48, 0x00, 0x3c, 0x4e, 0x2a, 0xe4, 0x29, 0x9a, 0x29, 0x00, 0x3c, 0x1f, 0x35, 0xa2, 0x36, 0x8e, 0x36, 0x00, 0x3c,
  0xf8, 0x3a, 0x8b, 0x3c, 0x4b, 0x3d, 0x00, 0x3c, 0x48, 0x2d, 0xae, 0x2d, 0xaf, 0x2c, 0x00, 0x3c, 0x6c, 0x35, 0x2e, 0x35, 0x84, 0x31, 0x00, 0x3c,
  0x19, 0x31, 0x7e, 0x32, 0xa7, 0x30, 0x00, 0x3c, 0xc6, 0x2a, 0x4c, 0x2a, 0x20, 0x29, 0x00, 0x3c, 0xde, 0x2b, 0x94, 0x2a, 0x52, 0x29, 0x00, 0x3c,
  0xdc, 0x2b, 0xe6, 0x29, 0x52, 0x28, 0x00, 0x3c, 0xf8, 0x30, 0xb0, 0x31, 0xec, 0x2e, 0x00, 0x3c, 0x02, 0x38, 0x82, 0x37, 0x56, 0x34, 0x00, 0x3c,
  0x54, 0x31, 0x27, 0x31, 0xa6, 0x2d, 0x00, 0x3c, 0xa0, 0x2b, 0x38, 0x2a, 0xa0, 0x28, 0x00, 0x3c, 0x3c, 0x39, 0xc0, 0x39, 0x26, 0x38, 0x00, 0x3c,
  0xd4, 0x29, 0x7e, 0x28, 0xc4, 0x25, 0x00, 0x3c, 0xca, 0x37, 0x52, 0x36, 0x00, 0x34, 0x00, 0x3c, 0xbc, 0x35, 0x69, 0x35, 0xf4, 0x32, 0x00, 0x3c,
  0xa1, 0x30, 0x24, 0x2f, 0x1a, 0x2e, 0x00, 0x3c, 0xa0, 0x2e, 0xe4, 0x2e, 0x50, 0x2c, 0x00, 0x3c, 0xdc, 0x30, 0x21, 0x30, 0x50, 0x2d, 0x00, 0x3c,
  0x3b, 0x30, 0xa8, 0x2e, 0x2c, 0x2d, 0x00, 0x3c, 0xcc, 0x2b, 0x5f, 0x2c, 0xb2, 0x29, 0x00, 0x3c, 0xd8, 0x2f, 0xed, 0x2e, 0x0b, 0x2c, 0x00, 0x3c,
  0x68, 0x2b, 0x66, 0x29, 0x18, 0x27, 0x00, 0x3c, 0xa8, 0x2c, 0x13, 0x2c, 0x42, 0x29, 0x00, 0x3c, 0x64, 0x35, 0x28, 0x35, 0xfc, 0x34, 0x00, 0x3c,
  0xe8, 0x2b, 0x6a, 0x2a, 0xa0, 0x28, 0x00, 0x3c, 0x0b, 0x34, 0x1a, 0x32, 0x4c, 0x30, 0x00, 0x3c, 0x7e, 0x31, 0xae, 0x31, 0x9b, 0x31, 0x00, 0x3c,
  0x22, 0x36, 0x60, 0x36, 0x34, 0x35, 0x00, 0x3c, 0x7e, 0x2c, 0x52, 0x2d, 0x94, 0x2a, 0x00, 0x3c, 0x00, 0x31, 0x07, 0x31, 0x13, 0x2d, 0x00, 0x3c,
  0x8a, 0x2e, 0x60, 0x2d, 0x64, 0x2a, 0x00, 0x3c, 0xa5, 0x34, 0xcc, 0x34, 0x08, 0x2f, 0x00, 0x3c, 0x0a, 0x30, 0x94, 0x2f, 0x76, 0x2d, 0x00, 0x3c,
  0x2c, 0x33, 0x3a, 0x33, 0x70, 0x30, 0x00, 0x3c, 0x69, 0x30, 0xc4, 0x2e, 0xa8, 0x2b, 0x00, 0x3c, 0x36, 0x30, 0xe6, 0x30, 0xf4, 0x2c, 0x00, 0x3c,
  0x19, 0x32, 0x21, 0x31, 0x90, 0x2d, 0x00, 0x3c, 0x70, 0x31, 0x11, 0x31, 0xfa, 0x2c, 0x00, 0x3c, 0x04, 0x2d, 0x7e, 0x2d, 0xb0, 0x27, 0x00, 0x3c,
  0xa2, 0x31, 0x0c, 0x32, 0x34, 0x2d, 0x00, 0x3c, 0x6c, 0x26, 0x70, 0x25, 0x64, 0x23, 0x00, 0x3c, 0x32, 0x2c, 0x26, 0x2b, 0x07, 0x28, 0x00, 0x3c,
  0x07, 0x31, 0x13, 0x30, 0x54, 0x2a, 0x00, 0x3c, 0xc0, 0x32, 0x15, 0x34, 0xc0, 0x2d, 0x00, 0x3c, 0xd4, 0x32, 0x7e, 0x32, 0x58, 0x2e, 0x00, 0x3c,
  0x2d, 0x28, 0xc4, 0x26, 0x48, 0x24, 0x00, 0x3c, 0x72, 0x2c, 0x32, 0x2b, 0x5c, 0x29, 0x00, 0x3c, 0x42, 0x2c, 0xb6, 0x2a, 0x74, 0x27, 0x00, 0x3c,
  0x3d, 0x28, 0xa2, 0x27, 0x88, 0x26, 0x00, 0x3c, 0xa1, 0x35, 0x9f, 0x34, 0xc6, 0x31, 0x00, 0x3c, 0xbf, 0x28, 0x0f, 0x28, 0xc0, 0x25, 0x00, 0x3c,
  0xec, 0x34, 0x66, 0x35, 0x60, 0x33, 0x00, 0x3c, 0xa4, 0x35, 0x1a, 0x37, 0x6c, 0x36, 0x00, 0x3c, 0xf4, 0x34, 0x23, 0x35, 0xc4, 0x33, 0x00, 0x3c,
  0xde, 0x2e, 0x5e, 0x30, 0x1c, 0x2c, 0x00, 0x3c, 0x22, 0x30, 0x47, 0x32, 0x00, 0x30, 0x00, 0x3c, 0x1a, 0x2f, 0xc6, 0x31, 0x2e, 0x2d, 0x00, 0x3c,
  0x34, 0x32, 0x24, 0x32, 0xa2, 0x2f, 0x00, 0x3c, 0x7f, 0x2d, 0x7b, 0x2d, 0x7a, 0x2c, 0x00, 0x3c, 0xca, 0x3c, 0x27, 0x3e, 0xe6, 0x3f, 0x00, 0x3c,
  0x20, 0x46, 0xca, 0x47, 0xfc, 0x49, 0x00, 0x3c, 0xb8, 0x3c, 0x68, 0x3e, 0xa6, 0x3f, 0x00, 0x3c, 0x12, 0x2a, 0x80, 0x29, 0xb8, 0x28, 0x00, 0x3c,
  0x22, 0x3c, 0x59, 0x3d, 0x27, 0x3e, 0x00, 0x3c, 0xac, 0x31, 0x12, 0x32, 0xc8, 0x2f, 0x00, 0x3c, 0x0b, 0x34, 0x74, 0x35, 0xf0, 0x36, 0x00, 0x3c,
  0x48, 0x2d, 0x7b, 0x2d, 0xee, 0x29, 0x00, 0x3c, 0x5e, 0x27, 0xb2, 0x26, 0x96, 0x25, 0x00, 0x3c, 0x8e, 0x26, 0x68, 0x25, 0x3e, 0x24, 0x00, 0x3c,
  0x7e, 0x27, 0xe6, 0x26, 0x48, 0x25, 0x00, 0x3c, 0x30, 0x2a, 0x6a, 0x28, 0xa8, 0x26, 0x00, 0x3c, 0xd2, 0x23, 0xb8, 0x22, 0x3a, 0x22, 0x00, 0x3c,
  0x12, 0x2f, 0xf4, 0x2e, 0xb8, 0x2b, 0x00, 0x3c, 0x20, 0x2d, 0x22, 0x2c, 0x44, 0x29, 0x00, 0x3c, 0xf0, 0x29, 0xb0, 0x28, 0x70, 0x25, 0x00, 0x3c,
  0x4c, 0x33, 0xfa, 0x34, 0x54, 0x30, 0x00, 0x3c, 0xc0, 0x31, 0x22, 0x31, 0x4c, 0x2d, 0x00, 0x3c, 0xc8, 0x2f, 0xfc, 0x2e, 0xe0, 0x2a, 0x00, 0x3c,
  0x94, 0x32, 0xfe, 0x31, 0xdc, 0x2e, 0x00, 0x3c, 0x6c, 0x32, 0xe0, 0x30, 0x84, 0x2f, 0x00, 0x3c, 0x3c, 0x2f, 0x7c, 0x2f, 0x9c, 0x2b, 0x00, 0x3c,
  0x00, 0x2e, 0x4e, 0x2e, 0xe8, 0x29, 0x00, 0x3c, 0x3f, 0x30, 0x88, 0x2e, 0x26, 0x2d, 0x00, 0x3c, 0x34, 0x2d, 0xd4, 0x2d, 0xf4, 0x2b, 0x00, 0x3c,
  0xec, 0x2e, 0x26, 0x2e, 0xf0, 0x2a, 0x00, 0x3c, 0x5c, 0x2a, 0xb6, 0x28, 0x48, 0x26, 0x00, 0x3c, 0xd0, 0x2c, 0x08, 0x2c, 0xe0, 0x28, 0x00, 0x3c,
  0xb4, 0x37, 0xbc, 0x36, 0xcc, 0x33, 0x00, 0x3c, 0xc4, 0x32, 0xb7, 0x31, 0xb4, 0x30, 0x00, 0x3c, 0xa6, 0x31, 0x56, 0x30, 0x48, 0x2e, 0x00, 0x3c,
  0x91, 0x32, 0xbe, 0x31, 0x8e, 0x30, 0x00, 0x3c, 0xe4, 0x2a, 0x92, 0x2b, 0x14, 0x28, 0x00, 0x3c, 0xea, 0x2a, 0xa4, 0x29, 0x30, 0x27, 0x00, 0x3c,
  0x37, 0x2b, 0x4b, 0x2a, 0x60, 0x27, 0x00, 0x3c, 0x49, 0x2c, 0xea, 0x2a, 0xf6, 0x28, 0x00, 0x3c, 0x27, 0x2d, 0x19, 0x2c, 0x49, 0x29, 0x00, 0x3c,
  0xae, 0x2e, 0xd0, 0x2d, 0x18, 0x2d, 0x00, 0x3c, 0x6d, 0x2e, 0x6f, 0x2e, 0xdc, 0x29, 0x00, 0x3c, 0x72, 0x31, 0xc2, 0x30, 0x40, 0x2c, 0x00, 0x3c,
  0xaa, 0x2d, 0x08, 0x2e, 0xa0, 0x28, 0x00, 0x3c, 0x20, 0x30, 0x9e, 0x2f, 0x62, 0x29, 0x00, 0x3c, 0x10, 0x39, 0x1e, 0x38, 0x34, 0x31, 0x00, 0x3c,
  0x86, 0x30, 0xd2, 0x2f, 0x30, 0x2c, 0x00, 0x3c, 0x28, 0x2c, 0x62, 0x2b, 0xcc, 0x28, 0x00, 0x3c, 0xd8, 0x31, 0x22, 0x31, 0x58, 0x2c, 0x00, 0x3c,
  0xfc, 0x25, 0x86, 0x26, 0x2e, 0x24, 0x00, 0x3c, 0x03, 0x32, 0xb7, 0x30, 0xf0, 0x2d, 0x00, 0x3c, 0x29, 0x32, 0x2c, 0x30, 0xdc, 0x2c, 0x00, 0x3c,
  0xf0, 0x29, 0x1a, 0x2a, 0x22, 0x28, 0x00, 0x3c, 0xe6, 0x37, 0xd4, 0x36, 0xb8, 0x32, 0x00, 0x3c, 0x26, 0x35, 0xf0, 0x32, 0xcc, 0x30, 0x00, 0x3c,
  0x07, 0x24, 0xaa, 0x22, 0x7c, 0x21, 0x00, 0x3c, 0xbe, 0x27, 0x0c, 0x26, 0xb0, 0x23, 0x00, 0x3c, 0x3a, 0x2f, 0x78, 0x2e, 0x0c, 0x2c, 0x00, 0x3c,
  0x12, 0x2b, 0x68, 0x29, 0xa0, 0x26, 0x00, 0x3c, 0x4c, 0x35, 0x70, 0x35, 0x5a, 0x30, 0x00, 0x3c, 0x28, 0x39, 0xe8, 0x39, 0xbd, 0x39, 0x00, 0x3c,
  0x83, 0x38, 0xbd, 0x38, 0xa2, 0x36, 0x00, 0x3c, 0x20, 0x2f, 0xb8, 0x30, 0x70, 0x29, 0x00, 0x3c, 0x47, 0x36, 0xe8, 0x37, 0x43, 0x38, 0x00, 0x3c,
  0x32, 0x2c, 0xf6, 0x2d, 0x34, 0x29, 0x00, 0x3c, 0x92, 0x2e, 0x70, 0x2e, 0x84, 0x2c, 0x00, 0x3c, 0x7f, 0x37, 0x57, 0x38, 0x3a, 0x38, 0x00, 0x3c,
  0x06, 0x44, 0xca, 0x44, 0x97, 0x45, 0x00, 0x3c, 0x9e, 0x44, 0xc0, 0x45, 0x14, 0x48, 0x00, 0x3c, 0x30, 0x41, 0xbe, 0x42, 0x18, 0x44, 0x00, 0x3c,
  0xbc, 0x29, 0x0c, 0x29, 0x0e, 0x28, 0x00, 0x3c, 0x3a, 0x35, 0xa2, 0x35, 0x00, 0x32, 0x00, 0x3c, 0x39, 0x38, 0xb3, 0x38, 0x84, 0x37, 0x00, 0x3c,
  0xec, 0x29, 0xfe, 0x28, 0x5c, 0x28, 0x00, 0x3c, 0x64, 0x23, 0x84, 0x23, 0x24, 0x24, 0x00, 0x3c, 0x7e, 0x29, 0xd8, 0x27, 0x2c, 0x25, 0x00, 0x3c,
  0x04, 0x27, 0x96, 0x25, 0xe4, 0x23, 0x00, 0x3c, 0xac, 0x26, 0x02, 0x26, 0xac, 0x24, 0x00, 0x3c, 0xec, 0x28, 0x40, 0x27, 0x1c, 0x25, 0x00, 0x3c,
  0x5a, 0x25, 0x02, 0x24, 0x50, 0x21, 0x00, 0x3c, 0xda, 0x26, 0xfe, 0x24, 0x6c, 0x22, 0x00, 0x3c, 0x9a, 0x2b, 0x80, 0x2a, 0xca, 0x28, 0x00, 0x3c,
  0x5e, 0x29, 0x3a, 0x28, 0x3c, 0x24, 0x00, 0x3c, 0xc4, 0x31, 0xdc, 0x30, 0x44, 0x2d, 0x00, 0x3c, 0x3c, 0x2e, 0x26, 0x2d, 0x04, 0x2a, 0x00, 0x3c,
  0xdc, 0x2b, 0x42, 0x2b, 0xa6, 0x28, 0x00, 0x3c, 0x38, 0x2d, 0xc0, 0x2c, 0x74, 0x28, 0x00, 0x3c, 0xa6, 0x32, 0xe6, 0x30, 0x0c, 0x2f, 0x00, 0x3c,
  0xa6, 0x2f, 0x1a, 0x2f, 0xa4, 0x2b, 0x00, 0x3c, 0xb6, 0x2e, 0xb4, 0x2e, 0x68, 0x2b, 0x00, 0x3c, 0x1f, 0x2c, 0xbe, 0x2a, 0xbe, 0x29, 0x00, 0x3c,
  0xcb, 0x31, 0xdb, 0x30, 0x20, 0x2e, 0x00, 0x3c, 0xec, 0x2d, 0x68, 0x2c, 0xc0, 0x29, 0x00, 0x3c, 0xbe, 0x2a, 0xea, 0x28, 0x98, 0x26, 0x00, 0x3c,
  0x19, 0x2d, 0x4b, 0x2c, 0x5c, 0x29, 0x00, 0x3c, 0xcc, 0x30, 0x80, 0x30, 0x98, 0x2d, 0x00, 0x3c, 0x82, 0x2f, 0x2d, 0x2e, 0x27, 0x2c, 0x00, 0x3c,
  0x08, 0x32, 0x64, 0x30, 0x60, 0x2e, 0x00, 0x3c, 0xd8, 0x2d, 0x1a, 0x2d, 0xb8, 0x29, 0x00, 0x3c, 0x05, 0x2d, 0x6f, 0x2d, 0x1c, 0x28, 0x00, 0x3c,
  0xe6, 0x2e, 0x16, 0x2e, 0x30, 0x27, 0x00, 0x3c, 0x90, 0x33, 0xc4, 0x32, 0xfc, 0x2d, 0x00, 0x3c, 0xd8, 0x2e, 0x68, 0x2f, 0x8c, 0x29, 0x00, 0x3c,
  0x1c, 0x2c, 0x92, 0x2c, 0x78, 0x28, 0x00, 0x3c, 0x2a, 0x36, 0x64, 0x34, 0xa4, 0x31, 0x00, 0x3c, 0x39, 0x38, 0xec, 0x35, 0x8c, 0x30, 0x00, 0x3c,
  0x04, 0x2e, 0x8a, 0x2e, 0xb4, 0x28, 0x00, 0x3c, 0x54, 0x3f, 0x5e, 0x3d, 0x28, 0x36, 0x00, 0x3c, 0x9f, 0x30, 0x34, 0x2f, 0x58, 0x2c, 0x00, 0x3c,
  0xf0, 0x2a, 0x26, 0x2a, 0x9c, 0x25, 0x00, 0x3c, 0x07, 0x28, 0x66, 0x28, 0x84, 0x24, 0x00, 0x3c, 0x78, 0x2e, 0xe2, 0x2d, 0xb4, 0x2b, 0x00, 0x3c,
  0x92, 0x2c, 0x4e, 0x2c, 0xec, 0x29, 0x00, 0x3c, 0x46, 0x28, 0x4e, 0x27, 0xbc, 0x25, 0x00, 0x3c, 0x1d, 0x2c, 0x76, 0x2a, 0x24, 0x28, 0x00, 0x3c,
  0x2a, 0x2d, 0x3a, 0x2b, 0x38, 0x27, 0x00, 0x3c, 0xde, 0x24, 0xee, 0x23, 0x6a, 0x21, 0x00, 0x3c, 0x7e, 0x2d, 0x80, 0x2c, 0xe0, 0x28, 0x00, 0x3c,
  0x71, 0x2d, 0xe2, 0x2b, 0x26, 0x29, 0x00, 0x3c, 0x8f, 0x2b, 0xba, 0x2b, 0x2e, 0x26, 0x00, 0x3c, 0xda, 0x27, 0x94, 0x28, 0x76, 0x25, 0x00, 0x3c,
  0xda, 0x2f, 0xfc, 0x2e, 0x94, 0x2b, 0x00, 0x3c, 0xce, 0x26, 0x18, 0x26, 0x4e, 0x24, 0x00, 0x3c, 0x14, 0x28, 0x7a, 0x28, 0x98, 0x24, 0x00, 0x3c,
  0x64, 0x2f, 0x3c, 0x2f, 0x40, 0x2b, 0x00, 0x3c, 0xf4, 0x36, 0x20, 0x37, 0xf8, 0x30, 0x00, 0x3c, 0x60, 0x32, 0x8a, 0x33, 0xa7, 0x32, 0x00, 0x3c,
  0xc6, 0x2c, 0xbe, 0x2d, 0x94, 0x28, 0x00, 0x3c, 0x24, 0x2b, 0x41, 0x2c, 0xe2, 0x28, 0x00, 0x3c, 0x12, 0x30, 0x88, 0x2f, 0x16, 0x2d, 0x00, 0x3c,
  0x6a, 0x35, 0xa9, 0x36, 0x7f, 0x36, 0x00, 0x3c, 0xbe, 0x4e, 0x2e, 0x4f, 0x8b, 0x50, 0x00, 0x3c, 0x6b, 0x38, 0xa8, 0x38, 0xc0, 0x36, 0x00, 0x3c,
  0xbf, 0x3b, 0x22, 0x3d, 0x27, 0x3d, 0x00, 0x3c, 0x71, 0x28, 0xda, 0x27, 0x0a, 0x26, 0x00, 0x3c, 0xa0, 0x2e, 0xd6, 0x2e, 0x4a, 0x2c, 0x00, 0x3c,
  0xdc, 0x2e, 0x60, 0x2f, 0xae, 0x2c, 0x00, 0x3c, 0xf8, 0x29, 0xe6, 0x28, 0x3e, 0x28, 0x00, 0x3c, 0x06, 0x27, 0x8c, 0x25, 0x5e, 0x24, 0x00, 0x3c,
  0xe8, 0x26, 0xf4, 0x25, 0x0e, 0x25, 0x00, 0x3c, 0xa4, 0x1e, 0x38, 0x1e, 0xf8, 0x1f, 0x00, 0x3c, 0x3a, 0x23, 0x02, 0x22, 0x26, 0x21, 0x00, 0x3c,
  0x07, 0x28, 0xf8, 0x25, 0x30, 0x24, 0x00, 0x3c, 0x7d, 0x24, 0xdc, 0x22, 0xee, 0x20, 0x00, 0x3c, 0x62, 0x26, 0x2a, 0x25, 0x34, 0x23, 0x00, 0x3c,
  0x28, 0x24, 0x72, 0x22, 0x04, 0x21, 0x00, 0x3c, 0xee, 0x28, 0x88, 0x27, 0x94, 0x24, 0x00, 0x3c, 0x8c, 0x2e, 0x04, 0x2e, 0xe9, 0x28, 0x00, 0x3c,
  0xac, 0x2a, 0xa8, 0x29, 0x34, 0x27, 0x00, 0x3c, 0x71, 0x2c, 0xbe, 0x2a, 0x98, 0x28, 0x00, 0x3c, 0xc3, 0x31, 0xc4, 0x30, 0xda, 0x2c, 0x00, 0x3c,
  0xd4, 0x32, 0xd2, 0x30, 0xfc, 0x2e, 0x00, 0x3c, 0xd0, 0x2e, 0xc8, 0x2d, 0xbc, 0x2b, 0x00, 0x3c, 0x58, 0x36, 0x74, 0x34, 0x17, 0x32, 0x00, 0x3c,
  0x46, 0x34, 0x12, 0x32, 0x42, 0x30, 0x00, 0x3c, 0xd2, 0x36, 0xe0, 0x37, 0x44, 0x30, 0x00, 0x3c, 0xc6, 0x31, 0x22, 0x32, 0xa0, 0x2d, 0x00, 0x3c,
  0xd2, 0x2a, 0x24, 0x29, 0xc8, 0x26, 0x00, 0x3c, 0x08, 0x33, 0xf8, 0x31, 0x38, 0x2c, 0x00, 0x3c, 0xb9, 0x31, 0xf4, 0x30, 0xfc, 0x2b, 0x00, 0x3c,
  0xec, 0x2f, 0xc8, 0x30, 0xd8, 0x28, 0x00, 0x3c, 0x3e, 0x2f, 0x3e, 0x2f, 0x80, 0x2a, 0x00, 0x3c, 0xf4, 0x33, 0x98, 0x33, 0xdc, 0x2c, 0x00, 0x3c,
  0xd2, 0x2e, 0x86, 0x2d, 0x60, 0x29, 0x00, 0x3c, 0xc4, 0x2a, 0xd6, 0x2a, 0xb8, 0x27, 0x00, 0x3c, 0xd4, 0x31, 0x3c, 0x30, 0xe8, 0x2a, 0x00, 0x3c,
  0x7c, 0x2a, 0x26, 0x2a, 0x50, 0x22, 0x00, 0x3c, 0xc6, 0x30, 0x0c, 0x2f, 0x74, 0x2c, 0x00, 0x3c, 0xe2, 0x32, 0xb4, 0x30, 0x70, 0x2e, 0x00, 0x3c,
  0xf2, 0x2f, 0x88, 0x30, 0x14, 0x2a, 0x00, 0x3c, 0xfc, 0x31, 0x36, 0x31, 0x0c, 0x2e, 0x00, 0x3c, 0xe0, 0x39, 0x5a, 0x38, 0x60, 0x32, 0x00, 0x3c,
  0x5e, 0x37, 0x0a, 0x35, 0xa8, 0x2f, 0x00, 0x3c, 0x2e, 0x2e, 0xd8, 0x2c, 0x24, 0x28, 0x00, 0x3c, 0x24, 0x34, 0x22, 0x34, 0xb4, 0x2d, 0x00, 0x3c,
  0x8e, 0x34, 0x2c, 0x34, 0xa8, 0x2d, 0x00, 0x3c, 0xf0, 0x30, 0xf0, 0x2e, 0x80, 0x2d, 0x00, 0x3c, 0xfc, 0x2e, 0x8c, 0x2d, 0x18, 0x2c, 0x00, 0x3c,
  0x0a, 0x2d, 0x72, 0x2d, 0x1c, 0x2a, 0x00, 0x3c, 0x17, 0x2c, 0xcc, 0x2c, 0x98, 0x28, 0x00, 0x3c, 0x62, 0x2d, 0xce, 0x2d, 0xee, 0x2c, 0x00, 0x3c,
  0xfa, 0x32, 0xd4, 0x30, 0xcc, 0x2d, 0x00, 0x3c, 0xf6, 0x26, 0x34, 0x25, 0x5c, 0x23, 0x00, 0x3c, 0x93, 0x26, 0x84, 0x25, 0x0a, 0x23, 0x00, 0x3c,
  0xd0, 0x2a, 0x2a, 0x2b, 0xa4, 0x26, 0x00, 0x3c, 0x50, 0x2e, 0xf6, 0x2d, 0x78, 0x2a, 0x00, 0x3c, 0x0a, 0x29, 0x2e, 0x28, 0x28, 0x26, 0x00, 0x3c,
  0xf1, 0x25, 0x99, 0x25, 0x70, 0x22, 0x00, 0x3c, 0xa4, 0x25, 0x5e, 0x25, 0x14, 0x23, 0x00, 0x3c, 0x60, 0x2b, 0x72, 0x2c, 0x6c, 0x27, 0x00, 0x3c,
  0xa0, 0x26, 0x9e, 0x26, 0x36, 0x25, 0x00, 0x3c, 0xc6, 0x2c, 0xb8, 0x2d, 0x10, 0x28, 0x00, 0x3c, 0x1c, 0x2f, 0x2e, 0x30, 0x20, 0x2c, 0x00, 0x3c,
  0x5a, 0x2f, 0x38, 0x2f, 0x4c, 0x2b, 0x00, 0x3c, 0xbb, 0x2d, 0x8c, 0x2d, 0xf0, 0x2b, 0x00, 0x3c, 0x80, 0x35, 0x85, 0x36, 0xf1, 0x34, 0x00, 0x3c,
  0xd4, 0x34, 0x24, 0x35, 0x6c, 0x31, 0x00, 0x3c, 0x9a, 0x2d, 0x1b, 0x30, 0xd8, 0x2a, 0x00, 0x3c, 0xd2, 0x28, 0x40, 0x28, 0x30, 0x26, 0x00, 0x3c,
  0x1c, 0x2a, 0x02, 0x2b, 0x2e, 0x29, 0x00, 0x3c, 0x76, 0x2e, 0x54, 0x2e, 0x04, 0x2c, 0x00, 0x3c, 0xae, 0x29, 0xe2, 0x28, 0x10, 0x28, 0x00, 0x3c,
  0xe4, 0x26, 0x0c, 0x29, 0x70, 0x26, 0x00, 0x3c, 0x1e, 0x27, 0x7f, 0x29, 0x46, 0x27, 0x00, 0x3c, 0xfd, 0x22, 0x68, 0x22, 0x67, 0x21, 0x00, 0x3c,
  0x14, 0x26, 0x48, 0x25, 0x52, 0x24, 0x00, 0x3c, 0x6c, 0x26, 0x50, 0x25, 0x38, 0x23, 0x00, 0x3c, 0x5c, 0x23, 0x40, 0x23, 0xdc, 0x20, 0x00, 0x3c,
  0xfc, 0x21, 0x2a, 0x22, 0x94, 0x1f, 0x00, 0x3c, 0x82, 0x22, 0x78, 0x21, 0xe0, 0x1f, 0x00, 0x3c, 0x36, 0x28, 0x10, 0x27, 0x20, 0x24, 0x00, 0x3c,
  0xa7, 0x2c, 0xcc, 0x2c, 0xee, 0x28, 0x00, 0x3c, 0xba, 0x2b, 0xd2, 0x2c, 0xa6, 0x28, 0x00, 0x3c, 0x6d, 0x2d, 0x4b, 0x2d, 0xa4, 0x28, 0x00, 0x3c,
  0xba, 0x31, 0x9a, 0x30, 0xa0, 0x2c, 0x00, 0x3c, 0x90, 0x31, 0x0a, 0x30, 0x14, 0x2e, 0x00, 0x3c, 0x8c, 0x2c, 0x77, 0x2d, 0x08, 0x28, 0x00, 0x3c,
  0x90, 0x30, 0x5c, 0x31, 0x70, 0x2a, 0x00, 0x3c, 0xdd, 0x31, 0xf4, 0x2f, 0x86, 0x2d, 0x00, 0x3c, 0x6a, 0x33, 0x28, 0x32, 0xcc, 0x2d, 0x00, 0x3c,
  0x42, 0x2f, 0x21, 0x2e, 0xa0, 0x29, 0x00, 0x3c, 0x80, 0x31, 0xa5, 0x30, 0xb4, 0x2b, 0x00, 0x3c, 0x44, 0x2d, 0x84, 0x2c, 0x9c, 0x28, 0x00, 0x3c,
  0xb4, 0x2f, 0x3f, 0x30, 0x94, 0x29, 0x00, 0x3c, 0xd4, 0x30, 0x25, 0x31, 0xf0, 0x2a, 0x00, 0x3c, 0xb6, 0x2f, 0x20, 0x2f, 0xe0, 0x2a, 0x00, 0x3c,
  0x56, 0x32, 0x0a, 0x32, 0x98, 0x2b, 0x00, 0x3c, 0xb6, 0x31, 0x90, 0x30, 0xb0, 0x2b, 0x00, 0x3c, 0xf2, 0x31, 0x96, 0x30, 0xd0, 0x29, 0x00, 0x3c,
  0x3e, 0x32, 0x66, 0x31, 0xf0, 0x27, 0x00, 0x3c, 0x60, 0x2c, 0xc4, 0x2b, 0x9c, 0x27, 0x00, 0x3c, 0x62, 0x2a, 0xa0, 0x29, 0x80, 0x25, 0x00, 0x3c,
  0x6d, 0x2d, 0xad, 0x2c, 0x12, 0x2a, 0x00, 0x3c, 0x78, 0x2d, 0xfe, 0x2d, 0xa4, 0x2a, 0x00, 0x3c, 0xb0, 0x2f, 0xde, 0x2e, 0xd4, 0x29, 0x00, 0x3c,
  0x66, 0x38, 0x28, 0x36, 0x5c, 0x32, 0x00, 0x3c, 0xbd, 0x34, 0x76, 0x34, 0x54, 0x2c, 0x00, 0x3c, 0xb8, 0x2d, 0x4a, 0x2e, 0x9c, 0x28, 0x00, 0x3c,
  0xf6, 0x2c, 0x54, 0x2d, 0x6c, 0x28, 0x00, 0x3c, 0x13, 0x30, 0xc5, 0x30, 0x80, 0x29, 0x00, 0x3c, 0x0e, 0x38, 0x86, 0x34, 0x4c, 0x31, 0x00, 0x3c,
  0x7f, 0x34, 0x6e, 0x31, 0x70, 0x2f, 0x00, 0x3c, 0xba, 0x32, 0xa8, 0x30, 0x3c, 0x2e, 0x00, 0x3c, 0xfa, 0x2d, 0x92, 0x2d, 0x06, 0x2c, 0x00, 0x3c,
  0xc0, 0x2a, 0xb4, 0x29, 0x50, 0x28, 0x00, 0x3c, 0xe0, 0x2c, 0xde, 0x2c, 0x6c, 0x2a, 0x00, 0x3c, 0xa1, 0x34, 0xf5, 0x34, 0x70, 0x30, 0x00, 0x3c,
  0x10, 0x21, 0x30, 0x20, 0xe0, 0x1c, 0x00, 0x3c, 0xae, 0x21, 0x3c, 0x21, 0x5c, 0x1e, 0x00, 0x3c, 0x79, 0x2b, 0xc3, 0x29, 0xd6, 0x26, 0x00, 0x3c,
  0x4c, 0x21, 0x0b, 0x20, 0x32, 0x1e, 0x00, 0x3c, 0x07, 0x2c, 0x1a, 0x2b, 0x84, 0x27, 0x00, 0x3c, 0xe3, 0x28, 0xda, 0x28, 0x84, 0x25, 0x00, 0x3c,
  0x57, 0x29, 0x66, 0x29, 0x8c, 0x26, 0x00, 0x3c, 0xd3, 0x2c, 0xcd, 0x2c, 0xd6, 0x28, 0x00, 0x3c, 0xbf, 0x2c, 0x14, 0x2c, 0x96, 0x28, 0x00, 0x3c,
  0x1a, 0x2d, 0xc8, 0x2d, 0x0c, 0x2b, 0x00, 0x3c, 0xd3, 0x30, 0x56, 0x30, 0x84, 0x2d, 0x00, 0x3c, 0xe4, 0x2c, 0x78, 0x2c, 0x94, 0x2a, 0x00, 0x3c,
  0x1e, 0x33, 0x80, 0x34, 0x44, 0x31, 0x00, 0x3c, 0xf8, 0x2d, 0x6c, 0x2f, 0x98, 0x2c, 0x00, 0x3c, 0xf6, 0x2c, 0x10, 0x2f, 0x60, 0x28, 0x00, 0x3c,
  0x74, 0x28, 0xd4, 0x27, 0x78, 0x25, 0x00, 0x3c, 0x74, 0x2c, 0x56, 0x2d, 0x78, 0x2a, 0x00, 0x3c, 0x18, 0x2f, 0xba, 0x2e, 0x3c, 0x2c, 0x00, 0x3c,
  0x60, 0x29, 0x82, 0x28, 0xd8, 0x26, 0x00, 0x3c, 0xde, 0x27, 0xea, 0x26, 0x26, 0x25, 0x00, 0x3c, 0xd8, 0x22, 0x10, 0x22, 0x78, 0x21, 0x00, 0x3c,
  0xe0, 0x21, 0x10, 0x21, 0x9c, 0x20, 0x00, 0x3c, 0x7b, 0x28, 0x66, 0x27, 0x1e, 0x26, 0x00, 0x3c, 0x68, 0x26, 0x1a, 0x25, 0x78, 0x23, 0x00, 0x3c,
  0x21, 0x24, 0x34, 0x22, 0x36, 0x20, 0x00, 0x3c, 0xa4, 0x2a, 0x22, 0x29, 0x10, 0x28, 0x00, 0x3c, 0x30, 0x2b, 0xe8, 0x29, 0x9e, 0x28, 0x00, 0x3c,
  0x4a, 0x29, 0x1c, 0x29, 0x58, 0x25, 0x00, 0x3c, 0xa2, 0x2d, 0xfa, 0x2c, 0x5c, 0x2a, 0x00, 0x3c, 0xc8, 0x33, 0x90, 0x31, 0x08, 0x2e, 0x00, 0x3c,
  0xb2, 0x2f, 0x6a, 0x2d, 0xc0, 0x2b, 0x00, 0x3c, 0xcc, 0x2a, 0x24, 0x29, 0x8c, 0x27, 0x00, 0x3c, 0x32, 0x2e, 0x3e, 0x2c, 0xd0, 0x2a, 0x00, 0x3c,
  0xfe, 0x30, 0x78, 0x2f, 0x32, 0x2d, 0x00, 0x3c, 0xe9, 0x30, 0x69, 0x30, 0x60, 0x2b, 0x00, 0x3c, 0x24, 0x33, 0xc8, 0x30, 0x60, 0x2f, 0x00, 0x3c,
  0x90, 0x31, 0x7b, 0x30, 0x06, 0x2c, 0x00, 0x3c, 0x20, 0x34, 0xc3, 0x34, 0x66, 0x2d, 0x00, 0x3c, 0xe7, 0x2c, 0x48, 0x2c, 0xec, 0x26, 0x00, 0x3c,
  0x07, 0x39, 0x66, 0x38, 0x84, 0x31, 0x00, 0x3c, 0xe0, 0x32, 0xac, 0x32, 0xb4, 0x2c, 0x00, 0x3c, 0x8d, 0x30, 0x2a, 0x30, 0x8c, 0x29, 0x00, 0x3c,
  0xf6, 0x2f, 0x7e, 0x2f, 0x08, 0x29, 0x00, 0x3c, 0x0b, 0x30, 0x1d, 0x30, 0xf4, 0x2a, 0x00, 0x3c, 0x78, 0x2f, 0x88, 0x30, 0x88, 0x2b, 0x00, 0x3c,
  0xfe, 0x2e, 0x4f, 0x30, 0x58, 0x29, 0x00, 0x3c, 0xf4, 0x31, 0xfa, 0x30, 0x70, 0x2c, 0x00, 0x3c, 0x76, 0x2d, 0x46, 0x2d, 0x20, 0x28, 0x00, 0x3c,
  0x60, 0x2f, 0x86, 0x2d, 0x48, 0x2b, 0x00, 0x3c, 0xec, 0x37, 0x8e, 0x34, 0x34, 0x30, 0x00, 0x3c, 0x63, 0x2c, 0x86, 0x2e, 0x12, 0x2b, 0x00, 0x3c,
  0xc6, 0x2b, 0x40, 0x2c, 0x38, 0x28, 0x00, 0x3c, 0x84, 0x30, 0x6b, 0x30, 0xc6, 0x2c, 0x00, 0x3c, 0x45, 0x31, 0xdc, 0x2f, 0x68, 0x2c, 0x00, 0x3c,
  0x7e, 0x2d, 0xd4, 0x2e, 0x84, 0x28, 0x00, 0x3c, 0x7e, 0x2e, 0xee, 0x2f, 0x98, 0x28, 0x00, 0x3c, 0xb6, 0x2f, 0x62, 0x2f, 0xc4, 0x2b, 0x00, 0x3c,
  0x1e, 0x30, 0xee, 0x2d, 0xa6, 0x2c, 0x00, 0x3c, 0x16, 0x30, 0xa4, 0x2f, 0xe8, 0x2d, 0x00, 0x3c, 0xc6, 0x31, 0x88, 0x30, 0x44, 0x2d, 0x00, 0x3c,
  0x74, 0x3c, 0x28, 0x39, 0xd8, 0x34, 0x00, 0x3c, 0x68, 0x36, 0xa2, 0x35, 0x00, 0x2f, 0x00, 0x3c, 0xd4, 0x2f, 0x58, 0x2f, 0x8c, 0x2b, 0x00, 0x3c,
  0x0c, 0x2f, 0xec, 0x2e, 0xa8, 0x2b, 0x00, 0x3c, 0xd2, 0x2c, 0x47, 0x2e, 0xfa, 0x2b, 0x00, 0x3c, 0x7a, 0x2c, 0xc9, 0x2c, 0x9a, 0x2a, 0x00, 0x3c,
  0x86, 0x2d, 0x34, 0x2d, 0x1c, 0x2a, 0x00, 0x3c, 0x0a, 0x28, 0x00, 0x29, 0xbf, 0x24, 0x00, 0x3c, 0x60, 0x26, 0xe6, 0x25, 0xc4, 0x23, 0x00, 0x3c,
  0x1e, 0x2c, 0xfe, 0x2b, 0x52, 0x28, 0x00, 0x3c, 0xa4, 0x29, 0x0b, 0x2a, 0xc2, 0x25, 0x00, 0x3c, 0x9e, 0x2d, 0x5e, 0x2d, 0xf4, 0x29, 0x00, 0x3c,
  0x3f, 0x30, 0x86, 0x30, 0xfc, 0x2b, 0x00, 0x3c, 0x16, 0x38, 0xae, 0x38, 0xd8, 0x32, 0x00, 0x3c, 0x82, 0x3d, 0x84, 0x3d, 0x98, 0x37, 0x00, 0x3c,
  0x6e, 0x33, 0x07, 0x34, 0x94, 0x30, 0x00, 0x3c, 0x79, 0x30, 0xab, 0x31, 0xc6, 0x2c, 0x00, 0x3c, 0x98, 0x31, 0x1a, 0x33, 0x98, 0x2d, 0x00, 0x3c,
  0xc8, 0x2e, 0x65, 0x30, 0x58, 0x2c, 0x00, 0x3c, 0x92, 0x28, 0xcc, 0x27, 0x50, 0x25, 0x00, 0x3c, 0x10, 0x30, 0x6a, 0x31, 0xf8, 0x2d, 0x00, 0x3c,
  0xf4, 0x28, 0xe5, 0x28, 0x0c, 0x26, 0x00, 0x3c, 0x5a, 0x28, 0x1a, 0x27, 0xdc, 0x24, 0x00, 0x3c, 0xca, 0x23, 0xd6, 0x23, 0xd8, 0x22, 0x00, 0x3c,
  0xb6, 0x28, 0xe4, 0x28, 0x62, 0x26, 0x00, 0x3c, 0x62, 0x29, 0x36, 0x29, 0xc8, 0x27, 0x00, 0x3c, 0xb2, 0x2b, 0x20, 0x2a, 0x14, 0x29, 0x00, 0x3c,
  0x4c, 0x2c, 0xe0, 0x2a, 0xe0, 0x29, 0x00, 0x3c, 0xec, 0x2c, 0xe8, 0x2b, 0xbc, 0x2a, 0x00, 0x3c, 0x32, 0x2f, 0x62, 0x2d, 0x2c, 0x2c, 0x00, 0x3c,
  0xa0, 0x2d, 0xf6, 0x2c, 0xfc, 0x29, 0x00, 0x3c, 0x89, 0x31, 0x12, 0x30, 0x5e, 0x2d, 0x00, 0x3c, 0xec, 0x2d, 0x1e, 0x2d, 0x54, 0x2a, 0x00, 0x3c,
  0x06, 0x33, 0xd2, 0x30, 0x0c, 0x2e, 0x00, 0x3c, 0xb8, 0x35, 0xa2, 0x32, 0xc0, 0x2f, 0x00, 0x3c, 0x66, 0x3a, 0x8c, 0x36, 0xd0, 0x33, 0x00, 0x3c,
  0x94, 0x38, 0xa4, 0x36, 0xa0, 0x31, 0x00, 0x3c, 0x95, 0x35, 0x6c, 0x32, 0x08, 0x30, 0x00, 0x3c, 0x82, 0x2e, 0x44, 0x2e, 0xe8, 0x27, 0x00, 0x3c,
  0x44, 0x30, 0x74, 0x2e, 0x6a, 0x2c, 0x00, 0x3c, 0xf0, 0x29, 0x70, 0x2a, 0xdc, 0x26, 0x00, 0x3c, 0x0e, 0x29, 0x02, 0x28, 0x1e, 0x24, 0x00, 0x3c,
  0x5c, 0x39, 0x87, 0x3a, 0xb4, 0x2f, 0x00, 0x3c, 0xfa, 0x38, 0xb5, 0x35, 0x4a, 0x32, 0x00, 0x3c, 0xfe, 0x2c, 0xe8, 0x2b, 0x3c, 0x29, 0x00, 0x3c,
  0xc4, 0x30, 0x28, 0x30, 0x04, 0x2a, 0x00, 0x3c, 0x45, 0x2c, 0x3a, 0x2a, 0xc8, 0x26, 0x00, 0x3c, 0x60, 0x2c, 0xf2, 0x2a, 0xa4, 0x27, 0x00, 0x3c,
  0xd7, 0x37, 0x94, 0x35, 0x5e, 0x30, 0x00, 0x3c, 0x35, 0x34, 0x2d, 0x35, 0x54, 0x2b, 0x00, 0x3c, 0x16, 0x34, 0x54, 0x32, 0xb8, 0x2c, 0x00, 0x3c,
  0xd1, 0x2c, 0x36, 0x2d, 0xee, 0x28, 0x00, 0x3c, 0x96, 0x2e, 0x90, 0x2e, 0x2c, 0x2a, 0x00, 0x3c, 0x3e, 0x2d, 0xa6, 0x2e, 0x88, 0x28, 0x00, 0x3c,
  0xde, 0x28, 0x9e, 0x29, 0x6c, 0x24, 0x00, 0x3c, 0x78, 0x30, 0xc4, 0x31, 0xf0, 0x2a, 0x00, 0x3c, 0x5e, 0x2f, 0xbe, 0x2e, 0x88, 0x2a, 0x00, 0x3c,
  0xf8, 0x32, 0x1c, 0x33, 0xe0, 0x2a, 0x00, 0x3c, 0xc4, 0x2e, 0xe8, 0x2d, 0x1c, 0x2a, 0x00, 0x3c, 0x70, 0x2f, 0xd4, 0x2f, 0x64, 0x2b, 0x00, 0x3c,
  0xa4, 0x31, 0xe4, 0x2f, 0x24, 0x2e, 0x00, 0x3c, 0x86, 0x31, 0x5c, 0x2f, 0xa8, 0x2d, 0x00, 0x3c, 0xb4, 0x32, 0x00, 0x30, 0xf4, 0x2d, 0x00, 0x3c,
  0x72, 0x30, 0xd6, 0x31, 0xbc, 0x30, 0x00, 0x3c, 0x27, 0x38, 0xd0, 0x36, 0x30, 0x30, 0x00, 0x3c, 0xbc, 0x30, 0xcc, 0x2f, 0x08, 0x28, 0x00, 0x3c,
  0xc5, 0x34, 0x64, 0x33, 0x40, 0x2f, 0x00, 0x3c, 0x9e, 0x34, 0xc8, 0x33, 0x78, 0x2e, 0x00, 0x3c, 0x15, 0x38, 0xe6, 0x35, 0x14, 0x31, 0x00, 0x3c,
  0x94, 0x3a, 0x1c, 0x3a, 0xa0, 0x30, 0x00, 0x3c, 0x60, 0x2c, 0xe2, 0x2c, 0xac, 0x29, 0x00, 0x3c, 0xd0, 0x2c, 0x1c, 0x2e, 0x28, 0x29, 0x00, 0x3c,
  0x01, 0x30, 0x22, 0x2f, 0x48, 0x2c, 0x00, 0x3c, 0x7c, 0x32, 0x88, 0x31, 0x88, 0x2d, 0x00, 0x3c, 0x18, 0x31, 0xd6, 0x2f, 0x80, 0x2b, 0x00, 0x3c,
  0x1e, 0x2b, 0x74, 0x2b, 0x3a, 0x28, 0x00, 0x3c, 0xe6, 0x2c, 0x36, 0x2e, 0x60, 0x29, 0x00, 0x3c, 0xb8, 0x2c, 0x96, 0x2d, 0x14, 0x2a, 0x00, 0x3c,
  0x3e, 0x2b, 0x76, 0x2b, 0x57, 0x28, 0x00, 0x3c, 0x3a, 0x2c, 0x30, 0x2c, 0xaa, 0x29, 0x00, 0x3c, 0x1f, 0x31, 0x85, 0x30, 0x52, 0x2e, 0x00, 0x3c,
  0x35, 0x29, 0x6c, 0x29, 0x60, 0x26, 0x00, 0x3c, 0xd1, 0x28, 0x31, 0x29, 0xda, 0x25, 0x00, 0x3c, 0x84, 0x24, 0x2e, 0x24, 0x64, 0x22, 0x00, 0x3c,
  0x77, 0x34, 0x76, 0x33, 0x74, 0x30, 0x00, 0x3c, 0xd1, 0x31, 0x3e, 0x31, 0xa6, 0x2c, 0x00, 0x3c, 0x58, 0x2a, 0xda, 0x28, 0x20, 0x27, 0x00, 0x3c,
  0x34, 0x37, 0xd4, 0x34, 0x0c, 0x33, 0x00, 0x3c, 0x0b, 0x3c, 0x9e, 0x39, 0x0a, 0x37, 0x00, 0x3c, 0x8e, 0x31, 0x5e, 0x30, 0x9a, 0x2e, 0x00, 0x3c,
  0xe1, 0x31, 0x61, 0x30, 0x7e, 0x2d, 0x00, 0x3c, 0x5a, 0x2c, 0xc6, 0x2c, 0x0c, 0x28, 0x00, 0x3c, 0x32, 0x2c, 0xfa, 0x2b, 0x16, 0x29, 0x00, 0x3c,
  0xf6, 0x2c, 0xf4, 0x2b, 0x48, 0x2a, 0x00, 0x3c, 0x26, 0x2e, 0xb2, 0x2d, 0xc0, 0x2a, 0x00, 0x3c, 0xa7, 0x31, 0xed, 0x30, 0xbc, 0x2b, 0x00, 0x3c,
  0xa6, 0x3f, 0xec, 0x3b, 0x8c, 0x38, 0x00, 0x3c, 0x55, 0x3c, 0xf4, 0x38, 0x04, 0x36, 0x00, 0x3c, 0x24, 0x3c, 0xca, 0x38, 0xea, 0x35, 0x00, 0x3c,
  0x63, 0x40, 0xda, 0x3c, 0x9c, 0x38, 0x00, 0x3c, 0x80, 0x31, 0x3c, 0x32, 0x90, 0x2e, 0x00, 0x3c, 0xdc, 0x3c, 0x8a, 0x39, 0xd4, 0x35, 0x00, 0x3c,
  0x63, 0x2f, 0xc9, 0x2d, 0xa8, 0x29, 0x00, 0x3c, 0xba, 0x2b, 0xe0, 0x29, 0x40, 0x28, 0x00, 0x3c, 0x80, 0x39, 0xed, 0x39, 0x14, 0x31, 0x00, 0x3c,
  0x82, 0x35, 0x09, 0x38, 0xa0, 0x2e, 0x00, 0x3c, 0xbc, 0x39, 0xaa, 0x3b, 0x08, 0x32, 0x00, 0x3c, 0xc4, 0x32, 0x64, 0x34, 0xd4, 0x2c, 0x00, 0x3c,
  0x5e, 0x2e, 0x9e, 0x2d, 0xec, 0x2a, 0x00, 0x3c, 0x14, 0x34, 0xfc, 0x30, 0xac, 0x2c, 0x00, 0x3c, 0xa8, 0x2c, 0xe0, 0x2b, 0x56, 0x28, 0x00, 0x3c,
  0xce, 0x30, 0xf0, 0x2e, 0x48, 0x2b, 0x00, 0x3c, 0x30, 0x33, 0xce, 0x31, 0x60, 0x2c, 0x00, 0x3c, 0xc6, 0x31, 0x9c, 0x2f, 0xd8, 0x2b, 0x00, 0x3c,
  0x0a, 0x33, 0xec, 0x31, 0x8c, 0x2c, 0x00, 0x3c, 0x30, 0x2f, 0x22, 0x2f, 0x78, 0x2a, 0x00, 0x3c, 0xf2, 0x2d, 0x42, 0x2e, 0x88, 0x28, 0x00, 0x3c,
  0xc8, 0x2c, 0x3c, 0x2d, 0x30, 0x29, 0x00, 0x3c, 0x22, 0x2f, 0x62, 0x2f, 0xd0, 0x2c, 0x00, 0x3c, 0xac, 0x2d, 0xaa, 0x2d, 0xfc, 0x29, 0x00, 0x3c,
  0xfe, 0x2d, 0xe4, 0x2e, 0x34, 0x2a, 0x00, 0x3c, 0x0b, 0x2d, 0x2c, 0x2d, 0x8e, 0x29, 0x00, 0x3c, 0x6e, 0x30, 0xd0, 0x2f, 0x9c, 0x2c, 0x00, 0x3c,
  0xc8, 0x30, 0x68, 0x2f, 0x58, 0x2e, 0x00, 0x3c, 0x44, 0x30, 0x80, 0x2e, 0x1c, 0x2d, 0x00, 0x3c, 0x26, 0x30, 0x16, 0x2e, 0xf4, 0x2c, 0x00, 0x3c,
  0xe4, 0x32, 0x66, 0x30, 0xec, 0x2e, 0x00, 0x3c, 0xca, 0x30, 0xdc, 0x2e, 0xb4, 0x2d, 0x00, 0x3c, 0xfe, 0x2f, 0xc6, 0x2f, 0x60, 0x2c, 0x00, 0x3c,
  0xf2, 0x30, 0x9e, 0x31, 0xd4, 0x2c, 0x00, 0x3c, 0xe4, 0x30, 0xb6, 0x30, 0xb8, 0x2b, 0x00, 0x3c, 0xcc, 0x32, 0x80, 0x32, 0x70, 0x2c, 0x00, 0x3c,
  0x10, 0x31, 0xf8, 0x31, 0x88, 0x29, 0x00, 0x3c, 0x3d, 0x34, 0x35, 0x34, 0x7e, 0x30, 0x00, 0x3c, 0x3e, 0x33, 0xf6, 0x31, 0x78, 0x2c, 0x00, 0x3c,
  0x28, 0x32, 0x14, 0x33, 0x58, 0x2a, 0x00, 0x3c, 0xd6, 0x31, 0x4e, 0x31, 0x98, 0x2c, 0x00, 0x3c, 0x12, 0x31, 0x66, 0x31, 0xf8, 0x2a, 0x00, 0x3c,
  0xe4, 0x2d, 0x65, 0x2e, 0xa6, 0x29, 0x00, 0x3c, 0x3e, 0x2e, 0xff, 0x2d, 0x6e, 0x2b, 0x00, 0x3c, 0x52, 0x35, 0x0c, 0x35, 0x20, 0x2e, 0x00, 0x3c,
  0x1c, 0x33, 0xf9, 0x32, 0xe8, 0x2a, 0x00, 0x3c, 0x34, 0x30, 0xaa, 0x2f, 0x94, 0x2b, 0x00, 0x3c, 0xd9, 0x34, 0x10, 0x34, 0xf0, 0x2e, 0x00, 0x3c,
  0x15, 0x30, 0x8e, 0x2f, 0x2a, 0x2c, 0x00, 0x3c, 0xfc, 0x31, 0xf8, 0x2f, 0x04, 0x2e, 0x00, 0x3c, 0xca, 0x2d, 0xae, 0x2d, 0xb4, 0x2a, 0x00, 0x3c,
  0x30, 0x31, 0x3a, 0x30, 0x98, 0x2d, 0x00, 0x3c, 0xae, 0x31, 0x14, 0x31, 0x04, 0x2e, 0x00, 0x3c, 0x69, 0x2c, 0x30, 0x2d, 0x2c, 0x29, 0x00, 0x3c,
  0x35, 0x30, 0x9c, 0x30, 0x70, 0x2b, 0x00, 0x3c, 0x10, 0x2e, 0x7a, 0x2d, 0x94, 0x2b, 0x00, 0x3c, 0xce, 0x34, 0xfc, 0x32, 0xfc, 0x2d, 0x00, 0x3c,
  0x54, 0x38, 0xb6, 0x35, 0x4c, 0x34, 0x00, 0x3c, 0xdc, 0x37, 0x1e, 0x35, 0x28, 0x32, 0x00, 0x3c, 0x9f, 0x39, 0x62, 0x38, 0xbc, 0x32, 0x00, 0x3c,
  0xb8, 0x2a, 0x2c, 0x2a, 0x92, 0x28, 0x00, 0x3c, 0x84, 0x30, 0x6c, 0x2e, 0xd4, 0x2c, 0x00, 0x3c, 0x50, 0x30, 0x18, 0x2e, 0xb2, 0x2c, 0x00, 0x3c,
  0x0a, 0x36, 0xd0, 0x32, 0x34, 0x30, 0x00, 0x3c, 0xa0, 0x36, 0x08, 0x33, 0x0c, 0x30, 0x00, 0x3c, 0x5a, 0x36, 0x15, 0x35, 0x76, 0x30, 0x00, 0x3c,
  0x82, 0x35, 0x06, 0x32, 0x0c, 0x2f, 0x00, 0x3c, 0xee, 0x33, 0x90, 0x31, 0x8c, 0x2e, 0x00, 0x3c, 0x6a, 0x33, 0x36, 0x31, 0x30, 0x2e, 0x00, 0x3c,
  0x58, 0x32, 0x6c, 0x30, 0x08, 0x2d, 0x00, 0x3c, 0xf4, 0x31, 0x38, 0x2f, 0x8c, 0x2c, 0x00, 0x3c, 0x4e, 0x34, 0x0e, 0x31, 0x44, 0x2e, 0x00, 0x3c,
  0x5e, 0x35, 0xa4, 0x34, 0x0b, 0x30, 0x00, 0x3c, 0x0c, 0x33, 0x3a, 0x30, 0x18, 0x2c, 0x00, 0x3c, 0x18, 0x37, 0x1f, 0x38, 0x58, 0x2d, 0x00, 0x3c,
  0xae, 0x2e, 0xfa, 0x2d, 0xb8, 0x29, 0x00, 0x3c, 0x04, 0x30, 0x4e, 0x30, 0x44, 0x2b, 0x00, 0x3c, 0xca, 0x32, 0xa4, 0x31, 0x98, 0x2b, 0x00, 0x3c,
  0x65, 0x36, 0xce, 0x33, 0x38, 0x30, 0x00, 0x3c, 0xd8, 0x34, 0x56, 0x34, 0x28, 0x2f, 0x00, 0x3c, 0x46, 0x37, 0xf4, 0x36, 0xe0, 0x2c, 0x00, 0x3c,
  0x70, 0x34, 0x3c, 0x34, 0x38, 0x2c, 0x00, 0x3c, 0x74, 0x2e, 0xe8, 0x2e, 0x7c, 0x29, 0x00, 0x3c, 0xba, 0x30, 0x1c, 0x31, 0xb8, 0x2a, 0x00, 0x3c,
  0xe0, 0x30, 0x42, 0x30, 0x20, 0x2c, 0x00, 0x3c, 0xea, 0x2e, 0x46, 0x2f, 0x68, 0x29, 0x00, 0x3c, 0x44, 0x2c, 0x5c, 0x2c, 0x58, 0x28, 0x00, 0x3c,
  0x9c, 0x2c, 0x31, 0x2c, 0x64, 0x28, 0x00, 0x3c, 0x14, 0x2c, 0xce, 0x2d, 0x70, 0x25, 0x00, 0x3c, 0x7a, 0x2f, 0x0f, 0x30, 0xb8, 0x2a, 0x00, 0x3c,
  0x7e, 0x30, 0xce, 0x2e, 0xfa, 0x2c, 0x00, 0x3c, 0x67, 0x30, 0x3a, 0x2e, 0xb4, 0x2c, 0x00, 0x3c, 0xbe, 0x31, 0xf0, 0x2f, 0x64, 0x2e, 0x00, 0x3c,
  0x92, 0x30, 0x34, 0x30, 0x44, 0x2d, 0x00, 0x3c, 0x26, 0x31, 0x1c, 0x2f, 0xc0, 0x2d, 0x00, 0x3c, 0xac, 0x30, 0xc4, 0x2e, 0x9c, 0x2d, 0x00, 0x3c,
  0x48, 0x2f, 0x82, 0x2d, 0x72, 0x2c, 0x00, 0x3c, 0xa5, 0x30, 0x66, 0x2e, 0x52, 0x2d, 0x00, 0x3c, 0xa9, 0x31, 0xbf, 0x30, 0x5a, 0x2e, 0x00, 0x3c,
  0x34, 0x2d, 0xd8, 0x2e, 0x08, 0x2b, 0x00, 0x3c, 0x16, 0x2d, 0xee, 0x2d, 0x9c, 0x29, 0x00, 0x3c, 0x59, 0x30, 0xe8, 0x30, 0xd0, 0x28, 0x00, 0x3c,
  0xe4, 0x32, 0x62, 0x31, 0xf4, 0x2d, 0x00, 0x3c, 0x9c, 0x2c, 0xb0, 0x2d, 0xe8, 0x25, 0x00, 0x3c, 0xcc, 0x2b, 0x4e, 0x2d, 0x08, 0x27, 0x00, 0x3c,
  0x4a, 0x2c, 0x1c, 0x2d, 0xd8, 0x27, 0x00, 0x3c, 0x76, 0x2a, 0x9e, 0x2a, 0x38, 0x28, 0x00, 0x3c, 0x5e, 0x2c, 0x68, 0x2d, 0x08, 0x27, 0x00, 0x3c,
  0xee, 0x2c, 0x35, 0x2c, 0x34, 0x2a, 0x00, 0x3c, 0x20, 0x31, 0x70, 0x31, 0x08, 0x2b, 0x00, 0x3c, 0x96, 0x2d, 0x3e, 0x2e, 0x70, 0x2b, 0x00, 0x3c,
  0x9a, 0x2d, 0x04, 0x2f, 0xb4, 0x2a, 0x00, 0x3c, 0x4a, 0x2e, 0x1c, 0x2e, 0x7c, 0x2b, 0x00, 0x3c, 0x70, 0x30, 0x72, 0x2e, 0x76, 0x2d, 0x00, 0x3c,
  0xf6, 0x2e, 0x8e, 0x2d, 0x68, 0x2c, 0x00, 0x3c, 0x50, 0x2f, 0x64, 0x2e, 0x3a, 0x2c, 0x00, 0x3c, 0x64, 0x30, 0x78, 0x2e, 0x8c, 0x2d, 0x00, 0x3c,
  0xca, 0x33, 0x42, 0x31, 0x2a, 0x30, 0x00, 0x3c, 0xbe, 0x2f, 0x38, 0x2f, 0xb6, 0x2c, 0x00, 0x3c, 0xe2, 0x2e, 0x88, 0x2d, 0xda, 0x2c, 0x00, 0x3c,
  0x98, 0x2d, 0xc8, 0x2d, 0xd8, 0x29, 0x00, 0x3c, 0xf8, 0x31, 0x72, 0x30, 0x90, 0x2d, 0x00, 0x3c, 0xc8, 0x31, 0xc4, 0x2f, 0x10, 0x2e, 0x00, 0x3c,
  0x3c, 0x34, 0x94, 0x31, 0x1a, 0x30, 0x00, 0x3c, 0x6f, 0x34, 0xa8, 0x31, 0xd8, 0x2e, 0x00, 0x3c, 0xb8, 0x30, 0x9c, 0x2e, 0x14, 0x2d, 0x00, 0x3c,
  0xc0, 0x2f, 0xde, 0x2d, 0x6a, 0x2c, 0x00, 0x3c, 0x7a, 0x2e, 0xe2, 0x2e, 0x0c, 0x2d, 0x00, 0x3c, 0x7a, 0x30, 0xbe, 0x2d, 0x64, 0x2b, 0x00, 0x3c,
  0xd6, 0x38, 0x84, 0x35, 0x08, 0x33, 0x00, 0x3c, 0xfc, 0x31, 0xb4, 0x2f, 0x48, 0x2d, 0x00, 0x3c, 0xa6, 0x31, 0x88, 0x2e, 0x40, 0x2c, 0x00, 0x3c,
  0x08, 0x31, 0x80, 0x2f, 0xf8, 0x2a, 0x00, 0x3c, 0xde, 0x2e, 0x32, 0x2d, 0x40, 0x2a, 0x00, 0x3c, 0x16, 0x2e, 0xc4, 0x2c, 0x28, 0x2a, 0x00, 0x3c,
  0xa0, 0x31, 0xca, 0x2e, 0x8a, 0x2c, 0x00, 0x3c, 0xd8, 0x38, 0x40, 0x35, 0x14, 0x31, 0x00, 0x3c, 0x42, 0x3a, 0xf4, 0x35, 0xd0, 0x31, 0x00, 0x3c,
  0x63, 0x35, 0x9f, 0x31, 0xb0, 0x2c, 0x00, 0x3c, 0x2b, 0x34, 0x8e, 0x34, 0x7c, 0x2c, 0x00, 0x3c, 0x28, 0x32, 0x0b, 0x34, 0x98, 0x2a, 0x00, 0x3c,
  0x0c, 0x3c, 0x02, 0x39, 0xc3, 0x34, 0x00, 0x3c, 0xa0, 0x2e, 0x42, 0x2e, 0xa8, 0x2a, 0x00, 0x3c, 0x28, 0x32, 0x2e, 0x30, 0x40, 0x2c, 0x00, 0x3c,
  0x0f, 0x3c, 0x46, 0x3a, 0xa8, 0x34, 0x00, 0x3c, 0xa0, 0x34, 0xf4, 0x33, 0x10, 0x2c, 0x00, 0x3c, 0x4c, 0x32, 0x6e, 0x30, 0x58, 0x2e, 0x00, 0x3c,
  0x98, 0x32, 0xd0, 0x30, 0x10, 0x2d, 0x00, 0x3c, 0x00, 0x34, 0x8c, 0x33, 0x18, 0x2c, 0x00, 0x3c, 0x30, 0x2d, 0x0e, 0x2e, 0xd0, 0x28, 0x00, 0x3c,
  0x4c, 0x2d, 0xfc, 0x2c, 0x24, 0x2a, 0x00, 0x3c, 0x98, 0x3a, 0x24, 0x37, 0xc0, 0x33, 0x00, 0x3c, 0xef, 0x30, 0x2d, 0x30, 0x36, 0x2d, 0x00, 0x3c,
  0x00, 0x30, 0x5e, 0x2e, 0xa4, 0x2c, 0x00, 0x3c, 0xf2, 0x2f, 0x98, 0x2e, 0x2e, 0x2c, 0x00, 0x3c, 0xaa, 0x31, 0xb4, 0x2f, 0xbc, 0x2d, 0x00, 0x3c,
  0x4e, 0x31, 0xcc, 0x2f, 0xd8, 0x2c, 0x00, 0x3c, 0x60, 0x32, 0x6c, 0x2f, 0x68, 0x2d, 0x00, 0x3c, 0xf8, 0x34, 0x84, 0x31, 0x60, 0x2f, 0x00, 0x3c,
  0x3a, 0x35, 0x28, 0x32, 0x34, 0x30, 0x00, 0x3c, 0xf4, 0x34, 0x14, 0x32, 0x44, 0x30, 0x00, 0x3c, 0x9c, 0x31, 0x80, 0x2f, 0x18, 0x2e, 0x00, 0x3c,
  0xb0, 0x30, 0x60, 0x2e, 0xee, 0x2c, 0x00, 0x3c, 0x0a, 0x2f, 0xf4, 0x2d, 0x60, 0x2b, 0x00, 0x3c, 0x04, 0x2f, 0x76, 0x2e, 0x66, 0x2c, 0x00, 0x3c,
  0x9e, 0x2f, 0xaa, 0x2e, 0xec, 0x2c, 0x00, 0x3c, 0xf8, 0x2e, 0xf8, 0x2f, 0xe2, 0x2c, 0x00, 0x3c, 0x8c, 0x30, 0xdd, 0x30, 0x96, 0x2c, 0x00, 0x3c,
  0x62, 0x2c, 0x50, 0x2e, 0x40, 0x26, 0x00, 0x3c, 0x82, 0x2d, 0xce, 0x2e, 0x30, 0x27, 0x00, 0x3c, 0xf8, 0x2c, 0x4a, 0x2f, 0xc8, 0x2a, 0x00, 0x3c,
  0xf2, 0x29, 0x9e, 0x2b, 0x88, 0x24, 0x00, 0x3c, 0x34, 0x2f, 0x36, 0x2f, 0x10, 0x29, 0x00, 0x3c, 0x54, 0x32, 0x58, 0x31, 0x0c, 0x2d, 0x00, 0x3c,
  0x3b, 0x30, 0x2c, 0x30, 0x8c, 0x2b, 0x00, 0x3c, 0xc2, 0x2f, 0x96, 0x2f, 0xb8, 0x2c, 0x00, 0x3c, 0x38, 0x2f, 0x84, 0x2d, 0x78, 0x2c, 0x00, 0x3c,
  0xf0, 0x32, 0x7c, 0x30, 0x18, 0x2f, 0x00, 0x3c, 0xf8, 0x2e, 0x5e, 0x2d, 0x88, 0x2c, 0x00, 0x3c, 0xdc, 0x2f, 0xfa, 0x2f, 0x32, 0x2c, 0x00, 0x3c,
  0x4e, 0x26, 0x36, 0x27, 0x9c, 0x23, 0x00, 0x3c, 0x86, 0x2e, 0x4e, 0x2d, 0x38, 0x2c, 0x00, 0x3c, 0x66, 0x2e, 0xf8, 0x2d, 0x28, 0x2c, 0x00, 0x3c,
  0x14, 0x30, 0x96, 0x2f, 0x30, 0x2e, 0x00, 0x3c, 0x08, 0x30, 0x7e, 0x2e, 0x02, 0x2d, 0x00, 0x3c, 0xc4, 0x2e, 0xf2, 0x2c, 0x02, 0x2c, 0x00, 0x3c,
  0x9c, 0x33, 0x1e, 0x31, 0xd8, 0x2e, 0x00, 0x3c, 0xbe, 0x38, 0x8c, 0x35, 0x38, 0x33, 0x00, 0x3c, 0xda, 0x39, 0x44, 0x36, 0xb8, 0x33, 0x00, 0x3c,
  0x55, 0x38, 0x5a, 0x35, 0xc0, 0x31, 0x00, 0x3c, 0x84, 0x36, 0x58, 0x33, 0x80, 0x30, 0x00, 0x3c, 0xec, 0x33, 0xb8, 0x30, 0x0c, 0x2e, 0x00, 0x3c,
  0xba, 0x31, 0x34, 0x30, 0xfc, 0x2d, 0x00, 0x3c, 0x19, 0x30, 0x70, 0x2d, 0xcc, 0x2b, 0x00, 0x3c, 0xf0, 0x38, 0xac, 0x35, 0x38, 0x32, 0x00, 0x3c,
  0xe2, 0x3b, 0xe4, 0x37, 0x74, 0x34, 0x00, 0x3c, 0x08, 0x39, 0x6c, 0x34, 0xb0, 0x30, 0x00, 0x3c, 0x78, 0x36, 0xf0, 0x32, 0x6c, 0x30, 0x00, 0x3c,
  0x08, 0x39, 0x80, 0x35, 0xb0, 0x32, 0x00, 0x3c, 0x08, 0x35, 0xac, 0x31, 0x00, 0x2f, 0x00, 0x3c, 0xb1, 0x36, 0xeb, 0x33, 0xda, 0x30, 0x00, 0x3c,
  0x0b, 0x38, 0x56, 0x34, 0x90, 0x30, 0x00, 0x3c, 0x68, 0x46, 0x58, 0x41, 0xc0, 0x3c, 0x00, 0x3c, 0x38, 0x3a, 0xe8, 0x35, 0x68, 0x31, 0x00, 0x3c,
  0xfd, 0x2c, 0xf5, 0x2d, 0x82, 0x28, 0x00, 0x3c, 0x82, 0x2c, 0x94, 0x2c, 0x48, 0x27, 0x00, 0x3c, 0x5f, 0x30, 0x80, 0x2e, 0xc0, 0x2b, 0x00, 0x3c,
  0xc2, 0x33, 0xfe, 0x31, 0x14, 0x2c, 0x00, 0x3c, 0xf2, 0x35, 0xd2, 0x34, 0xb8, 0x2d, 0x00, 0x3c, 0xc8, 0x2f, 0xec, 0x2f, 0xec, 0x29, 0x00, 0x3c,
  0x60, 0x2f, 0xb4, 0x2f, 0x9c, 0x2a, 0x00, 0x3c, 0xde, 0x34, 0x78, 0x31, 0x90, 0x2e, 0x00, 0x3c, 0x34, 0x38, 0x5e, 0x35, 0x90, 0x30, 0x00, 0x3c,
  0x19, 0x30, 0x68, 0x2f, 0xb4, 0x2a, 0x00, 0x3c, 0xe4, 0x2e, 0xf0, 0x2e, 0x4c, 0x2a, 0x00, 0x3c, 0x4a, 0x34, 0x6a, 0x32, 0x70, 0x2d, 0x00, 0x3c,
  0xed, 0x34, 0x14, 0x32, 0x78, 0x2e, 0x00, 0x3c, 0xf0, 0x30, 0x48, 0x2e, 0xac, 0x2c, 0x00, 0x3c, 0x0a, 0x31, 0xcc, 0x2f, 0x74, 0x2e, 0x00, 0x3c,
  0x5c, 0x2f, 0x44, 0x2f, 0xae, 0x2c, 0x00, 0x3c, 0x18, 0x34, 0x20, 0x31, 0x64, 0x2f, 0x00, 0x3c, 0x87, 0x31, 0xb6, 0x2e, 0xa8, 0x2c, 0x00, 0x3c,
  0xda, 0x31, 0x58, 0x2f, 0x68, 0x2d, 0x00, 0x3c, 0x82, 0x32, 0x84, 0x30, 0x20, 0x2e, 0x00, 0x3c, 0x30, 0x31, 0xc4, 0x2e, 0x08, 0x2d, 0x00, 0x3c,
  0x9a, 0x30, 0xf4, 0x2d, 0xfc, 0x2c, 0x00, 0x3c, 0x0a, 0x32, 0x58, 0x2f, 0x8e, 0x2d, 0x00, 0x3c, 0x46, 0x35, 0xd8, 0x31, 0x88, 0x2f, 0x00, 0x3c,
  0xd4, 0x34, 0x9c, 0x31, 0xa8, 0x2f, 0x00, 0x3c, 0xaa, 0x31, 0x9c, 0x2e, 0xe4, 0x2c, 0x00, 0x3c, 0x8e, 0x31, 0x44, 0x2f, 0x7c, 0x2d, 0x00, 0x3c,
  0x9f, 0x35, 0x06, 0x32, 0x0c, 0x2f, 0x00, 0x3c, 0xd0, 0x33, 0x86, 0x30, 0xf4, 0x2d, 0x00, 0x3c, 0xe4, 0x30, 0x08, 0x2f, 0x00, 0x2d, 0x00, 0x3c,
  0x96, 0x2f, 0x4c, 0x2e, 0x24, 0x2c, 0x00, 0x3c, 0xbe, 0x30, 0x34, 0x2f, 0x8c, 0x2d, 0x00, 0x3c, 0xe0, 0x2f, 0xe4, 0x2d, 0xbc, 0x2c, 0x00, 0x3c,
  0x6c, 0x2f, 0x60, 0x2d, 0x7e, 0x2c, 0x00, 0x3c, 0x40, 0x2e, 0xc0, 0x2c, 0x52, 0x2c, 0x00, 0x3c, 0x00, 0x2f, 0x0a, 0x2d, 0x3e, 0x2c, 0x00, 0x3c,
  0x49, 0x30, 0x60, 0x2e, 0x70, 0x2d, 0x00, 0x3c, 0x52, 0x2f, 0xca, 0x2d, 0x3c, 0x2d, 0x00, 0x3c, 0xda, 0x2e, 0x6e, 0x2d, 0x80, 0x2c, 0x00, 0x3c,
  0x04, 0x2f, 0x70, 0x2d, 0x60, 0x2c, 0x00, 0x3c, 0x36, 0x31, 0x98, 0x2f, 0x70, 0x2d, 0x00, 0x3c, 0xf0, 0x2d, 0xcc, 0x2d, 0x70, 0x2b, 0x00, 0x3c,
  0xa8, 0x26, 0x6c, 0x27, 0xac, 0x22, 0x00, 0x3c, 0xa6, 0x31, 0xb2, 0x30, 0x2c, 0x2d, 0x00, 0x3c, 0x1a, 0x2b, 0x16, 0x2b, 0x62, 0x28, 0x00, 0x3c,
  0x16, 0x2f, 0x6c, 0x2d, 0x7a, 0x2c, 0x00, 0x3c, 0x44, 0x2f, 0x36, 0x2d, 0x30, 0x2c, 0x00, 0x3c, 0xc8, 0x2e, 0x0e, 0x2d, 0xd0, 0x2a, 0x00, 0x3c,
  0xa0, 0x31, 0x48, 0x30, 0x30, 0x2e, 0x00, 0x3c, 0x1d, 0x2c, 0x28, 0x2a, 0x80, 0x28, 0x00, 0x3c, 0xd0, 0x32, 0x42, 0x30, 0xd4, 0x2d, 0x00, 0x3c,
  0x58, 0x31, 0x40, 0x2f, 0x44, 0x2d, 0x00, 0x3c, 0x1c, 0x32, 0x02, 0x30, 0x9c, 0x2d, 0x00, 0x3c, 0x06, 0x31, 0xa8, 0x2f, 0xb4, 0x2c, 0x00, 0x3c,
  0xe0, 0x32, 0x3e, 0x30, 0xb8, 0x2d, 0x00, 0x3c, 0x72, 0x34, 0x12, 0x31, 0x00, 0x2f, 0x00, 0x3c, 0xa6, 0x33, 0x84, 0x30, 0x64, 0x2e, 0x00, 0x3c,
  0x31, 0x37, 0xd0, 0x33, 0xfc, 0x30, 0x00, 0x3c, 0x8a, 0x3c, 0x84, 0x38, 0x70, 0x35, 0x00, 0x3c, 0x8e, 0x38, 0xb8, 0x34, 0x90, 0x31, 0x00, 0x3c,
  0x34, 0x37, 0xc8, 0x34, 0x08, 0x30, 0x00, 0x3c, 0x04, 0x37, 0xd0, 0x33, 0x00, 0x30, 0x00, 0x3c, 0xd4, 0x35, 0xc2, 0x34, 0xb0, 0x30, 0x00, 0x3c,
  0x35, 0x34, 0x42, 0x31, 0x28, 0x2c, 0x00, 0x3c, 0x50, 0x2f, 0xa8, 0x2d, 0xac, 0x2a, 0x00, 0x3c, 0x6e, 0x33, 0xca, 0x30, 0x50, 0x2e, 0x00, 0x3c,
  0x50, 0x35, 0x08, 0x34, 0x80, 0x2f, 0x00, 0x3c, 0x65, 0x3c, 0x36, 0x39, 0x44, 0x34, 0x00, 0x3c, 0x74, 0x2e, 0x0c, 0x2f, 0x14, 0x29, 0x00, 0x3c,
  0xa8, 0x30, 0x00, 0x2f, 0x9c, 0x2c, 0x00, 0x3c, 0x38, 0x36, 0xb8, 0x33, 0x04, 0x31, 0x00, 0x3c, 0xc6, 0x3b, 0xfc, 0x38, 0x88, 0x34, 0x00, 0x3c,
  0x20, 0x3c, 0xaa, 0x39, 0x70, 0x33, 0x00, 0x3c, 0xd8, 0x2e, 0xda, 0x2d, 0xec, 0x2a, 0x00, 0x3c, 0xb2, 0x2d, 0x0a, 0x2e, 0x1c, 0x29, 0x00, 0x3c,
  0x60, 0x30, 0x38, 0x30, 0x40, 0x2c, 0x00, 0x3c, 0x50, 0x37, 0xe0, 0x33, 0x90, 0x30, 0x00, 0x3c, 0x06, 0x36, 0xc4, 0x32, 0x38, 0x30, 0x00, 0x3c,
  0xfc, 0x34, 0x6c, 0x31, 0xc8, 0x2e, 0x00, 0x3c, 0x01, 0x31, 0x3c, 0x2f, 0xca, 0x2c, 0x00, 0x3c, 0x24, 0x31, 0x2c, 0x2f, 0x9c, 0x2d, 0x00, 0x3c,
  0x8c, 0x30, 0x54, 0x2f, 0xb0, 0x2d, 0x00, 0x3c, 0x22, 0x31, 0xc0, 0x2e, 0x54, 0x2d, 0x00, 0x3c, 0x61, 0x30, 0xf6, 0x2d, 0xe6, 0x2c, 0x00, 0x3c,
  0xb9, 0x2e, 0xc0, 0x2c, 0xa2, 0x2b, 0x00, 0x3c, 0x0b, 0x30, 0x9a, 0x2d, 0x6c, 0x2c, 0x00, 0x3c, 0x31, 0x30, 0xaa, 0x2d, 0x74, 0x2c, 0x00, 0x3c,
  0x62, 0x31, 0xc4, 0x2e, 0x34, 0x2d, 0x00, 0x3c, 0xbe, 0x32, 0xbe, 0x30, 0xe0, 0x2e, 0x00, 0x3c, 0x7e, 0x2f, 0x94, 0x2d, 0x4c, 0x2c, 0x00, 0x3c,
  0xfe, 0x2e, 0x6e, 0x2d, 0x5e, 0x2c, 0x00, 0x3c, 0x0e, 0x2e, 0xc4, 0x2c, 0x10, 0x2b, 0x00, 0x3c, 0x99, 0x2d, 0x7e, 0x2b, 0x8e, 0x29, 0x00, 0x3c,
  0x38, 0x30, 0x1a, 0x2e, 0x08, 0x2d, 0x00, 0x3c, 0x9e, 0x30, 0x90, 0x2e, 0x4c, 0x2d, 0x00, 0x3c, 0xc0, 0x2f, 0x3e, 0x2e, 0x5a, 0x2c, 0x00, 0x3c,
  0x06, 0x2f, 0x6a, 0x2d, 0x56, 0x2c, 0x00, 0x3c, 0x70, 0x30, 0x5a, 0x2e, 0x38, 0x2d, 0x00, 0x3c, 0x45, 0x30, 0xf6, 0x2d, 0xe8, 0x2c, 0x00, 0x3c,
  0xb0, 0x2d, 0xec, 0x2b, 0x2c, 0x2a, 0x00, 0x3c, 0x66, 0x2f, 0xa8, 0x2c, 0xf0, 0x2b, 0x00, 0x3c, 0x14, 0x31, 0x90, 0x2e, 0xc0, 0x2d, 0x00, 0x3c,
  0x9e, 0x2e, 0xf6, 0x2c, 0x42, 0x2c, 0x00, 0x3c, 0x96, 0x2f, 0xca, 0x2e, 0x58, 0x2b, 0x00, 0x3c, 0x72, 0x33, 0x8e, 0x31, 0x30, 0x2e, 0x00, 0x3c,
  0x90, 0x2e, 0x4c, 0x2d, 0xe0, 0x2b, 0x00, 0x3c, 0x1e, 0x2e, 0xe4, 0x2c, 0x1c, 0x2b, 0x00, 0x3c, 0x32, 0x2d, 0x6c, 0x2c, 0xf0, 0x2a, 0x00, 0x3c,
  0x82, 0x30, 0xa8, 0x2f, 0x54, 0x2c, 0x00, 0x3c, 0x7c, 0x2e, 0x50, 0x2e, 0xa0, 0x2a, 0x00, 0x3c, 0xde, 0x2b, 0x16, 0x2c, 0xac, 0x2b, 0x00, 0x3c,
  0x58, 0x30, 0x4a, 0x2e, 0xf4, 0x2c, 0x00, 0x3c, 0x05, 0x30, 0x94, 0x2d, 0x20, 0x2c, 0x00, 0x3c, 0x8a, 0x31, 0x40, 0x2f, 0x20, 0x2d, 0x00, 0x3c,
  0x5c, 0x33, 0xc2, 0x30, 0x30, 0x2e, 0x00, 0x3c, 0x80, 0x30, 0x60, 0x2e, 0xb4, 0x2c, 0x00, 0x3c, 0xca, 0x30, 0xa0, 0x2e, 0xf4, 0x2c, 0x00, 0x3c,
  0x32, 0x30, 0x84, 0x2d, 0xf0, 0x2b, 0x00, 0x3c, 0x08, 0x30, 0xc6, 0x2d, 0x54, 0x2c, 0x00, 0x3c, 0x19, 0x30, 0xd8, 0x2d, 0x76, 0x2c, 0x00, 0x3c,
  0x22, 0x30, 0xc8, 0x2d, 0x6c, 0x2c, 0x00, 0x3c, 0xbe, 0x31, 0x44, 0x2f, 0x40, 0x2d, 0x00, 0x3c, 0xac, 0x33, 0x78, 0x30, 0x00, 0x2e, 0x00, 0x3c,
  0xb6, 0x35, 0x54, 0x32, 0x10, 0x30, 0x00, 0x3c, 0x40, 0x34, 0x94, 0x30, 0x24, 0x2e, 0x00, 0x3c, 0x58, 0x2f, 0xe2, 0x2d, 0x92, 0x2c, 0x00, 0x3c,
  0xf6, 0x32, 0xfc, 0x2f, 0x2c, 0x2d, 0x00, 0x3c, 0x84, 0x32, 0x18, 0x30, 0x28, 0x2d, 0x00, 0x3c, 0xc0, 0x31, 0x18, 0x2f, 0x04, 0x2d, 0x00, 0x3c,
  0x8c, 0x31, 0xba, 0x30, 0x44, 0x2c, 0x00, 0x3c, 0x7c, 0x37, 0x18, 0x34, 0xa0, 0x30, 0x00, 0x3c, 0xc2, 0x32, 0x48, 0x31, 0x28, 0x2c, 0x00, 0x3c,
  0xf8, 0x2f, 0x72, 0x2e, 0x08, 0x2c, 0x00, 0x3c, 0x46, 0x30, 0x16, 0x2f, 0x24, 0x2c, 0x00, 0x3c, 0x61, 0x34, 0xce, 0x32, 0x1c, 0x31, 0x00, 0x3c,
  0xab, 0x38, 0xe6, 0x34, 0x0c, 0x31, 0x00, 0x3c, 0xfc, 0x38, 0xd4, 0x34, 0x18, 0x31, 0x00, 0x3c, 0xf6, 0x30, 0x3c, 0x2f, 0x1c, 0x2d, 0x00, 0x3c,
  0x9a, 0x30, 0x70, 0x2e, 0xa8, 0x2c, 0x00, 0x3c, 0x26, 0x30, 0x2e, 0x2e, 0x48, 0x2c, 0x00, 0x3c, 0x2c, 0x35, 0xd4, 0x31, 0x58, 0x2f, 0x00, 0x3c,
  0x34, 0x31, 0xb0, 0x2e, 0xb4, 0x2c, 0x00, 0x3c, 0xf4, 0x35, 0xa4, 0x32, 0x30, 0x30, 0x00, 0x3c, 0x3e, 0x31, 0x70, 0x2f, 0xb4, 0x2d, 0x00, 0x3c,
  0xea, 0x30, 0xa4, 0x2e, 0xec, 0x2c, 0x00, 0x3c, 0x78, 0x30, 0x3e, 0x2e, 0x04, 0x2d, 0x00, 0x3c, 0x37, 0x30, 0x14, 0x2e, 0x8c, 0x2c, 0x00, 0x3c,
  0x4e, 0x32, 0xf0, 0x2f, 0x90, 0x2d, 0x00, 0x3c, 0x56, 0x30, 0x2a, 0x2e, 0xae, 0x2d, 0x00, 0x3c, 0x52, 0x31, 0x6a, 0x2f, 0xe4, 0x2d, 0x00, 0x3c,
  0x76, 0x2f, 0x5c, 0x2d, 0x7e, 0x2c, 0x00, 0x3c, 0x37, 0x2d, 0xa8, 0x2b, 0x96, 0x2a, 0x00, 0x3c, 0x22, 0x2e, 0xa0, 0x2d, 0xfc, 0x2c, 0x00, 0x3c,
  0x2c, 0x2c, 0x0c, 0x2c, 0x12, 0x2a, 0x00, 0x3c, 0xba, 0x2c, 0x94, 0x2d, 0x78, 0x28, 0x00, 0x3c, 0xde, 0x2c, 0xf7, 0x2c, 0x82, 0x29, 0x00, 0x3c,
  0x86, 0x2f, 0x7e, 0x2d, 0xee, 0x2c, 0x00, 0x3c, 0x5e, 0x30, 0xa0, 0x2e, 0x5c, 0x2d, 0x00, 0x3c, 0x56, 0x30, 0xcc, 0x2e, 0x3c, 0x2d, 0x00, 0x3c,
  0x2f, 0x30, 0x46, 0x2e, 0xc6, 0x2c, 0x00, 0x3c, 0x2e, 0x2f, 0xd8, 0x2d, 0x9e, 0x2c, 0x00, 0x3c, 0x8a, 0x2f, 0x6c, 0x2d, 0x54, 0x2c, 0x00, 0x3c,
  0x06, 0x30, 0x62, 0x2d, 0x22, 0x2c, 0x00, 0x3c, 0x7c, 0x34, 0x9f, 0x30, 0x4e, 0x2e, 0x00, 0x3c, 0xf6, 0x2e, 0xa8, 0x2c, 0xf8, 0x2b, 0x00, 0x3c,
  0x04, 0x2f, 0xe4, 0x2c, 0xe8, 0x2b, 0x00, 0x3c, 0x26, 0x2f, 0x40, 0x2d, 0x66, 0x2c, 0x00, 0x3c, 0x9e, 0x30, 0x9c, 0x2e, 0x60, 0x2d, 0x00, 0x3c,
  0xa6, 0x30, 0x90, 0x2e, 0x58, 0x2d, 0x00, 0x3c, 0x1a, 0x30, 0x12, 0x2e, 0x46, 0x2d, 0x00, 0x3c, 0x95, 0x30, 0x60, 0x2f, 0x5e, 0x2d, 0x00, 0x3c,
  0x7c, 0x2e, 0xd2, 0x2d, 0x4c, 0x2b, 0x00, 0x3c, 0x00, 0x2f, 0xb8, 0x2e, 0x60, 0x2a, 0x00, 0x3c, 0xc8, 0x2b, 0x6a, 0x2c, 0xd8, 0x26, 0x00, 0x3c,
  0x10, 0x2f, 0xc0, 0x2d, 0x60, 0x2b, 0x00, 0x3c, 0xe6, 0x2e, 0xac, 0x2d, 0x9c, 0x2b, 0x00, 0x3c, 0xc8, 0x2c, 0x3b, 0x2c, 0xc2, 0x2b, 0x00, 0x3c,
  0xdc, 0x2e, 0x1c, 0x2d, 0xb8, 0x2b, 0x00, 0x3c, 0x56, 0x2d, 0x40, 0x2c, 0xe4, 0x29, 0x00, 0x3c, 0x43, 0x30, 0x8e, 0x2d, 0x20, 0x2c, 0x00, 0x3c,
  0x32, 0x31, 0x02, 0x30, 0xfc, 0x2c, 0x00, 0x3c, 0x4a, 0x32, 0xfc, 0x2f, 0x5c, 0x2d, 0x00, 0x3c, 0xb6, 0x35, 0xc4, 0x32, 0x84, 0x30, 0x00, 0x3c,
  0x9c, 0x34, 0x26, 0x31, 0xb4, 0x2e, 0x00, 0x3c, 0xa4, 0x33, 0xa6, 0x30, 0x60, 0x2e, 0x00, 0x3c, 0x78, 0x34, 0x40, 0x31, 0x20, 0x2f, 0x00, 0x3c,
  0x4c, 0x35, 0xb8, 0x31, 0x00, 0x2f, 0x00, 0x3c, 0x9a, 0x32, 0x04, 0x31, 0x38, 0x2b, 0x00, 0x3c, 0x9b, 0x30, 0x62, 0x2e, 0xb0, 0x2c, 0x00, 0x3c,
  0x1e, 0x35, 0xa4, 0x31, 0x40, 0x2f, 0x00, 0x3c, 0xb0, 0x38, 0x7e, 0x34, 0x60, 0x31, 0x00, 0x3c, 0x3f, 0x3a, 0x92, 0x36, 0x8c, 0x33, 0x00, 0x3c,
  0xd0, 0x38, 0x38, 0x35, 0xf8, 0x31, 0x00, 0x3c, 0xf4, 0x32, 0x06, 0x30, 0x50, 0x2d, 0x00, 0x3c, 0x64, 0x2f, 0x02, 0x2e, 0x4c, 0x2b, 0x00, 0x3c,
  0xe4, 0x30, 0x08, 0x2e, 0x8c, 0x2c, 0x00, 0x3c, 0x09, 0x30, 0x0c, 0x2f, 0x04, 0x2c, 0x00, 0x3c, 0x38, 0x33, 0x58, 0x31, 0xac, 0x2c, 0x00, 0x3c,
  0x90, 0x34, 0x74, 0x33, 0x1c, 0x30, 0x00, 0x3c, 0x9e, 0x36, 0x8c, 0x33, 0xa0, 0x2f, 0x00, 0x3c, 0xf8, 0x33, 0xd6, 0x30, 0xb4, 0x2e, 0x00, 0x3c,
  0xd2, 0x2f, 0xea, 0x2d, 0x84, 0x2c, 0x00, 0x3c, 0xba, 0x30, 0xe2, 0x2e, 0x32, 0x2d, 0x00, 0x3c, 0x25, 0x30, 0xc8, 0x2d, 0x7c, 0x2c, 0x00, 0x3c,
  0x2e, 0x32, 0x18, 0x30, 0xd0, 0x2d, 0x00, 0x3c, 0xb8, 0x31, 0x10, 0x30, 0x40, 0x2e, 0x00, 0x3c, 0xd8, 0x2f, 0x42, 0x2e, 0x68, 0x2d, 0x00, 0x3c,
  0x90, 0x2f, 0x62, 0x2d, 0xbc, 0x2a, 0x00, 0x3c, 0xbc, 0x30, 0xe0, 0x2e, 0xb4, 0x2c, 0x00, 0x3c, 0x9f, 0x30, 0x66, 0x2f, 0xfc, 0x2c, 0x00, 0x3c,
  0x64, 0x2e, 0xba, 0x2c, 0xb0, 0x2b, 0x00, 0x3c, 0x5a, 0x2e, 0x94, 0x2c, 0xd0, 0x2a, 0x00, 0x3c, 0xee, 0x2f, 0xd0, 0x2d, 0x56, 0x2c, 0x00, 0x3c,
  0x34, 0x2f, 0x46, 0x2d, 0x54, 0x2c, 0x00, 0x3c, 0x5b, 0x30, 0x9a, 0x2d, 0x3a, 0x2c, 0x00, 0x3c, 0xf3, 0x30, 0x38, 0x2f, 0x96, 0x2d, 0x00, 0x3c,
  0xc8, 0x2c, 0xde, 0x2c, 0xdc, 0x28, 0x00, 0x3c, 0x5b, 0x30, 0x35, 0x31, 0x78, 0x2d, 0x00, 0x3c, 0x70, 0x2f, 0x8e, 0x2d, 0x98, 0x2b, 0x00, 0x3c,
  0xe4, 0x2e, 0x86, 0x2c, 0x30, 0x2b, 0x00, 0x3c, 0x3f, 0x30, 0x72, 0x2e, 0x9c, 0x2d, 0x00, 0x3c, 0x27, 0x31, 0xc6, 0x2e, 0x54, 0x2e, 0x00, 0x3c,
  0x0c, 0x2f, 0x2c, 0x2c, 0x34, 0x2b, 0x00, 0x3c, 0x88, 0x2d, 0xc0, 0x2b, 0x20, 0x2a, 0x00, 0x3c, 0x12, 0x2f, 0xf8, 0x2c, 0x0c, 0x2c, 0x00, 0x3c,
  0x77, 0x2c, 0x40, 0x2a, 0x12, 0x29, 0x00, 0x3c, 0x9c, 0x33, 0xee, 0x30, 0xdc, 0x2f, 0x00, 0x3c, 0x22, 0x35, 0x2a, 0x32, 0x78, 0x30, 0x00, 0x3c,
  0x40, 0x32, 0x24, 0x30, 0x93, 0x2e, 0x00, 0x3c, 0x24, 0x2f, 0x66, 0x2d, 0x64, 0x2c, 0x00, 0x3c, 0x9c, 0x2f, 0x50, 0x2e, 0xb8, 0x2b, 0x00, 0x3c,
  0xd8, 0x2e, 0x86, 0x2d, 0xa8, 0x2b, 0x00, 0x3c, 0x02, 0x2f, 0x40, 0x2f, 0xd8, 0x2a, 0x00, 0x3c, 0xa6, 0x2f, 0xe6, 0x2d, 0x62, 0x2c, 0x00, 0x3c,
  0xce, 0x2d, 0xe0, 0x2e, 0xb8, 0x2a, 0x00, 0x3c, 0xdc, 0x2e, 0xf0, 0x2d, 0xf0, 0x2a, 0x00, 0x3c, 0x7a, 0x30, 0x32, 0x30, 0x70, 0x2b, 0x00, 0x3c,
  0x4f, 0x2c, 0x04, 0x2a, 0x80, 0x28, 0x00, 0x3c, 0x8a, 0x2e, 0x10, 0x2e, 0x1c, 0x2a, 0x00, 0x3c, 0x78, 0x2a, 0x6a, 0x2b, 0x14, 0x28, 0x00, 0x3c,
  0x4e, 0x2f, 0x74, 0x2d, 0x3c, 0x2c, 0x00, 0x3c, 0xb8, 0x2e, 0x30, 0x2d, 0x5e, 0x2c, 0x00, 0x3c, 0x8e, 0x2f, 0x98, 0x2d, 0x60, 0x2c, 0x00, 0x3c,
  0x76, 0x2b, 0x7c, 0x29, 0x18, 0x28, 0x00, 0x3c, 0x68, 0x2a, 0xf6, 0x29, 0xc8, 0x28, 0x00, 0x3c, 0x7a, 0x2d, 0x76, 0x2c, 0x88, 0x2b, 0x00, 0x3c,
  0xf0, 0x2e, 0xc0, 0x2c, 0xd8, 0x2a, 0x00, 0x3c, 0x90, 0x2f, 0xb0, 0x2d, 0x44, 0x2c, 0x00, 0x3c, 0xb0, 0x2f, 0x52, 0x2e, 0x4c, 0x2c, 0x00, 0x3c,
  0x89, 0x30, 0x28, 0x30, 0xbc, 0x2c, 0x00, 0x3c, 0x37, 0x30, 0x56, 0x2e, 0xf0, 0x2c, 0x00, 0x3c, 0x6c, 0x32, 0xe8, 0x2f, 0x84, 0x2d, 0x00, 0x3c,
  0x40, 0x37, 0xfc, 0x33, 0xd4, 0x30, 0x00, 0x3c, 0x52, 0x38, 0xd6, 0x34, 0xd8, 0x31, 0x00, 0x3c, 0xf5, 0x34, 0xf4, 0x31, 0xd0, 0x2f, 0x00, 0x3c,
  0x1c, 0x33, 0xfa, 0x30, 0x7c, 0x2d, 0x00, 0x3c, 0xac, 0x2e, 0x36, 0x2e, 0x4c, 0x2a, 0x00, 0x3c, 0x16, 0x2e, 0x94, 0x2d, 0x5c, 0x2b, 0x00, 0x3c,
  0xf2, 0x2d, 0x8e, 0x2d, 0x3c, 0x2b, 0x00, 0x3c, 0x1a, 0x32, 0x78, 0x30, 0xc4, 0x2e, 0x00, 0x3c, 0xda, 0x30, 0xe4, 0x2e, 0xdc, 0x2c, 0x00, 0x3c,
  0x31, 0x31, 0x11, 0x30, 0x66, 0x2c, 0x00, 0x3c, 0x27, 0x38, 0x34, 0x34, 0x9c, 0x30, 0x00, 0x3c, 0x3a, 0x38, 0x26, 0x34, 0x54, 0x30, 0x00, 0x3c,
  0xc4, 0x34, 0x90, 0x31, 0x3c, 0x2f, 0x00, 0x3c, 0x72, 0x30, 0x04, 0x2e, 0x9e, 0x2c, 0x00, 0x3c, 0xfc, 0x2f, 0x1a, 0x2e, 0x50, 0x2d, 0x00, 0x3c,
  0x32, 0x30, 0xde, 0x2d, 0x94, 0x2c, 0x00, 0x3c, 0x70, 0x30, 0xe8, 0x2d, 0x8c, 0x2c, 0x00, 0x3c, 0xde, 0x30, 0x78, 0x2e, 0xd0, 0x2c, 0x00, 0x3c,
  0x7e, 0x32, 0x94, 0x30, 0xa4, 0x2e, 0x00, 0x3c, 0xe8, 0x30, 0xdc, 0x2e, 0x5c, 0x2d, 0x00, 0x3c, 0xf0, 0x2e, 0x28, 0x2f, 0x70, 0x2a, 0x00, 0x3c,
  0x20, 0x31, 0xac, 0x2f, 0x80, 0x2d, 0x00, 0x3c, 0x96, 0x2d, 0x0e, 0x2d, 0xfc, 0x28, 0x00, 0x3c, 0x48, 0x2e, 0x78, 0x2e, 0x4c, 0x2a, 0x00, 0x3c,
  0x3c, 0x2f, 0x38, 0x2d, 0x8c, 0x2b, 0x00, 0x3c, 0x80, 0x30, 0x30, 0x2e, 0xbe, 0x2c, 0x00, 0x3c, 0x30, 0x30, 0xbe, 0x2d, 0xde, 0x2c, 0x00, 0x3c,
  0xa8, 0x2f, 0x1c, 0x2d, 0xc0, 0x2b, 0x00, 0x3c, 0x61, 0x31, 0xea, 0x2e, 0xf6, 0x2c, 0x00, 0x3c, 0x24, 0x35, 0xc4, 0x31, 0xb8, 0x2f, 0x00, 0x3c,
  0x5e, 0x35, 0x8c, 0x31, 0x30, 0x2f, 0x00, 0x3c, 0xa8, 0x31, 0xdc, 0x2c, 0x48, 0x2a, 0x00, 0x3c, 0x0d, 0x30, 0xa2, 0x2c, 0x30, 0x2b, 0x00, 0x3c,
  0x17, 0x36, 0xce, 0x33, 0x5a, 0x32, 0x00, 0x3c, 0x23, 0x31, 0x06, 0x2f, 0x3c, 0x2d, 0x00, 0x3c, 0x08, 0x31, 0xe8, 0x2e, 0x8c, 0x2d, 0x00, 0x3c,
  0x18, 0x30, 0xc6, 0x2d, 0xa8, 0x2c, 0x00, 0x3c, 0xb8, 0x2e, 0x1c, 0x2d, 0xe8, 0x2c, 0x00, 0x3c, 0x5c, 0x30, 0x44, 0x2e, 0xd2, 0x2c, 0x00, 0x3c,
  0x28, 0x2d, 0x00, 0x2b, 0x34, 0x29, 0x00, 0x3c, 0x34, 0x33, 0x44, 0x30, 0x3c, 0x2e, 0x00, 0x3c, 0x2e, 0x30, 0x6e, 0x2e, 0x0a, 0x2d, 0x00, 0x3c,
  0xa6, 0x2f, 0x7a, 0x2d, 0x90, 0x2c, 0x00, 0x3c, 0x24, 0x2e, 0xe2, 0x2c, 0x88, 0x2a, 0x00, 0x3c, 0xda, 0x2d, 0x18, 0x2d, 0xd0, 0x2a, 0x00, 0x3c,
  0xe8, 0x2c, 0xf4, 0x2b, 0xe8, 0x29, 0x00, 0x3c, 0xaa, 0x30, 0x1c, 0x2f, 0x28, 0x2d, 0x00, 0x3c, 0x52, 0x2e, 0xe2, 0x2c, 0x28, 0x2b, 0x00, 0x3c,
  0xf0, 0x31, 0x62, 0x30, 0xb4, 0x2c, 0x00, 0x3c, 0x76, 0x33, 0xae, 0x31, 0xa8, 0x2c, 0x00, 0x3c, 0xd6, 0x33, 0xb8, 0x32, 0x98, 0x2d, 0x00, 0x3c,
  0x36, 0x2f, 0xe6, 0x2d, 0xc8, 0x2b, 0x00, 0x3c, 0x78, 0x29, 0xf8, 0x28, 0x08, 0x27, 0x00, 0x3c, 0x96, 0x27, 0x14, 0x27, 0x1a, 0x25, 0x00, 0x3c,
  0x21, 0x29, 0x36, 0x29, 0x46, 0x27, 0x00, 0x3c, 0x30, 0x2a, 0x9a, 0x29, 0xf4, 0x27, 0x00, 0x3c, 0x14, 0x2c, 0x58, 0x2b, 0xfc, 0x28, 0x00, 0x3c,
  0x3a, 0x2a, 0x4e, 0x2b, 0xac, 0x26, 0x00, 0x3c, 0xe4, 0x2b, 0xd0, 0x2a, 0x5e, 0x28, 0x00, 0x3c, 0x2e, 0x2e, 0xca, 0x2d, 0x46, 0x2c, 0x00, 0x3c,
  0x3c, 0x27, 0xb2, 0x26, 0x4e, 0x24, 0x00, 0x3c, 0x18, 0x2c, 0xb5, 0x2c, 0x7e, 0x2a, 0x00, 0x3c, 0xe6, 0x2c, 0xd0, 0x2c, 0x6c, 0x2a, 0x00, 0x3c,
  0x21, 0x31, 0x11, 0x30, 0x9a, 0x2e, 0x00, 0x3c, 0x22, 0x2f, 0x8e, 0x2d, 0x1c, 0x2c, 0x00, 0x3c, 0x86, 0x2e, 0xae, 0x2e, 0xba, 0x2c, 0x00, 0x3c,
  0x32, 0x2e, 0x6e, 0x2d, 0xc4, 0x2a, 0x00, 0x3c, 0xb4, 0x2e, 0x54, 0x2e, 0x08, 0x2b, 0x00, 0x3c, 0x3b, 0x30, 0xa0, 0x2e, 0xb8, 0x2c, 0x00, 0x3c,
  0x86, 0x2e, 0x1c, 0x2e, 0x60, 0x2a, 0x00, 0x3c, 0x2c, 0x2e, 0x66, 0x2d, 0x40, 0x2a, 0x00, 0x3c, 0x3c, 0x2f, 0x8a, 0x2d, 0x3e, 0x2c, 0x00, 0x3c,
  0x93, 0x38, 0x94, 0x35, 0xb0, 0x31, 0x00, 0x3c, 0x60, 0x37, 0xc0, 0x34, 0x80, 0x30, 0x00, 0x3c, 0x24, 0x39, 0x48, 0x36, 0x08, 0x32, 0x00, 0x3c,
  0x18, 0x36, 0x10, 0x34, 0x44, 0x31, 0x00, 0x3c, 0x24, 0x33, 0x8a, 0x30, 0xac, 0x2e, 0x00, 0x3c, 0xb6, 0x2e, 0x6c, 0x2d, 0xfc, 0x2c, 0x00, 0x3c,
  0x6e, 0x2d, 0xa8, 0x2c, 0x42, 0x2c, 0x00, 0x3c, 0x4a, 0x2e, 0x02, 0x2d, 0x50, 0x2c, 0x00, 0x3c, 0x02, 0x2e, 0xfe, 0x2c, 0x64, 0x2b, 0x00, 0x3c,
  0x8d, 0x30, 0x50, 0x2e, 0xe2, 0x2c, 0x00, 0x3c, 0x80, 0x2f, 0xca, 0x2d, 0x12, 0x2c, 0x00, 0x3c, 0xb4, 0x2d, 0x36, 0x2d, 0xdc, 0x2c, 0x00, 0x3c,
  0x17, 0x30, 0x65, 0x30, 0x48, 0x2b, 0x00, 0x3c, 0xe4, 0x30, 0xfc, 0x2e, 0x60, 0x2d, 0x00, 0x3c, 0x5a, 0x30, 0x56, 0x2e, 0x24, 0x2d, 0x00, 0x3c,
  0xc4, 0x2d, 0xda, 0x2d, 0x78, 0x28, 0x00, 0x3c, 0x53, 0x30, 0x07, 0x30, 0xe4, 0x2a, 0x00, 0x3c, 0xd4, 0x31, 0x38, 0x30, 0x68, 0x2d, 0x00, 0x3c,
  0x04, 0x33, 0x7e, 0x30, 0x84, 0x2e, 0x00, 0x3c, 0x59, 0x34, 0xd6, 0x30, 0x78, 0x2e, 0x00, 0x3c, 0x9e, 0x34, 0x60, 0x31, 0x10, 0x2f, 0x00, 0x3c,
  0x67, 0x34, 0x06, 0x31, 0xd8, 0x2e, 0x00, 0x3c, 0xd3, 0x2d, 0x8a, 0x2a, 0x00, 0x29, 0x00, 0x3c, 0x18, 0x32, 0xb8, 0x2f, 0xc8, 0x2d, 0x00, 0x3c,
  0x3a, 0x2f, 0xfa, 0x2c, 0x60, 0x2a, 0x00, 0x3c, 0x58, 0x30, 0xd6, 0x2f, 0x34, 0x2b, 0x00, 0x3c, 0xbe, 0x30, 0x50, 0x2e, 0x2a, 0x2c, 0x00, 0x3c,
  0x26, 0x2e, 0xf4, 0x2b, 0x9c, 0x29, 0x00, 0x3c, 0xce, 0x32, 0x36, 0x30, 0x74, 0x2e, 0x00, 0x3c, 0x7a, 0x31, 0xd4, 0x2e, 0x88, 0x2c, 0x00, 0x3c,
  0x74, 0x33, 0xd2, 0x30, 0x74, 0x2e, 0x00, 0x3c, 0x38, 0x31, 0x80, 0x31, 0x38, 0x2a, 0x00, 0x3c, 0x74, 0x32, 0x54, 0x32, 0xf0, 0x2a, 0x00, 0x3c,
  0x24, 0x33, 0x32, 0x31, 0x04, 0x2f, 0x00, 0x3c, 0x92, 0x2f, 0x12, 0x2e, 0x84, 0x2c, 0x00, 0x3c, 0x9e, 0x2d, 0x76, 0x2c, 0xc8, 0x2a, 0x00, 0x3c,
  0x3a, 0x2e, 0xd4, 0x2c, 0x2a, 0x2c, 0x00, 0x3c, 0x94, 0x2e, 0x90, 0x2c, 0x80, 0x2b, 0x00, 0x3c, 0x5e, 0x30, 0x6a, 0x2e, 0x3c, 0x2d, 0x00, 0x3c,
  0x18, 0x2e, 0x38, 0x2c, 0x08, 0x2b, 0x00, 0x3c, 0x99, 0x30, 0x68, 0x2e, 0x4a, 0x2d, 0x00, 0x3c, 0x98, 0x35, 0x14, 0x33, 0x18, 0x30, 0x00, 0x3c,
  0x6a, 0x35, 0xd2, 0x31, 0x24, 0x2f, 0x00, 0x3c, 0x62, 0x30, 0x2c, 0x2e, 0x34, 0x2a, 0x00, 0x3c, 0xa3, 0x30, 0x16, 0x2f, 0x08, 0x2d, 0x00, 0x3c,
  0xca, 0x2c, 0x30, 0x2c, 0x30, 0x29, 0x00, 0x3c, 0xbc, 0x2a, 0xc0, 0x29, 0x1c, 0x28, 0x00, 0x3c, 0xce, 0x2a, 0x8c, 0x29, 0x64, 0x27, 0x00, 0x3c,
  0x02, 0x2a, 0x36, 0x29, 0x8e, 0x27, 0x00, 0x3c, 0x46, 0x2d, 0x90, 0x2b, 0x20, 0x2a, 0x00, 0x3c, 0x4c, 0x2f, 0xee, 0x2c, 0x80, 0x2b, 0x00, 0x3c,
  0xe8, 0x2f, 0xc6, 0x2d, 0xd8, 0x2c, 0x00, 0x3c, 0x96, 0x30, 0x18, 0x2e, 0xe0, 0x2c, 0x00, 0x3c, 0x36, 0x30, 0x3e, 0x2e, 0xd8, 0x2c, 0x00, 0x3c,
  0xba, 0x2e, 0xfa, 0x2c, 0xf8, 0x2a, 0x00, 0x3c, 0x05, 0x30, 0xb0, 0x2d, 0x7e, 0x2c, 0x00, 0x3c, 0x74, 0x2f, 0x4e, 0x2d, 0x2e, 0x2c, 0x00, 0x3c,
  0xf2, 0x2f, 0xba, 0x2d, 0xb2, 0x2c, 0x00, 0x3c, 0xdc, 0x2d, 0x28, 0x2c, 0xd0, 0x2a, 0x00, 0x3c, 0xea, 0x2c, 0x8a, 0x2d, 0x18, 0x2b, 0x00, 0x3c,
  0x32, 0x2d, 0x0e, 0x2c, 0x10, 0x2a, 0x00, 0x3c, 0xe8, 0x32, 0x5e, 0x30, 0x14, 0x2e, 0x00, 0x3c, 0xc8, 0x35, 0xd4, 0x32, 0x2c, 0x30, 0x00, 0x3c,
  0xca, 0x35, 0x70, 0x33, 0x30, 0x30, 0x00, 0x3c, 0xd2, 0x38, 0xbc, 0x34, 0x30, 0x31, 0x00, 0x3c, 0x6c, 0x3a, 0x1c, 0x36, 0x28, 0x32, 0x00, 0x3c,
  0x68, 0x39, 0x7c, 0x35, 0xf0, 0x31, 0x00, 0x3c, 0x36, 0x37, 0xd4, 0x33, 0x44, 0x30, 0x00, 0x3c, 0x1a, 0x30, 0x0a, 0x2e, 0xd6, 0x2c, 0x00, 0x3c,
  0xfe, 0x2d, 0x18, 0x2d, 0xb6, 0x2c, 0x00, 0x3c, 0xb4, 0x2e, 0x46, 0x2d, 0xc0, 0x2b, 0x00, 0x3c, 0xee, 0x2f, 0xa0, 0x2d, 0x64, 0x2c, 0x00, 0x3c,
  0x61, 0x30, 0x98, 0x2e, 0x2e, 0x2d, 0x00, 0x3c, 0x58, 0x30, 0x38, 0x2e, 0xcc, 0x2c, 0x00, 0x3c, 0xda, 0x30, 0xa4, 0x2e, 0x90, 0x2d, 0x00, 0x3c,
  0x94, 0x2e, 0x1e, 0x2d, 0x74, 0x2b, 0x00, 0x3c, 0x0a, 0x34, 0x44, 0x31, 0xec, 0x2e, 0x00, 0x3c, 0x88, 0x37, 0xd0, 0x34, 0x24, 0x32, 0x00, 0x3c,
  0x92, 0x34, 0x20, 0x31, 0x98, 0x2e, 0x00, 0x3c, 0x76, 0x33, 0x12, 0x30, 0x6c, 0x2d, 0x00, 0x3c, 0x52, 0x32, 0xb0, 0x30, 0xe8, 0x2d, 0x00, 0x3c,
  0x13, 0x30, 0x34, 0x2f, 0x52, 0x2d, 0x00, 0x3c, 0x39, 0x34, 0x30, 0x32, 0x18, 0x2d, 0x00, 0x3c, 0x50, 0x34, 0x04, 0x32, 0xa0, 0x2c, 0x00, 0x3c,
  0xac, 0x35, 0x9c, 0x33, 0x90, 0x2e, 0x00, 0x3c, 0x80, 0x37, 0x9e, 0x34, 0xfc, 0x30, 0x00, 0x3c, 0x2a, 0x33, 0x80, 0x30, 0x9c, 0x2c, 0x00, 0x3c,
  0x3a, 0x35, 0x04, 0x34, 0xb0, 0x2d, 0x00, 0x3c, 0x74, 0x36, 0xda, 0x34, 0x8c, 0x32, 0x00, 0x3c, 0xc8, 0x36, 0xe8, 0x34, 0x44, 0x30, 0x00, 0x3c,
  0x38, 0x35, 0x44, 0x35, 0x38, 0x2c, 0x00, 0x3c, 0xb0, 0x35, 0x64, 0x34, 0x80, 0x2d, 0x00, 0x3c, 0x4f, 0x34, 0xfc, 0x33, 0x50, 0x2c, 0x00, 0x3c,
  0xc8, 0x32, 0xe2, 0x30, 0xec, 0x2d, 0x00, 0x3c, 0xf8, 0x34, 0xd8, 0x33, 0xb8, 0x2d, 0x00, 0x3c, 0x5e, 0x35, 0x52, 0x32, 0x00, 0x30, 0x00, 0x3c,
  0xde, 0x34, 0xb8, 0x31, 0x50, 0x2e, 0x00, 0x3c, 0xda, 0x31, 0x54, 0x30, 0x34, 0x2c, 0x00, 0x3c, 0x1d, 0x30, 0xac, 0x2d, 0xac, 0x2b, 0x00, 0x3c,
  0xf2, 0x2f, 0x9e, 0x2e, 0x80, 0x2c, 0x00, 0x3c, 0x80, 0x2f, 0x7a, 0x2d, 0x48, 0x2c, 0x00, 0x3c, 0xa6, 0x2f, 0x9c, 0x2d, 0x5a, 0x2c, 0x00, 0x3c,
  0x8a, 0x2d, 0xec, 0x2b, 0xdc, 0x29, 0x00, 0x3c, 0x01, 0x30, 0x8e, 0x2d, 0x58, 0x2c, 0x00, 0x3c, 0xf2, 0x2f, 0xea, 0x2d, 0x60, 0x2c, 0x00, 0x3c,
  0x96, 0x30, 0x2e, 0x2e, 0xd6, 0x2c, 0x00, 0x3c, 0x4c, 0x34, 0x10, 0x31, 0xb0, 0x2e, 0x00, 0x3c, 0xe2, 0x34, 0x50, 0x31, 0xa8, 0x2f, 0x00, 0x3c,
  0x28, 0x33, 0x44, 0x30, 0xe8, 0x2d, 0x00, 0x3c, 0x74, 0x32, 0xf8, 0x2f, 0xb0, 0x2d, 0x00, 0x3c, 0x12, 0x31, 0xd4, 0x2e, 0x34, 0x2d, 0x00, 0x3c,
  0x9e, 0x30, 0x30, 0x2e, 0xac, 0x2c, 0x00, 0x3c, 0x36, 0x30, 0x76, 0x2d, 0x40, 0x2c, 0x00, 0x3c, 0x24, 0x2e, 0x64, 0x2c, 0xa8, 0x2a, 0x00, 0x3c,
  0x94, 0x30, 0x50, 0x2e, 0xf4, 0x2c, 0x00, 0x3c, 0x1f, 0x30, 0xbe, 0x2d, 0x5e, 0x2c, 0x00, 0x3c, 0xbe, 0x2f, 0x76, 0x2d, 0x50, 0x2c, 0x00, 0x3c,
  0xb0, 0x2f, 0x7e, 0x2d, 0x4e, 0x2c, 0x00, 0x3c, 0xfc, 0x2f, 0xca, 0x2d, 0xa0, 0x2c, 0x00, 0x3c, 0x22, 0x33, 0x48, 0x30, 0xe4, 0x2d, 0x00, 0x3c,
  0xc8, 0x34, 0x04, 0x31, 0x28, 0x2e, 0x00, 0x3c, 0x60, 0x36, 0x9c, 0x32, 0xb8, 0x2f, 0x00, 0x3c, 0xf2, 0x37, 0x88, 0x34, 0x6c, 0x31, 0x00, 0x3c,
  0xd0, 0x38, 0x4c, 0x37, 0x40, 0x32, 0x00, 0x3c, 0xd0, 0x39, 0xc8, 0x35, 0x50, 0x32, 0x00, 0x3c, 0x4c, 0x3a, 0xb4, 0x36, 0xf0, 0x33, 0x00, 0x3c,
  0x0c, 0x39, 0xf0, 0x34, 0x90, 0x31, 0x00, 0x3c, 0x85, 0x38, 0x7c, 0x34, 0x28, 0x31, 0x00, 0x3c, 0x3c, 0x39, 0x44, 0x34, 0x38, 0x30, 0x00, 0x3c,
  0x12, 0x39, 0x80, 0x35, 0xa0, 0x31, 0x00, 0x3c, 0xf4, 0x34, 0x22, 0x31, 0xb8, 0x2d, 0x00, 0x3c, 0x14, 0x2f, 0xdc, 0x2c, 0x98, 0x2b, 0x00, 0x3c,
  0xa0, 0x30, 0xe6, 0x2c, 0xa8, 0x2b, 0x00, 0x3c, 0x5e, 0x30, 0x4c, 0x2e, 0x10, 0x2d, 0x00, 0x3c, 0x44, 0x30, 0x5c, 0x2e, 0x16, 0x2d, 0x00, 0x3c,
  0x86, 0x2f, 0x7c, 0x2d, 0x46, 0x2c, 0x00, 0x3c, 0xb2, 0x2f, 0x00, 0x2e, 0x5a, 0x2d, 0x00, 0x3c, 0xa2, 0x2f, 0x20, 0x2e, 0x4e, 0x2c, 0x00, 0x3c,
  0x12, 0x2f, 0x22, 0x2d, 0x00, 0x2c, 0x00, 0x3c, 0xe8, 0x32, 0x48, 0x31, 0xd8, 0x2f, 0x00, 0x3c, 0x60, 0x2d, 0x7c, 0x2c, 0x80, 0x29, 0x00, 0x3c,
  0xce, 0x2f, 0xa8, 0x2e, 0x4a, 0x2d, 0x00, 0x3c, 0x42, 0x32, 0x0c, 0x30, 0x2c, 0x2d, 0x00, 0x3c, 0xec, 0x32, 0x6a, 0x30, 0x40, 0x2d, 0x00, 0x3c,
  0xe6, 0x32, 0xe8, 0x2f, 0x44, 0x2d, 0x00, 0x3c, 0x6c, 0x31, 0x44, 0x2e, 0x64, 0x2c, 0x00, 0x3c, 0x80, 0x32, 0xbc, 0x2f, 0x60, 0x2c, 0x00, 0x3c,
  0x42, 0x34, 0xba, 0x30, 0x94, 0x2e, 0x00, 0x3c, 0xf2, 0x32, 0x20, 0x30, 0xf0, 0x2b, 0x00, 0x3c, 0xf8, 0x32, 0x50, 0x31, 0x18, 0x2d, 0x00, 0x3c,
  0x18, 0x37, 0xf4, 0x34, 0xec, 0x30, 0x00, 0x3c, 0xc2, 0x32, 0x4c, 0x30, 0xf0, 0x2b, 0x00, 0x3c, 0xea, 0x37, 0x2a, 0x35, 0x84, 0x31, 0x00, 0x3c,
  0x1d, 0x33, 0x38, 0x31, 0xa0, 0x2b, 0x00, 0x3c, 0x08, 0x34, 0xdc, 0x31, 0x10, 0x2d, 0x00, 0x3c, 0x34, 0x32, 0xb6, 0x30, 0x58, 0x2b, 0x00, 0x3c,
  0xb0, 0x31, 0xe0, 0x30, 0x00, 0x2b, 0x00, 0x3c, 0x10, 0x2f, 0xea, 0x2f, 0x78, 0x28, 0x00, 0x3c, 0x1b, 0x30, 0xfe, 0x2e, 0xec, 0x2b, 0x00, 0x3c,
  0x2f, 0x30, 0x90, 0x2e, 0x28, 0x2c, 0x00, 0x3c, 0x50, 0x2e, 0x76, 0x2f, 0x64, 0x29, 0x00, 0x3c, 0x18, 0x30, 0x7a, 0x2e, 0x9e, 0x2c, 0x00, 0x3c,
  0x3c, 0x2e, 0x66, 0x2d, 0x1c, 0x2a, 0x00, 0x3c, 0xb6, 0x2d, 0x62, 0x2d, 0x7c, 0x2a, 0x00, 0x3c, 0x3e, 0x2e, 0x44, 0x2c, 0x84, 0x2b, 0x00, 0x3c,
  0xea, 0x2e, 0xac, 0x2c, 0x20, 0x2b, 0x00, 0x3c, 0xb2, 0x2e, 0xd0, 0x2c, 0xf0, 0x2b, 0x00, 0x3c, 0x6c, 0x2f, 0x16, 0x2d, 0x3a, 0x2c, 0x00, 0x3c,
  0x16, 0x31, 0xe4, 0x2e, 0x40, 0x2d, 0x00, 0x3c, 0x18, 0x30, 0x64, 0x2d, 0x54, 0x2c, 0x00, 0x3c, 0x58, 0x2f, 0xd8, 0x2c, 0x90, 0x2b, 0x00, 0x3c,
  0xd2, 0x31, 0x02, 0x30, 0x34, 0x2e, 0x00, 0x3c, 0x66, 0x31, 0xf4, 0x2e, 0x18, 0x2d, 0x00, 0x3c, 0x34, 0x31, 0xf4, 0x2e, 0x3c, 0x2d, 0x00, 0x3c,
  0xa8, 0x2f, 0xea, 0x2c, 0x2e, 0x2c, 0x00, 0x3c, 0xc4, 0x31, 0xb8, 0x2f, 0xe0, 0x2d, 0x00, 0x3c, 0x7c, 0x31, 0xe4, 0x2e, 0x24, 0x2d, 0x00, 0x3c,
  0x6e, 0x31, 0xe0, 0x2e, 0x28, 0x2d, 0x00, 0x3c, 0x14, 0x32, 0xd4, 0x2f, 0x08, 0x2e, 0x00, 0x3c, 0x80, 0x33, 0x50, 0x30, 0xe4, 0x2d, 0x00, 0x3c,
  0x45, 0x34, 0x90, 0x30, 0xe8, 0x2d, 0x00, 0x3c, 0xc2, 0x37, 0x22, 0x34, 0x18, 0x31, 0x00, 0x3c, 0x92, 0x39, 0x7c, 0x35, 0x88, 0x32, 0x00, 0x3c,
  0xc4, 0x35, 0x88, 0x32, 0xa0, 0x2f, 0x00, 0x3c, 0xe8, 0x39, 0x88, 0x36, 0x48, 0x34, 0x00, 0x3c, 0x86, 0x34, 0xe8, 0x31, 0x6c, 0x2f, 0x00, 0x3c,
  0x61, 0x38, 0xc6, 0x34, 0x04, 0x31, 0x00, 0x3c, 0xe2, 0x38, 0xe8, 0x35, 0xf8, 0x31, 0x00, 0x3c, 0x25, 0x38, 0x76, 0x35, 0x18, 0x31, 0x00, 0x3c,
  0x74, 0x38, 0xc8, 0x35, 0xb0, 0x30, 0x00, 0x3c, 0x8c, 0x3a, 0x02, 0x38, 0x58, 0x33, 0x00, 0x3c, 0x4f, 0x38, 0x9c, 0x34, 0x50, 0x31, 0x00, 0x3c,
  0x4a, 0x33, 0x4a, 0x30, 0x64, 0x2d, 0x00, 0x3c, 0x72, 0x31, 0x0c, 0x2f, 0x18, 0x2d, 0x00, 0x3c, 0x98, 0x30, 0x6c, 0x2e, 0x8c, 0x2c, 0x00, 0x3c,
  0xf2, 0x2e, 0xb6, 0x2c, 0x40, 0x2b, 0x00, 0x3c, 0x90, 0x2d, 0xd2, 0x2c, 0x20, 0x2c, 0x00, 0x3c, 0x7a, 0x30, 0xc4, 0x2e, 0xca, 0x2d, 0x00, 0x3c,
  0x8e, 0x2d, 0x7c, 0x2c, 0x30, 0x2a, 0x00, 0x3c, 0x30, 0x2d, 0x1a, 0x2c, 0x14, 0x2b, 0x00, 0x3c, 0x2c, 0x2d, 0x60, 0x2c, 0xf8, 0x2b, 0x00, 0x3c,
  0x40, 0x2e, 0x00, 0x2d, 0x82, 0x2c, 0x00, 0x3c, 0x6e, 0x2e, 0x12, 0x2d, 0x82, 0x2c, 0x00, 0x3c, 0xa8, 0x2c, 0x3a, 0x2c, 0xd0, 0x2b, 0x00, 0x3c,
  0xc0, 0x2c, 0xcc, 0x2b, 0x18, 0x2b, 0x00, 0x3c, 0x28, 0x2f, 0x48, 0x2d, 0x9c, 0x2c, 0x00, 0x3c, 0x2e, 0x2d, 0x3e, 0x2c, 0x48, 0x2b, 0x00, 0x3c,
  0x46, 0x2c, 0x3c, 0x2b, 0x2c, 0x2a, 0x00, 0x3c, 0x34, 0x2d, 0x42, 0x2c, 0x14, 0x2b, 0x00, 0x3c, 0x9e, 0x2b, 0x70, 0x2a, 0x8a, 0x28, 0x00, 0x3c,
  0x0a, 0x2d, 0x62, 0x2d, 0xd4, 0x29, 0x00, 0x3c, 0xd4, 0x2d, 0x7a, 0x2c, 0x18, 0x2a, 0x00, 0x3c, 0xfa, 0x2e, 0x32, 0x2d, 0xf4, 0x2a, 0x00, 0x3c,
  0x68, 0x2d, 0x54, 0x2a, 0x94, 0x28, 0x00, 0x3c, 0xae, 0x2f, 0x37, 0x30, 0x0c, 0x2d, 0x00, 0x3c, 0x98, 0x2e, 0xac, 0x2d, 0xcc, 0x2a, 0x00, 0x3c,
  0x1d, 0x30, 0xfa, 0x2f, 0xd0, 0x2b, 0x00, 0x3c, 0x4e, 0x30, 0x2c, 0x2f, 0x88, 0x2c, 0x00, 0x3c, 0x9c, 0x2f, 0x96, 0x2d, 0x12, 0x2c, 0x00, 0x3c,
  0xda, 0x2d, 0xe2, 0x2c, 0xe4, 0x2a, 0x00, 0x3c, 0x58, 0x30, 0x88, 0x2d, 0x64, 0x2c, 0x00, 0x3c, 0x64, 0x30, 0x40, 0x2e, 0xbe, 0x2c, 0x00, 0x3c,
  0x3e, 0x30, 0x72, 0x2e, 0x1c, 0x2d, 0x00, 0x3c, 0x60, 0x2e, 0x2e, 0x2d, 0x4c, 0x2b, 0x00, 0x3c, 0x5c, 0x2e, 0xa8, 0x2c, 0x48, 0x2b, 0x00, 0x3c,
  0x94, 0x2e, 0xba, 0x2c, 0x4c, 0x2b, 0x00, 0x3c, 0x84, 0x30, 0x52, 0x2e, 0x76, 0x2d, 0x00, 0x3c, 0x8f, 0x2d, 0x43, 0x2c, 0xee, 0x2a, 0x00, 0x3c,
  0x6a, 0x2f, 0x8e, 0x2d, 0xb4, 0x2c, 0x00, 0x3c, 0x76, 0x2f, 0xa6, 0x2d, 0xdc, 0x2c, 0x00, 0x3c, 0xa6, 0x2e, 0xbe, 0x2c, 0xc4, 0x2b, 0x00, 0x3c,
  0x1f, 0x30, 0x78, 0x2d, 0x38, 0x2c, 0x00, 0x3c, 0x2c, 0x30, 0xe6, 0x2d, 0xb6, 0x2c, 0x00, 0x3c, 0x28, 0x30, 0xc2, 0x2d, 0xa4, 0x2c, 0x00, 0x3c,
  0xc1, 0x30, 0x5c, 0x2e, 0x22, 0x2d, 0x00, 0x3c, 0x02, 0x31, 0xd4, 0x2d, 0x48, 0x2c, 0x00, 0x3c, 0x81, 0x34, 0x20, 0x31, 0xb8, 0x2e, 0x00, 0x3c,
  0x37, 0x31, 0x40, 0x2e, 0x42, 0x2c, 0x00, 0x3c, 0x91, 0x30, 0x82, 0x2d, 0xf4, 0x2b, 0x00, 0x3c, 0x86, 0x33, 0x52, 0x30, 0x04, 0x2e, 0x00, 0x3c,
  0xf6, 0x32, 0x58, 0x30, 0x38, 0x2e, 0x00, 0x3c, 0xc2, 0x31, 0x04, 0x2f, 0x3c, 0x2d, 0x00, 0x3c, 0x5a, 0x34, 0x04, 0x31, 0xe8, 0x2e, 0x00, 0x3c,
  0xde, 0x34, 0x90, 0x31, 0xb8, 0x2f, 0x00, 0x3c, 0xce, 0x36, 0x24, 0x33, 0x94, 0x30, 0x00, 0x3c, 0x2a, 0x37, 0x70, 0x33, 0xa4, 0x30, 0x00, 0x3c,
  0xad, 0x38, 0x70, 0x34, 0xd0, 0x30, 0x00, 0x3c, 0x0a, 0x3a, 0xf8, 0x35, 0x90, 0x32, 0x00, 0x3c, 0xba, 0x39, 0x9c, 0x35, 0x38, 0x32, 0x00, 0x3c,
  0x83, 0x39, 0xb0, 0x35, 0xec, 0x31, 0x00, 0x3c, 0xbe, 0x39, 0x8c, 0x35, 0x78, 0x31, 0x00, 0x3c, 0x93, 0x38, 0xa0, 0x34, 0x0c, 0x31, 0x00, 0x3c,
  0x30, 0x39, 0x28, 0x35, 0x60, 0x31, 0x00, 0x3c, 0x2c, 0x3b, 0x13, 0x38, 0xe8, 0x34, 0x00, 0x3c, 0x3d, 0x38, 0x94, 0x34, 0x8c, 0x31, 0x00, 0x3c,
  0x27, 0x39, 0xd0, 0x35, 0x3c, 0x33, 0x00, 0x3c, 0xf6, 0x30, 0x88, 0x2e, 0x14, 0x2d, 0x00, 0x3c, 0x0c, 0x31, 0xe8, 0x2e, 0x58, 0x2d, 0x00, 0x3c,
  0x86, 0x30, 0x4c, 0x2e, 0x00, 0x2d, 0x00, 0x3c, 0x5c, 0x30, 0xe6, 0x2d, 0x8c, 0x2c, 0x00, 0x3c, 0x37, 0x30, 0x84, 0x2d, 0x00, 0x2c, 0x00, 0x3c,
  0x4d, 0x30, 0xd8, 0x2d, 0x5a, 0x2c, 0x00, 0x3c, 0x58, 0x2f, 0x80, 0x2d, 0x56, 0x2c, 0x00, 0x3c, 0xdc, 0x2e, 0xbe, 0x2c, 0x0c, 0x2b, 0x00, 0x3c,
  0x25, 0x30, 0x1c, 0x2e, 0x40, 0x2d, 0x00, 0x3c, 0x2e, 0x2f, 0xe4, 0x2c, 0x90, 0x2b, 0x00, 0x3c, 0x65, 0x30, 0x5c, 0x2e, 0x06, 0x2d, 0x00, 0x3c,
  0x33, 0x30, 0x0a, 0x2e, 0xc8, 0x2c, 0x00, 0x3c, 0xcb, 0x30, 0xee, 0x2e, 0x94, 0x2d, 0x00, 0x3c, 0x9e, 0x30, 0xa0, 0x2e, 0x80, 0x2d, 0x00, 0x3c,
  0xee, 0x2f, 0xc2, 0x2d, 0xb2, 0x2c, 0x00, 0x3c, 0xbc, 0x2f, 0x7a, 0x2d, 0x16, 0x2c, 0x00, 0x3c, 0x58, 0x30, 0x34, 0x2e, 0xcc, 0x2c, 0x00, 0x3c,
  0x26, 0x2f, 0xf6, 0x2c, 0xc0, 0x2b, 0x00, 0x3c, 0x86, 0x2e, 0x9e, 0x2c, 0x9c, 0x2b, 0x00, 0x3c, 0xe8, 0x2f, 0xb6, 0x2d, 0x78, 0x2c, 0x00, 0x3c,
  0xa4, 0x2f, 0xf8, 0x2c, 0xac, 0x2b, 0x00, 0x3c, 0x40, 0x2f, 0x8e, 0x2c, 0xb8, 0x2a, 0x00, 0x3c, 0xf0, 0x2e, 0x96, 0x2c, 0x50, 0x2b, 0x00, 0x3c,
  0xf0, 0x30, 0x34, 0x2f, 0xb0, 0x2d, 0x00, 0x3c, 0x52, 0x2f, 0xfe, 0x2c, 0xd0, 0x2b, 0x00, 0x3c, 0xa2, 0x2f, 0x7e, 0x2d, 0x7a, 0x2c, 0x00, 0x3c,
  0x8e, 0x30, 0x54, 0x2e, 0xdc, 0x2c, 0x00, 0x3c, 0x0c, 0x30, 0xf0, 0x2d, 0xb0, 0x2c, 0x00, 0x3c, 0x52, 0x30, 0x50, 0x2e, 0x0c, 0x2d, 0x00, 0x3c,
  0x3b, 0x30, 0x02, 0x2e, 0xf4, 0x2c, 0x00, 0x3c, 0x55, 0x30, 0x4c, 0x2e, 0x90, 0x2c, 0x00, 0x3c, 0x4c, 0x30, 0xa8, 0x2d, 0x30, 0x2c, 0x00, 0x3c,
  0xba, 0x2e, 0xaa, 0x2c, 0x14, 0x2b, 0x00, 0x3c, 0x11, 0x30, 0xe6, 0x2d, 0x9c, 0x2c, 0x00, 0x3c, 0x0d, 0x30, 0x0e, 0x2e, 0xa6, 0x2c, 0x00, 0x3c,
  0x9a, 0x30, 0xa0, 0x2e, 0xa0, 0x2d, 0x00, 0x3c, 0x1d, 0x30, 0xea, 0x2d, 0xd8, 0x2c, 0x00, 0x3c, 0xd0, 0x2f, 0x96, 0x2d, 0x74, 0x2c, 0x00, 0x3c,
  0x3a, 0x31, 0x96, 0x2f, 0x5c, 0x2e, 0x00, 0x3c, 0x66, 0x2f, 0x22, 0x2d, 0x4e, 0x2c, 0x00, 0x3c, 0x6a, 0x2e, 0x48, 0x2c, 0x50, 0x2a, 0x00, 0x3c,
  0x6e, 0x30, 0x44, 0x2e, 0xac, 0x2c, 0x00, 0x3c, 0x44, 0x2f, 0x08, 0x2d, 0x9c, 0x2b, 0x00, 0x3c, 0x6c, 0x30, 0x38, 0x2e, 0xf6, 0x2c, 0x00, 0x3c,
  0x74, 0x30, 0x3c, 0x2e, 0xe4, 0x2c, 0x00, 0x3c, 0xbd, 0x30, 0x2a, 0x2e, 0x0e, 0x2d, 0x00, 0x3c, 0x60, 0x30, 0x2c, 0x2e, 0x1c, 0x2d, 0x00, 0x3c,
  0x98, 0x30, 0x88, 0x2e, 0x40, 0x2d, 0x00, 0x3c, 0x60, 0x31, 0x4c, 0x2f, 0x90, 0x2d, 0x00, 0x3c, 0x56, 0x32, 0x2c, 0x30, 0x34, 0x2e, 0x00, 0x3c,
  0x56, 0x30, 0xa8, 0x2d, 0x54, 0x2c, 0x00, 0x3c, 0x34, 0x31, 0x58, 0x2e, 0xd8, 0x2c, 0x00, 0x3c, 0x40, 0x31, 0x90, 0x2e, 0xf4, 0x2c, 0x00, 0x3c,
  0x34, 0x32, 0xc8, 0x2f, 0x60, 0x2d, 0x00, 0x3c, 0x90, 0x30, 0xd0, 0x2d, 0x40, 0x2c, 0x00, 0x3c, 0xbc, 0x30, 0x14, 0x2e, 0x94, 0x2c, 0x00, 0x3c,
  0xde, 0x31, 0x58, 0x2f, 0x74, 0x2d, 0x00, 0x3c, 0x20, 0x31, 0x70, 0x2e, 0x78, 0x2c, 0x00, 0x3c, 0x98, 0x30, 0x94, 0x2d, 0x68, 0x2b, 0x00, 0x3c,
  0xc2, 0x30, 0x74, 0x2e, 0xc4, 0x2c, 0x00, 0x3c, 0x62, 0x32, 0x70, 0x30, 0x88, 0x2e, 0x00, 0x3c, 0x27, 0x30, 0xd0, 0x2d, 0xb0, 0x2c, 0x00, 0x3c,
  0xb8, 0x30, 0x74, 0x2e, 0x08, 0x2d, 0x00, 0x3c, 0x34, 0x31, 0x68, 0x2f, 0x30, 0x2e, 0x00, 0x3c, 0x4d, 0x3c, 0xfc, 0x3d, 0x83, 0x41, 0x00, 0x3c,
  0x32, 0x3e, 0x4d, 0x40, 0x15, 0x44, 0x00, 0x3c, 0x6b, 0x40, 0x3e, 0x42, 0xf0, 0x45, 0x00, 0x3c, 0x5e, 0x41, 0xb9, 0x43, 0x5d, 0x47, 0x00, 0x3c,
  0x72, 0x42, 0xab, 0x44, 0x71, 0x48, 0x00, 0x3c, 0xd1, 0x42, 0xfe, 0x44, 0xbd, 0x48, 0x00, 0x3c, 0x91, 0x43, 0x8f, 0x45, 0x44, 0x49, 0x00, 0x3c,
  0xca, 0x43, 0xc5, 0x45, 0x74, 0x49, 0x00, 0x3c, 0x3b, 0x44, 0x41, 0x46, 0xe5, 0x49, 0x00, 0x3c, 0x61, 0x44, 0x86, 0x46, 0x20, 0x4a, 0x00, 0x3c,
  0xae, 0x44, 0xf1, 0x46, 0x7f, 0x4a, 0x00, 0x3c, 0xd5, 0x44, 0x2a, 0x47, 0xba, 0x4a, 0x00, 0x3c, 0xe9, 0x44, 0x3c, 0x47, 0xcb, 0x4a, 0x00, 0x3c,
  0xa6, 0x44, 0xc9, 0x46, 0x62, 0x4a, 0x00, 0x3c, 0x8c, 0x44, 0x78, 0x46, 0x23, 0x4a, 0x00, 0x3c, 0xc2, 0x43, 0x71, 0x45, 0x32, 0x49, 0x00, 0x3c,
  0xee, 0x42, 0xc4, 0x44, 0x89, 0x48, 0x00, 0x3c, 0xaf, 0x41, 0xba, 0x43, 0x50, 0x47, 0x00, 0x3c, 0xc8, 0x40, 0x6a, 0x42, 0x03, 0x46, 0x00, 0x3c,
  0x35, 0x3f, 0xde, 0x40, 0x76, 0x44, 0x00, 0x3c, 0x9c, 0x3d, 0x91, 0x3f, 0xde, 0x42, 0x00, 0x3c, 0xdf, 0x3c, 0x78, 0x3e, 0xd5, 0x41, 0x00, 0x3c,
  0xee, 0x3b, 0x44, 0x3d, 0x9d, 0x40, 0x00, 0x3c, 0xcf, 0x39, 0xd2, 0x3b, 0xb8, 0x3e, 0x00, 0x3c, 0xe3, 0x38, 0x8f, 0x3a, 0x7a, 0x3d, 0x00, 0x3c,
  0x91, 0x38, 0x0a, 0x3a, 0x1b, 0x3d, 0x00, 0x3c, 0x7b, 0x37, 0xec, 0x38, 0x24, 0x3c, 0x00, 0x3c, 0x4d, 0x37, 0xcf, 0x38, 0x0e, 0x3c, 0x00, 0x3c,
  0x89, 0x36, 0x4c, 0x38, 0x21, 0x3b, 0x00, 0x3c, 0x39, 0x38, 0xba, 0x39, 0xf7, 0x3c, 0x00, 0x3c, 0x93, 0x39, 0xa9, 0x3b, 0xb3, 0x3e, 0x00, 0x3c,
  0x0f, 0x3a, 0x3f, 0x3c, 0x81, 0x3f, 0x00, 0x3c, 0xd5, 0x38, 0x8d, 0x3a, 0x87, 0x3d, 0x00, 0x3c, 0xdc, 0x36, 0x4f, 0x38, 0x50, 0x3a, 0x00, 0x3c,
  0xa7, 0x36, 0x05, 0x38, 0x33, 0x39, 0x00, 0x3c, 0xd6, 0x38, 0xc8, 0x39, 0xea, 0x3a, 0x00, 0x3c, 0x83, 0x3b, 0xa6, 0x3c, 0x88, 0x3d, 0x00, 0x3c,
  0x73, 0x3d, 0x1a, 0x3f, 0xc0, 0x40, 0x00, 0x3c, 0x51, 0x3e, 0x4f, 0x40, 0x7c, 0x42, 0x00, 0x3c, 0x1f, 0x3d, 0x0d, 0x3f, 0x43, 0x41, 0x00, 0x3c,
  0x3c, 0x3b, 0xe6, 0x3c, 0x0a, 0x3f, 0x00, 0x3c, 0xa9, 0x3a, 0x98, 0x3c, 0xf0, 0x3e, 0x00, 0x3c, 0x60, 0x3c, 0x13, 0x3e, 0xde, 0x40, 0x00, 0x3c,
  0x76, 0x3c, 0x14, 0x3e, 0xdc, 0x40, 0x00, 0x3c, 0x03, 0x3e, 0x14, 0x40, 0x97, 0x42, 0x00, 0x3c, 0xc2, 0x42, 0xf7, 0x44, 0x6d, 0x48, 0x00, 0x3c,
  0x50, 0x45, 0x11, 0x48, 0xa0, 0x4b, 0x00, 0x3c, 0x6e, 0x45, 0x0f, 0x48, 0xac, 0x4b, 0x00, 0x3c, 0x56, 0x42, 0x90, 0x44, 0x35, 0x48, 0x00, 0x3c,
  0x3d, 0x3f, 0xf3, 0x40, 0x54, 0x44, 0x00, 0x3c, 0x99, 0x3c, 0xf5, 0x3d, 0xd5, 0x40, 0x00, 0x3c, 0x2b, 0x3c, 0x59, 0x3d, 0x43, 0x40, 0x00, 0x3c,
  0x77, 0x3d, 0xc5, 0x3e, 0x47, 0x41, 0x00, 0x3c, 0x88, 0x3b, 0xa6, 0x3c, 0xaf, 0x3e, 0x00, 0x3c, 0xaa, 0x3b, 0xd1, 0x3c, 0x1e, 0x3f, 0x00, 0x3c,
  0x7e, 0x3c, 0xbe, 0x3d, 0x6e, 0x40, 0x00, 0x3c, 0xab, 0x3d, 0x58, 0x3f, 0x4d, 0x42, 0x00, 0x3c, 0x24, 0x3e, 0xf7, 0x3f, 0x2b, 0x43, 0x00, 0x3c,
  0x7a, 0x3b, 0xbc, 0x3c, 0x03, 0x40, 0x00, 0x3c, 0xee, 0x37, 0xb9, 0x38, 0x24, 0x3b, 0x00, 0x3c, 0x1f, 0x36, 0x87, 0x37, 0x97, 0x39, 0x00, 0x3c,
  0x64, 0x36, 0x09, 0x38, 0xf6, 0x39, 0x00, 0x3c, 0x10, 0x36, 0x18, 0x38, 0x4d, 0x3a, 0x00, 0x3c, 0x10, 0x39, 0xff, 0x3a, 0x15, 0x3e, 0x00, 0x3c,
  0xe1, 0x36, 0x87, 0x38, 0x5f, 0x3a, 0x00, 0x3c, 0x24, 0x35, 0xa5, 0x36, 0xd4, 0x38, 0x00, 0x3c, 0x84, 0x33, 0x96, 0x34, 0xfc, 0x35, 0x00, 0x3c,
  0x91, 0x37, 0x0b, 0x39, 0xf2, 0x3b, 0x00, 0x3c, 0x5d, 0x38, 0x85, 0x39, 0x0b, 0x3c, 0x00, 0x3c, 0xcc, 0x37, 0xa0, 0x38, 0x09, 0x39, 0x00, 0x3c,
  0x09, 0x36, 0xaf, 0x37, 0xb5, 0x38, 0x00, 0x3c, 0x14, 0x39, 0x1b, 0x3b, 0xb8, 0x3d, 0x00, 0x3c, 0x79, 0x37, 0xf6, 0x38, 0x5c, 0x3b, 0x00, 0x3c,
  0xf5, 0x35, 0x7d, 0x37, 0x2f, 0x39, 0x00, 0x3c, 0x24, 0x39, 0xf6, 0x3a, 0x76, 0x3d, 0x00, 0x3c, 0xf0, 0x3a, 0xa7, 0x3c, 0x00, 0x40, 0x00, 0x3c,
  0x7d, 0x38, 0xf1, 0x39, 0x8b, 0x3c, 0x00, 0x3c, 0xd3, 0x3c, 0x5e, 0x3e, 0x6f, 0x41, 0x00, 0x3c, 0x5a, 0x3c, 0xf4, 0x3d, 0x16, 0x41, 0x00, 0x3c,
  0x32, 0x3e, 0x4a, 0x40, 0x42, 0x43, 0x00, 0x3c, 0x9f, 0x40, 0x2e, 0x42, 0x3b, 0x45, 0x00, 0x3c, 0x3e, 0x40, 0x6b, 0x41, 0x5a, 0x44, 0x00, 0x3c,
  0x13, 0x40, 0x05, 0x41, 0xe1, 0x43, 0x00, 0x3c, 0x14, 0x3f, 0x22, 0x40, 0x24, 0x42, 0x00, 0x3c, 0xdd, 0x42, 0x0d, 0x44, 0x6b, 0x46, 0x00, 0x3c,
  0x24, 0x3d, 0x2c, 0x3e, 0x94, 0x40, 0x00, 0x3c, 0x65, 0x3c, 0x8d, 0x3d, 0x3c, 0x40, 0x00, 0x3c, 0x3c, 0x3c, 0x4d, 0x3d, 0x26, 0x40, 0x00, 0x3c,
  0xf9, 0x38, 0x14, 0x3a, 0x6d, 0x3c, 0x00, 0x3c, 0xb9, 0x38, 0x11, 0x3a, 0xa4, 0x3c, 0x00, 0x3c, 0x63, 0x39, 0xd1, 0x3a, 0x9f, 0x3d, 0x00, 0x3c,
  0xc0, 0x35, 0xd0, 0x36, 0xdc, 0x38, 0x00, 0x3c, 0x20, 0x35, 0x70, 0x36, 0x79, 0x38, 0x00, 0x3c, 0x3f, 0x34, 0x4e, 0x35, 0x11, 0x36, 0x00, 0x3c,
  0xc3, 0x34, 0xef, 0x35, 0x86, 0x37, 0x00, 0x3c, 0xc0, 0x34, 0xe4, 0x35, 0xc7, 0x36, 0x00, 0x3c, 0x71, 0x34, 0x33, 0x35, 0x40, 0x35, 0x00, 0x3c,
  0xea, 0x34, 0x60, 0x35, 0x44, 0x35, 0x00, 0x3c, 0x29, 0x31, 0xc7, 0x31, 0x23, 0x32, 0x00, 0x3c, 0x66, 0x35, 0x3d, 0x36, 0xf7, 0x35, 0x00, 0x3c,
  0xae, 0x39, 0xe1, 0x3a, 0x4d, 0x3c, 0x00, 0x3c, 0x5c, 0x38, 0xce, 0x38, 0x99, 0x38, 0x00, 0x3c, 0x94, 0x36, 0xfd, 0x37, 0x7a, 0x38, 0x00, 0x3c,
  0x35, 0x36, 0x06, 0x38, 0x97, 0x38, 0x00, 0x3c, 0xb1, 0x38, 0x9e, 0x3a, 0x44, 0x3d, 0x00, 0x3c, 0xce, 0x3c, 0x56, 0x3e, 0x4d, 0x41, 0x00, 0x3c,
  0xf0, 0x40, 0xf0, 0x42, 0xfe, 0x45, 0x00, 0x3c, 0x86, 0x3c, 0xd8, 0x3d, 0xc5, 0x40, 0x00, 0x3c, 0x04, 0x3d, 0x2e, 0x3e, 0x3c, 0x41, 0x00, 0x3c,
  0x3c, 0x3e, 0xf8, 0x3f, 0x10, 0x43, 0x00, 0x3c, 0x59, 0x3e, 0x13, 0x40, 0x1b, 0x43, 0x00, 0x3c, 0x6e, 0x3a, 0x32, 0x3c, 0x71, 0x3e, 0x00, 0x3c,
  0xff, 0x3e, 0x73, 0x40, 0x03, 0x43, 0x00, 0x3c, 0x2b, 0x3e, 0xc9, 0x3f, 0x90, 0x41, 0x00, 0x3c, 0x07, 0x44, 0x8b, 0x44, 0xbb, 0x46, 0x00, 0x3c,
  0xea, 0x3d, 0xec, 0x3e, 0xde, 0x40, 0x00, 0x3c, 0x0e, 0x41, 0xf6, 0x41, 0x39, 0x44, 0x00, 0x3c, 0x11, 0x3f, 0x2a, 0x40, 0x11, 0x42, 0x00, 0x3c,
  0x7b, 0x3e, 0xef, 0x3f, 0x05, 0x42, 0x00, 0x3c, 0xed, 0x39, 0x09, 0x3b, 0x24, 0x3d, 0x00, 0x3c, 0x8e, 0x37, 0x7c, 0x38, 0x1c, 0x3a, 0x00, 0x3c,
  0xdb, 0x37, 0x02, 0x39, 0x40, 0x3b, 0x00, 0x3c, 0x7a, 0x3d, 0x9b, 0x3f, 0xff, 0x42, 0x00, 0x3c, 0x32, 0x39, 0xc1, 0x3a, 0x62, 0x3d, 0x00, 0x3c,
  0xd4, 0x34, 0x71, 0x35, 0x16, 0x35, 0x00, 0x3c, 0x12, 0x36, 0xcb, 0x35, 0xb2, 0x33, 0x00, 0x3c, 0x35, 0x33, 0xde, 0x33, 0xc5, 0x32, 0x00, 0x3c,
  0xb1, 0x33, 0xfb, 0x33, 0x66, 0x33, 0x00, 0x3c, 0xdc, 0x33, 0x6a, 0x33, 0x32, 0x31, 0x00, 0x3c, 0xd1, 0x34, 0xd0, 0x34, 0x0f, 0x34, 0x00, 0x3c,
  0x43, 0x34, 0x14, 0x35, 0x41, 0x36, 0x00, 0x3c, 0xb6, 0x37, 0xe1, 0x37, 0xc9, 0x34, 0x00, 0x3c, 0x3e, 0x34, 0x7a, 0x34, 0xe3, 0x32, 0x00, 0x3c,
  0x9d, 0x36, 0x37, 0x38, 0x37, 0x38, 0x00, 0x3c, 0x72, 0x36, 0x5f, 0x38, 0xe8, 0x38, 0x00, 0x3c, 0x8e, 0x34, 0x5d, 0x35, 0x38, 0x34, 0x00, 0x3c,
  0x36, 0x38, 0x53, 0x39, 0x73, 0x3a, 0x00, 0x3c, 0x05, 0x39, 0xc3, 0x39, 0x7d, 0x39, 0x00, 0x3c, 0xa5, 0x3d, 0x4f, 0x3f, 0x10, 0x41, 0x00, 0x3c,
  0x5a, 0x3b, 0x9d, 0x3c, 0xb8, 0x3e, 0x00, 0x3c, 0x20, 0x38, 0xde, 0x38, 0x7f, 0x3a, 0x00, 0x3c, 0x9b, 0x40, 0x10, 0x42, 0x07, 0x45, 0x00, 0x3c,
  0xa9, 0x42, 0x4f, 0x44, 0xc8, 0x47, 0x00, 0x3c, 0x77, 0x3b, 0x74, 0x3c, 0xcf, 0x3e, 0x00, 0x3c, 0xc9, 0x42, 0x23, 0x44, 0xc3, 0x46, 0x00, 0x3c,
  0xe0, 0x38, 0xea, 0x39, 0x93, 0x3b, 0x00, 0x3c, 0x79, 0x3e, 0x70, 0x3f, 0xbb, 0x40, 0x00, 0x3c, 0x92, 0x45, 0x98, 0x45, 0xe8, 0x46, 0x00, 0x3c,
  0xbc, 0x44, 0x68, 0x45, 0x0f, 0x48, 0x00, 0x3c, 0x5d, 0x3f, 0x65, 0x40, 0xaf, 0x42, 0x00, 0x3c, 0x8f, 0x3f, 0xc2, 0x40, 0x3c, 0x43, 0x00, 0x3c,
  0xa6, 0x39, 0xaf, 0x3a, 0xba, 0x3b, 0x00, 0x3c, 0xe8, 0x39, 0x66, 0x3b, 0x28, 0x3d, 0x00, 0x3c, 0x5d, 0x34, 0x14, 0x35, 0x65, 0x35, 0x00, 0x3c,
  0x48, 0x34, 0xd8, 0x34, 0xed, 0x34, 0x00, 0x3c, 0x39, 0x35, 0x0d, 0x35, 0xb9, 0x34, 0x00, 0x3c, 0xa1, 0x32, 0xd3, 0x32, 0xf8, 0x30, 0x00, 0x3c,
  0x71, 0x33, 0x61, 0x32, 0xcf, 0x2f, 0x00, 0x3c, 0x07, 0x33, 0xbc, 0x32, 0x41, 0x31, 0x00, 0x3c, 0x58, 0x31, 0xca, 0x30, 0xea, 0x2e, 0x00, 0x3c,
  0x4c, 0x34, 0xb2, 0x33, 0xea, 0x31, 0x00, 0x3c, 0xdb, 0x33, 0xcf, 0x33, 0x45, 0x32, 0x00, 0x3c, 0x70, 0x34, 0xe8, 0x33, 0x9f, 0x31, 0x00, 0x3c,
  0x0f, 0x33, 0xeb, 0x32, 0xbe, 0x30, 0x00, 0x3c, 0x4f, 0x34, 0x6e, 0x34, 0xb7, 0x32, 0x00, 0x3c, 0xaa, 0x35, 0x5f, 0x36, 0x95, 0x35, 0x00, 0x3c,
  0x82, 0x35, 0x60, 0x36, 0xce, 0x34, 0x00, 0x3c, 0x09, 0x30, 0x10, 0x30, 0xb6, 0x2d, 0x00, 0x3c, 0xbf, 0x35, 0x4e, 0x37, 0x2e, 0x38, 0x00, 0x3c,
  0xd1, 0x34, 0x2f, 0x35, 0xd2, 0x34, 0x00, 0x3c, 0xa8, 0x33, 0x28, 0x34, 0x59, 0x31, 0x00, 0x3c, 0xa8, 0x3b, 0xa6, 0x3c, 0xe8, 0x3e, 0x00, 0x3c,
  0xa8, 0x35, 0xbe, 0x36, 0x13, 0x38, 0x00, 0x3c, 0xa9, 0x39, 0x12, 0x3b, 0xd6, 0x3c, 0x00, 0x3c, 0x8b, 0x3d, 0xfa, 0x3e, 0x67, 0x41, 0x00, 0x3c,
  0x5f, 0x39, 0x88, 0x3a, 0xb2, 0x3c, 0x00, 0x3c, 0x46, 0x41, 0xce, 0x42, 0x56, 0x45, 0x00, 0x3c, 0x89, 0x39, 0x5a, 0x3b, 0x12, 0x3d, 0x00, 0x3c,
  0xeb, 0x38, 0xea, 0x39, 0xaf, 0x3a, 0x00, 0x3c, 0xb1, 0x3c, 0x60, 0x3d, 0xe6, 0x3d, 0x00, 0x3c, 0xd4, 0x39, 0xdf, 0x3a, 0x11, 0x3c, 0x00, 0x3c,
  0x16, 0x37, 0x1d, 0x38, 0x26, 0x39, 0x00, 0x3c, 0x08, 0x39, 0x32, 0x3a, 0x67, 0x3b, 0x00, 0x3c, 0x1a, 0x38, 0xeb, 0x38, 0x1a, 0x3a, 0x00, 0x3c,
  0x3f, 0x38, 0x0b, 0x39, 0x18, 0x3a, 0x00, 0x3c, 0x01, 0x35, 0x1e, 0x35, 0xe5, 0x33, 0x00, 0x3c, 0xb7, 0x31, 0x8e, 0x31, 0x78, 0x2f, 0x00, 0x3c,
  0xd6, 0x2f, 0xcb, 0x2e, 0x03, 0x2d, 0x00, 0x3c, 0x4e, 0x2f, 0x1a, 0x2f, 0x4e, 0x2c, 0x00, 0x3c, 0x89, 0x30, 0xc2, 0x2f, 0xdd, 0x2c, 0x00, 0x3c,
  0xb8, 0x33, 0x8e, 0x32, 0x64, 0x30, 0x00, 0x3c, 0x3e, 0x32, 0x68, 0x31, 0x22, 0x30, 0x00, 0x3c, 0x73, 0x31, 0xb6, 0x31, 0xfe, 0x30, 0x00, 0x3c,
  0x48, 0x30, 0x1d, 0x2f, 0x97, 0x2b, 0x00, 0x3c, 0x37, 0x30, 0x86, 0x2f, 0x12, 0x2e, 0x00, 0x3c, 0x25, 0x31, 0xc0, 0x30, 0x21, 0x2c, 0x00, 0x3c,
  0x39, 0x33, 0x95, 0x32, 0xd6, 0x2e, 0x00, 0x3c, 0xf1, 0x32, 0x54, 0x32, 0xb7, 0x2d, 0x00, 0x3c, 0xa2, 0x2f, 0xa2, 0x2e, 0xe7, 0x2a, 0x00, 0x3c,
  0x97, 0x2e, 0x21, 0x2d, 0x38, 0x2a, 0x00, 0x3c, 0x9c, 0x31, 0x87, 0x31, 0x2d, 0x2e, 0x00, 0x3c, 0x89, 0x30, 0x36, 0x2f, 0x31, 0x2c, 0x00, 0x3c,
  0x40, 0x2c, 0x49, 0x2b, 0x66, 0x29, 0x00, 0x3c, 0xab, 0x2e, 0x20, 0x2e, 0xae, 0x2c, 0x00, 0x3c, 0x03, 0x36, 0x63, 0x36, 0xa9, 0x34, 0x00, 0x3c,
  0x6e, 0x34, 0x0d, 0x35, 0x70, 0x33, 0x00, 0x3c, 0x16, 0x34, 0x23, 0x35, 0xb9, 0x35, 0x00, 0x3c, 0x51, 0x35, 0x3f, 0x36, 0xae, 0x36, 0x00, 0x3c,
  0x4d, 0x41, 0x89, 0x42, 0x7e, 0x44, 0x00, 0x3c, 0xa9, 0x39, 0x34, 0x3b, 0xb5, 0x3c, 0x00, 0x3c, 0x5e, 0x38, 0x73, 0x39, 0xa2, 0x3a, 0x00, 0x3c,
  0x78, 0x30, 0xec, 0x30, 0x0a, 0x31, 0x00, 0x3c, 0x03, 0x29, 0x60, 0x28, 0x6d, 0x26, 0x00, 0x3c, 0x6d, 0x29, 0x80, 0x28, 0xeb, 0x26, 0x00, 0x3c,
  0x71, 0x2a, 0x16, 0x2a, 0xaa, 0x28, 0x00, 0x3c, 0x2e, 0x2e, 0xcc, 0x2d, 0x2d, 0x2b, 0x00, 0x3c, 0x67, 0x35, 0x72, 0x35, 0xfb, 0x30, 0x00, 0x3c,
  0x4e, 0x32, 0xe7, 0x31, 0x14, 0x2e, 0x00, 0x3c, 0x83, 0x2f, 0xac, 0x2e, 0xaf, 0x2b, 0x00, 0x3c, 0x6f, 0x2f, 0x4a, 0x2e, 0x86, 0x2c, 0x00, 0x3c,
  0xdc, 0x30, 0x15, 0x30, 0x56, 0x2d, 0x00, 0x3c, 0x73, 0x30, 0x3f, 0x2f, 0x73, 0x2c, 0x00, 0x3c, 0xff, 0x32, 0x1a, 0x32, 0x2e, 0x30, 0x00, 0x3c,
  0xb9, 0x32, 0x8b, 0x31, 0x7e, 0x2f, 0x00, 0x3c, 0x90, 0x30, 0x04, 0x30, 0xff, 0x2a, 0x00, 0x3c, 0x4f, 0x30, 0x5c, 0x2f, 0x2f, 0x2a, 0x00, 0x3c,
  0x77, 0x32, 0x38, 0x31, 0xef, 0x2d, 0x00, 0x3c, 0x3a, 0x31, 0xa6, 0x30, 0x99, 0x2c, 0x00, 0x3c, 0xbf, 0x35, 0xf3, 0x33, 0x72, 0x2f, 0x00, 0x3c,
  0xd1, 0x32, 0x4a, 0x31, 0x9a, 0x2c, 0x00, 0x3c, 0xad, 0x30, 0x00, 0x2f, 0x5f, 0x2c, 0x00, 0x3c, 0x76, 0x2f, 0x06, 0x2e, 0xe4, 0x2a, 0x00, 0x3c,
  0x20, 0x2c, 0x1f, 0x2b, 0x60, 0x28, 0x00, 0x3c, 0x49, 0x34, 0xb1, 0x31, 0xea, 0x2e, 0x00, 0x3c, 0x87, 0x2a, 0x3f, 0x2a, 0x4f, 0x26, 0x00, 0x3c,
  0xcf, 0x2a, 0xef, 0x29, 0x43, 0x27, 0x00, 0x3c, 0x53, 0x2f, 0xc6, 0x2e, 0xbe, 0x2b, 0x00, 0x3c, 0xd7, 0x32, 0xe5, 0x33, 0x18, 0x33, 0x00, 0x3c,
  0xc5, 0x2c, 0x63, 0x2d, 0x4e, 0x29, 0x00, 0x3c, 0x85, 0x31, 0x44, 0x32, 0x60, 0x2e, 0x00, 0x3c, 0x55, 0x38, 0x28, 0x39, 0x53, 0x39, 0x00, 0x3c,
  0xbd, 0x30, 0x80, 0x31, 0x89, 0x30, 0x00, 0x3c, 0xb4, 0x2e, 0xda, 0x2e, 0x47, 0x2c, 0x00, 0x3c, 0xe7, 0x29, 0xb7, 0x29, 0xe4, 0x28, 0x00, 0x3c,
  0x7d, 0x26, 0x02, 0x26, 0xa2, 0x24, 0x00, 0x3c, 0x44, 0x28, 0xb1, 0x26, 0xd5, 0x24, 0x00, 0x3c, 0x54, 0x27, 0x5b, 0x26, 0x26, 0x24, 0x00, 0x3c,
  0xb3, 0x2a, 0xe6, 0x29, 0x03, 0x27, 0x00, 0x3c, 0xd5, 0x30, 0x09, 0x30, 0x04, 0x2c, 0x00, 0x3c, 0x5c, 0x30, 0xf6, 0x2e, 0x47, 0x2b, 0x00, 0x3c,
  0x51, 0x30, 0xe5, 0x2e, 0x18, 0x2b, 0x00, 0x3c, 0x7e, 0x31, 0x44, 0x30, 0x8d, 0x2d, 0x00, 0x3c, 0x07, 0x32, 0x37, 0x32, 0x79, 0x2c, 0x00, 0x3c,
  0xed, 0x30, 0x61, 0x30, 0xac, 0x2b, 0x00, 0x3c, 0x13, 0x30, 0x11, 0x30, 0x29, 0x2a, 0x00, 0x3c, 0x04, 0x32, 0xdb, 0x31, 0xe3, 0x2b, 0x00, 0x3c,
  0x66, 0x30, 0x20, 0x2f, 0xc0, 0x29, 0x00, 0x3c, 0x87, 0x30, 0xe7, 0x2f, 0x33, 0x29, 0x00, 0x3c, 0x8d, 0x31, 0x9c, 0x30, 0x17, 0x2c, 0x00, 0x3c,
  0x67, 0x2f, 0xae, 0x2f, 0xe5, 0x2a, 0x00, 0x3c, 0xd9, 0x31, 0x3b, 0x31, 0x15, 0x2c, 0x00, 0x3c, 0x77, 0x2e, 0x92, 0x2e, 0x38, 0x29, 0x00, 0x3c,
  0x1f, 0x33, 0x4c, 0x31, 0x41, 0x2d, 0x00, 0x3c, 0x31, 0x35, 0x36, 0x32, 0xe2, 0x2f, 0x00, 0x3c, 0x83, 0x34, 0xfe, 0x32, 0xca, 0x2d, 0x00, 0x3c,
  0xf7, 0x2f, 0x94, 0x2f, 0x6c, 0x2b, 0x00, 0x3c, 0xc7, 0x2e, 0x5a, 0x2e, 0xf4, 0x29, 0x00, 0x3c, 0x0b, 0x2b, 0x69, 0x2a, 0xa9, 0x27, 0x00, 0x3c,
  0x44, 0x2b, 0x8d, 0x2b, 0x85, 0x27, 0x00, 0x3c, 0x82, 0x2d, 0xcd, 0x2d, 0xe5, 0x29, 0x00, 0x3c, 0xf5, 0x2f, 0x6d, 0x30, 0xe0, 0x2b, 0x00, 0x3c,
  0x5f, 0x31, 0x95, 0x31, 0xd9, 0x2d, 0x00, 0x3c, 0x13, 0x31, 0x65, 0x32, 0x63, 0x2f, 0x00, 0x3c, 0xed, 0x2d, 0xab, 0x2e, 0x6d, 0x2b, 0x00, 0x3c,
  0xdc, 0x2d, 0xeb, 0x2d, 0x09, 0x2b, 0x00, 0x3c, 0xc4, 0x28, 0x18, 0x28, 0xee, 0x25, 0x00, 0x3c, 0x93, 0x2a, 0x64, 0x29, 0x97, 0x27, 0x00, 0x3c,
  0x4a, 0x2a, 0xf3, 0x28, 0xec, 0x26, 0x00, 0x3c, 0xf9, 0x2c, 0xce, 0x2b, 0x97, 0x29, 0x00, 0x3c, 0x0c, 0x2e, 0xd8, 0x2c, 0xce, 0x29, 0x00, 0x3c,
  0x7f, 0x31, 0x50, 0x2f, 0xa2, 0x2c, 0x00, 0x3c, 0xc6, 0x33, 0xd5, 0x30, 0xd5, 0x2d, 0x00, 0x3c, 0x85, 0x34, 0x33, 0x32, 0xa2, 0x2e, 0x00, 0x3c,
  0x40, 0x30, 0xa6, 0x2e, 0x97, 0x2b, 0x00, 0x3c, 0x18, 0x34, 0x34, 0x34, 0x74, 0x2d, 0x00, 0x3c, 0x7e, 0x33, 0x24, 0x33, 0x41, 0x2d, 0x00, 0x3c,
  0x84, 0x32, 0x33, 0x31, 0x12, 0x2c, 0x00, 0x3c, 0x46, 0x2f, 0x56, 0x2e, 0x8b, 0x29, 0x00, 0x3c, 0x3e, 0x34, 0x35, 0x33, 0xf8, 0x2c, 0x00, 0x3c,
  0x67, 0x33, 0xc5, 0x31, 0xa3, 0x2c, 0x00, 0x3c, 0xb2, 0x2e, 0x79, 0x2e, 0x19, 0x2a, 0x00, 0x3c, 0xc3, 0x30, 0x69, 0x30, 0x13, 0x2b, 0x00, 0x3c,
  0xa8, 0x2f, 0xd0, 0x2f, 0x38, 0x2a, 0x00, 0x3c, 0x63, 0x30, 0xad, 0x2f, 0x96, 0x2c, 0x00, 0x3c, 0x4e, 0x31, 0x9a, 0x2f, 0xda, 0x2d, 0x00, 0x3c,
  0xa2, 0x30, 0x1d, 0x2f, 0x17, 0x2d, 0x00, 0x3c, 0x9c, 0x34, 0xa7, 0x33, 0x7c, 0x2d, 0x00, 0x3c, 0x30, 0x32, 0x43, 0x31, 0x60, 0x2c, 0x00, 0x3c,
  0x7c, 0x35, 0x91, 0x34, 0xfd, 0x2e, 0x00, 0x3c, 0xe6, 0x34, 0xeb, 0x34, 0x9e, 0x2c, 0x00, 0x3c, 0x92, 0x31, 0x43, 0x31, 0x80, 0x2b, 0x00, 0x3c,
  0x98, 0x2d, 0xd4, 0x2d, 0x37, 0x29, 0x00, 0x3c, 0xca, 0x30, 0xa9, 0x30, 0x76, 0x2b, 0x00, 0x3c, 0xaa, 0x30, 0x90, 0x30, 0x80, 0x2c, 0x00, 0x3c,
  0x81, 0x30, 0x3e, 0x30, 0xda, 0x2c, 0x00, 0x3c, 0x8e, 0x2f, 0xcd, 0x2e, 0x3a, 0x2c, 0x00, 0x3c, 0xe5, 0x30, 0x24, 0x30, 0x18, 0x2d, 0x00, 0x3c,
  0xfd, 0x2f, 0xde, 0x2e, 0x4b, 0x2c, 0x00, 0x3c, 0xc2, 0x36, 0xed, 0x34, 0x36, 0x31, 0x00, 0x3c, 0x74, 0x36, 0x7d, 0x34, 0xcf, 0x30, 0x00, 0x3c,
  0xdb, 0x2f, 0x66, 0x2e, 0xd1, 0x2b, 0x00, 0x3c, 0x1e, 0x35, 0x5f, 0x32, 0xaa, 0x2f, 0x00, 0x3c, 0xe9, 0x39, 0xc9, 0x36, 0xd6, 0x33, 0x00, 0x3c,
  0x06, 0x36, 0x73, 0x33, 0x33, 0x30, 0x00, 0x3c, 0xb3, 0x3a, 0x08, 0x38, 0x79, 0x33, 0x00, 0x3c, 0xed, 0x32, 0x85, 0x30, 0x2f, 0x2d, 0x00, 0x3c,
  0xd3, 0x36, 0x15, 0x37, 0xe7, 0x2f, 0x00, 0x3c, 0x35, 0x35, 0xf0, 0x34, 0x29, 0x2e, 0x00, 0x3c, 0x3a, 0x33, 0x0d, 0x32, 0xdb, 0x2c, 0x00, 0x3c,
  0x31, 0x35, 0x97, 0x33, 0x45, 0x2e, 0x00, 0x3c, 0x90, 0x37, 0x1b, 0x36, 0x4b, 0x2f, 0x00, 0x3c, 0x1b, 0x32, 0x10, 0x31, 0xab, 0x2c, 0x00, 0x3c,
  0xd3, 0x31, 0xc8, 0x31, 0x8c, 0x2b, 0x00, 0x3c, 0xa7, 0x30, 0xf5, 0x2f, 0x04, 0x2c, 0x00, 0x3c, 0xec, 0x2f, 0x27, 0x2f, 0xde, 0x2b, 0x00, 0x3c,
  0xa7, 0x30, 0x2e, 0x2f, 0x2d, 0x2d, 0x00, 0x3c, 0x47, 0x31, 0x56, 0x2f, 0x8e, 0x2d, 0x00, 0x3c, 0x3f, 0x33, 0x6d, 0x30, 0x5a, 0x2e, 0x00, 0x3c,
  0x4b, 0x32, 0x0f, 0x30, 0xb3, 0x2d, 0x00, 0x3c, 0xd0, 0x2f, 0x8e, 0x2e, 0xdd, 0x2b, 0x00, 0x3c, 0x43, 0x2f, 0x16, 0x2f, 0xbc, 0x2b, 0x00, 0x3c,
  0xe1, 0x2f, 0xd5, 0x2f, 0x7b, 0x2b, 0x00, 0x3c, 0x0d, 0x2e, 0xcc, 0x2e, 0xef, 0x28, 0x00, 0x3c, 0x59, 0x2d, 0x0b, 0x2e, 0x72, 0x28, 0x00, 0x3c,
  0x5f, 0x2f, 0x49, 0x2f, 0x53, 0x2a, 0x00, 0x3c, 0x25, 0x30, 0xf5, 0x2f, 0x2d, 0x2c, 0x00, 0x3c, 0x2e, 0x30, 0xe6, 0x2e, 0x10, 0x2d, 0x00, 0x3c,
  0xee, 0x2e, 0x22, 0x2e, 0xd9, 0x2b, 0x00, 0x3c, 0xce, 0x2e, 0xb6, 0x2d, 0x1c, 0x2c, 0x00, 0x3c, 0xd4, 0x2f, 0x8b, 0x2e, 0xb5, 0x2c, 0x00, 0x3c,
  0xf3, 0x31, 0x82, 0x30, 0xdc, 0x2d, 0x00, 0x3c, 0x13, 0x36, 0xa2, 0x33, 0xe8, 0x30, 0x00, 0x3c, 0x6f, 0x36, 0x9d, 0x33, 0xde, 0x30, 0x00, 0x3c,
  0x1e, 0x33, 0xf9, 0x30, 0x99, 0x2e, 0x00, 0x3c, 0x78, 0x34, 0x8b, 0x31, 0x05, 0x2f, 0x00, 0x3c, 0x86, 0x36, 0x53, 0x33, 0x47, 0x30, 0x00, 0x3c,
  0xa3, 0x34, 0xad, 0x31, 0x77, 0x2e, 0x00, 0x3c, 0x41, 0x34, 0x4c, 0x31, 0x67, 0x2e, 0x00, 0x3c, 0x71, 0x3c, 0x82, 0x38, 0xb9, 0x34, 0x00, 0x3c,
  0xdd, 0x3c, 0x80, 0x39, 0x98, 0x34, 0x00, 0x3c, 0x97, 0x34, 0x79, 0x32, 0xba, 0x2d, 0x00, 0x3c, 0xa3, 0x33, 0xd5, 0x31, 0x27, 0x2d, 0x00, 0x3c,
  0x09, 0x33, 0x86, 0x31, 0x23, 0x2d, 0x00, 0x3c, 0xab, 0x36, 0x60, 0x34, 0xd0, 0x2f, 0x00, 0x3c, 0xa5, 0x35, 0x64, 0x34, 0xda, 0x2e, 0x00, 0x3c,
  0x75, 0x31, 0x42, 0x30, 0xde, 0x2c, 0x00, 0x3c, 0xd5, 0x34, 0x04, 0x32, 0x0b, 0x2f, 0x00, 0x3c, 0xe4, 0x31, 0x08, 0x30, 0xa6, 0x2d, 0x00, 0x3c,
  0xf3, 0x31, 0xce, 0x2f, 0x82, 0x2d, 0x00, 0x3c, 0x60, 0x31, 0x3a, 0x2f, 0x82, 0x2d, 0x00, 0x3c, 0xbf, 0x30, 0x64, 0x2e, 0x06, 0x2d, 0x00, 0x3c,
  0x32, 0x32, 0xd5, 0x2f, 0xce, 0x2d, 0x00, 0x3c, 0x97, 0x31, 0x78, 0x2f, 0x77, 0x2d, 0x00, 0x3c, 0x3a, 0x31, 0x11, 0x2f, 0x0f, 0x2d, 0x00, 0x3c,
  0x59, 0x31, 0x18, 0x2f, 0xf1, 0x2c, 0x00, 0x3c, 0x45, 0x2f, 0xa4, 0x2d, 0x46, 0x2c, 0x00, 0x3c, 0xee, 0x2f, 0x03, 0x2e, 0xa9, 0x2c, 0x00, 0x3c,
  0x61, 0x2f, 0x84, 0x2d, 0x6c, 0x2c, 0x00, 0x3c, 0x22, 0x30, 0x38, 0x2e, 0x06, 0x2d, 0x00, 0x3c, 0xc1, 0x2f, 0x19, 0x2e, 0x96, 0x2c, 0x00, 0x3c,
  0x96, 0x30, 0x1c, 0x2f, 0x21, 0x2d, 0x00, 0x3c, 0x31, 0x2e, 0x96, 0x2d, 0x07, 0x2b, 0x00, 0x3c, 0xa7, 0x2e, 0xd3, 0x2d, 0xa2, 0x2b, 0x00, 0x3c,
  0x78, 0x30, 0xce, 0x2e, 0xcb, 0x2c, 0x00, 0x3c, 0x49, 0x32, 0x15, 0x30, 0x9f, 0x2d, 0x00, 0x3c, 0xea, 0x31, 0xca, 0x2f, 0x7a, 0x2d, 0x00, 0x3c,
  0x70, 0x31, 0x5d, 0x2f, 0x38, 0x2d, 0x00, 0x3c, 0xf6, 0x31, 0x9e, 0x2f, 0x59, 0x2d, 0x00, 0x3c, 0xad, 0x34, 0x66, 0x31, 0xf7, 0x2e, 0x00, 0x3c,
  0x59, 0x38, 0x98, 0x34, 0x6e, 0x31, 0x00, 0x3c, 0xda, 0x37, 0x5b, 0x34, 0x93, 0x30, 0x00, 0x3c, 0x97, 0x34, 0x02, 0x32, 0x0a, 0x2e, 0x00, 0x3c,
  0xcf, 0x32, 0x8b, 0x30, 0x5e, 0x2d, 0x00, 0x3c, 0x89, 0x37, 0xa7, 0x34, 0x2b, 0x30, 0x00, 0x3c, 0x8b, 0x31, 0x55, 0x30, 0xc3, 0x2c, 0x00, 0x3c,
  0x4d, 0x35, 0x8e, 0x32, 0x86, 0x2f, 0x00, 0x3c, 0x38, 0x34, 0x53, 0x31, 0x90, 0x2e, 0x00, 0x3c, 0x0f, 0x31, 0x52, 0x2f, 0x3c, 0x2d, 0x00, 0x3c,
  0xb2, 0x31, 0xa2, 0x2f, 0x68, 0x2d, 0x00, 0x3c, 0xa6, 0x31, 0xcb, 0x2f, 0x59, 0x2d, 0x00, 0x3c, 0xb7, 0x30, 0xd9, 0x2e, 0xdc, 0x2c, 0x00, 0x3c,
  0x1c, 0x30, 0xcd, 0x2d, 0x7d, 0x2c, 0x00, 0x3c, 0x1f, 0x30, 0xc4, 0x2d, 0x9e, 0x2c, 0x00, 0x3c, 0xba, 0x2f, 0x97, 0x2d, 0x61, 0x2c, 0x00, 0x3c,
  0x40, 0x2e, 0xc6, 0x2d, 0xf2, 0x2a, 0x00, 0x3c, 0x4c, 0x2f, 0x54, 0x2e, 0x4a, 0x2c, 0x00, 0x3c, 0x40, 0x30, 0x2c, 0x2e, 0xea, 0x2c, 0x00, 0x3c,
  0x1b, 0x30, 0xe2, 0x2d, 0xa6, 0x2c, 0x00, 0x3c, 0x4a, 0x30, 0x43, 0x2e, 0xad, 0x2c, 0x00, 0x3c, 0x52, 0x33, 0x51, 0x30, 0x3e, 0x2e, 0x00, 0x3c,
  0x5c, 0x30, 0xea, 0x2d, 0xae, 0x2c, 0x00, 0x3c, 0x00, 0x30, 0xf1, 0x2d, 0xc1, 0x2c, 0x00, 0x3c, 0x15, 0x30, 0x2c, 0x2e, 0xb5, 0x2c, 0x00, 0x3c,
  0xc1, 0x2f, 0x5c, 0x2e, 0x32, 0x2c, 0x00, 0x3c, 0x1b, 0x2f, 0xdf, 0x2d, 0x0c, 0x2b, 0x00, 0x3c, 0x45, 0x2e, 0x47, 0x2d, 0x53, 0x2b, 0x00, 0x3c,
  0x38, 0x2f, 0xab, 0x2d, 0x39, 0x2c, 0x00, 0x3c, 0xcd, 0x2e, 0x4b, 0x2d, 0x20, 0x2c, 0x00, 0x3c, 0x52, 0x2f, 0x73, 0x2d, 0xfe, 0x2b, 0x00, 0x3c,
  0x87, 0x32, 0x18, 0x30, 0x6c, 0x2d, 0x00, 0x3c, 0xa1, 0x32, 0x13, 0x30, 0x7b, 0x2d, 0x00, 0x3c, 0xa2, 0x32, 0x71, 0x30, 0x8e, 0x2d, 0x00, 0x3c,
  0x1f, 0x36, 0xb5, 0x32, 0xf8, 0x2f, 0x00, 0x3c, 0x50, 0x38, 0x69, 0x34, 0x21, 0x31, 0x00, 0x3c, 0x3b, 0x34, 0x25, 0x31, 0x3a, 0x2e, 0x00, 0x3c,
  0x75, 0x30, 0xfe, 0x2e, 0x7b, 0x2c, 0x00, 0x3c, 0xa3, 0x35, 0x1b, 0x33, 0x36, 0x30, 0x00, 0x3c, 0xcf, 0x35, 0x11, 0x33, 0x14, 0x30, 0x00, 0x3c,
  0xa3, 0x32, 0x5f, 0x30, 0xbd, 0x2d, 0x00, 0x3c, 0x74, 0x30, 0x80, 0x2e, 0xf9, 0x2c, 0x00, 0x3c, 0x6b, 0x30, 0x35, 0x2e, 0xba, 0x2c, 0x00, 0x3c,
  0x30, 0x30, 0x72, 0x2e, 0x9b, 0x2c, 0x00, 0x3c, 0x41, 0x30, 0xc0, 0x2e, 0x71, 0x2c, 0x00, 0x3c, 0xfa, 0x2f, 0xb4, 0x2e, 0x03, 0x2c, 0x00, 0x3c,
  0x90, 0x30, 0x0b, 0x2f, 0x59, 0x2c, 0x00, 0x3c, 0x46, 0x32, 0xe5, 0x2f, 0x6b, 0x2d, 0x00, 0x3c, 0xee, 0x33, 0xa0, 0x30, 0x42, 0x2e, 0x00, 0x3c,
  0x8c, 0x34, 0x00, 0x31, 0x74, 0x2e, 0x00, 0x3c, 0xa2, 0x32, 0x26, 0x30, 0x9d, 0x2d, 0x00, 0x3c, 0xe5, 0x31, 0xa8, 0x2f, 0x61, 0x2d, 0x00, 0x3c,
  0x53, 0x31, 0x1e, 0x2f, 0xfb, 0x2c, 0x00, 0x3c, 0xac, 0x31, 0x47, 0x30, 0x02, 0x2d, 0x00, 0x3c, 0x4c, 0x31, 0x01, 0x30, 0xc2, 0x2c, 0x00, 0x3c,
  0xdc, 0x2f, 0xf7, 0x2d, 0x6c, 0x2c, 0x00, 0x3c, 0x7b, 0x2f, 0xc2, 0x2d, 0x54, 0x2c, 0x00, 0x3c, 0x9c, 0x2f, 0xf2, 0x2d, 0x38, 0x2c, 0x00, 0x3c,
  0x86, 0x31, 0x51, 0x30, 0xc0, 0x2c, 0x00, 0x3c, 0xd7, 0x31, 0x84, 0x30, 0xaf, 0x2c, 0x00, 0x3c, 0x75, 0x2e, 0xac, 0x2d, 0xb6, 0x2a, 0x00, 0x3c,
  0xb2, 0x2d, 0xff, 0x2c, 0x7c, 0x2a, 0x00, 0x3c, 0xe9, 0x2d, 0x21, 0x2d, 0x95, 0x2a, 0x00, 0x3c, 0xe0, 0x2d, 0xc0, 0x2c, 0xa3, 0x2a, 0x00, 0x3c,
  0x9b, 0x2e, 0x16, 0x2d, 0x56, 0x2b, 0x00, 0x3c, 0x32, 0x30, 0xfe, 0x2d, 0x66, 0x2c, 0x00, 0x3c, 0xa3, 0x30, 0x7b, 0x2e, 0xa0, 0x2c, 0x00, 0x3c,
  0x24, 0x30, 0x34, 0x2e, 0x74, 0x2c, 0x00, 0x3c, 0x17, 0x31, 0x7b, 0x2f, 0xa3, 0x2c, 0x00, 0x3c, 0xd4, 0x32, 0xaa, 0x30, 0x4b, 0x2d, 0x00, 0x3c,
  0x10, 0x38, 0x78, 0x34, 0xf4, 0x30, 0x00, 0x3c, 0xec, 0x35, 0xad, 0x32, 0xec, 0x2f, 0x00, 0x3c, 0x83, 0x32, 0x2e, 0x30, 0xac, 0x2d, 0x00, 0x3c,
  0xfc, 0x30, 0xbb, 0x2e, 0x00, 0x2d, 0x00, 0x3c, 0x6b, 0x30, 0x40, 0x2e, 0xc9, 0x2c, 0x00, 0x3c, 0xb7, 0x30, 0x98, 0x2e, 0xb2, 0x2c, 0x00, 0x3c,
  0x5a, 0x32, 0x2d, 0x30, 0x9b, 0x2d, 0x00, 0x3c, 0x2d, 0x33, 0x7b, 0x30, 0xbf, 0x2d, 0x00, 0x3c, 0xdc, 0x32, 0x66, 0x30, 0x5e, 0x2d, 0x00, 0x3c,
  0x6e, 0x33, 0x0d, 0x31, 0x62, 0x2d, 0x00, 0x3c, 0x06, 0x34, 0x9c, 0x31, 0x5d, 0x2d, 0x00, 0x3c, 0x4a, 0x34, 0xe9, 0x31, 0xd1, 0x2d, 0x00, 0x3c,
  0xc6, 0x33, 0xca, 0x31, 0x13, 0x2d, 0x00, 0x3c, 0xc4, 0x33, 0x64, 0x32, 0x94, 0x2c, 0x00, 0x3c, 0x86, 0x33, 0x38, 0x32, 0x1c, 0x2d, 0x00, 0x3c,
  0xe1, 0x32, 0x0f, 0x31, 0x41, 0x2d, 0x00, 0x3c, 0x6a, 0x31, 0xd2, 0x2f, 0xa3, 0x2c, 0x00, 0x3c, 0x40, 0x30, 0x51, 0x2e, 0x06, 0x2c, 0x00, 0x3c,
  0xdd, 0x2f, 0xb8, 0x2d, 0x38, 0x2c, 0x00, 0x3c, 0x39, 0x30, 0xf2, 0x2d, 0x79, 0x2c, 0x00, 0x3c, 0xda, 0x30, 0x9b, 0x2e, 0xfe, 0x2c, 0x00, 0x3c,
  0xa8, 0x31, 0x55, 0x2f, 0x5f, 0x2d, 0x00, 0x3c, 0x79, 0x31, 0x12, 0x2f, 0x20, 0x2d, 0x00, 0x3c, 0x0c, 0x31, 0x9f, 0x2e, 0xed, 0x2c, 0x00, 0x3c,
  0xfd, 0x30, 0x8e, 0x2e, 0xef, 0x2c, 0x00, 0x3c, 0xdf, 0x31, 0x6f, 0x2f, 0x71, 0x2d, 0x00, 0x3c, 0x29, 0x34, 0xea, 0x30, 0x99, 0x2e, 0x00, 0x3c,
  0x71, 0x36, 0x27, 0x33, 0x56, 0x30, 0x00, 0x3c, 0x1e, 0x38, 0x84, 0x34, 0x38, 0x31, 0x00, 0x3c, 0x66, 0x38, 0x20, 0x35, 0x78, 0x31, 0x00, 0x3c,
  0x65, 0x38, 0x36, 0x35, 0x50, 0x31, 0x00, 0x3c, 0x28, 0x38, 0xd5, 0x34, 0x2d, 0x31, 0x00, 0x3c, 0x75, 0x33, 0x83, 0x30, 0x05, 0x2e, 0x00, 0x3c,
  0x19, 0x32, 0x97, 0x2f, 0x37, 0x2d, 0x00, 0x3c, 0x6f, 0x31, 0x0d, 0x2f, 0xee, 0x2c, 0x00, 0x3c, 0x94, 0x30, 0x43, 0x2e, 0x7e, 0x2c, 0x00, 0x3c,
  0x73, 0x30, 0x0d, 0x2e, 0x5e, 0x2c, 0x00, 0x3c, 0x2d, 0x30, 0xd3, 0x2d, 0x25, 0x2c, 0x00, 0x3c, 0xfa, 0x2f, 0xb7, 0x2d, 0x0d, 0x2c, 0x00, 0x3c,
  0xf6, 0x2f, 0xc8, 0x2d, 0xf7, 0x2b, 0x00, 0x3c, 0x21, 0x30, 0xf4, 0x2d, 0x1c, 0x2c, 0x00, 0x3c, 0x0f, 0x30, 0xeb, 0x2d, 0xfa, 0x2b, 0x00, 0x3c,
  0x2c, 0x30, 0x24, 0x2e, 0x28, 0x2c, 0x00, 0x3c, 0x3a, 0x30, 0x3b, 0x2e, 0x37, 0x2c, 0x00, 0x3c, 0x4b, 0x30, 0x68, 0x2e, 0x41, 0x2c, 0x00, 0x3c,
  0x56, 0x30, 0x5f, 0x2e, 0x57, 0x2c, 0x00, 0x3c, 0x50, 0x30, 0x52, 0x2e, 0x66, 0x2c, 0x00, 0x3c, 0x5e, 0x30, 0x4d, 0x2e, 0x76, 0x2c, 0x00, 0x3c,
  0x68, 0x30, 0x57, 0x2e, 0x83, 0x2c, 0x00, 0x3c, 0x82, 0x30, 0x33, 0x2e, 0x95, 0x2c, 0x00, 0x3c, 0x5e, 0x30, 0xfe, 0x2d, 0x7a, 0x2c, 0x00, 0x3c,
  0xce, 0x30, 0x66, 0x2e, 0xb6, 0x2c, 0x00, 0x3c, 0x52, 0x31, 0xe9, 0x2e, 0xf3, 0x2c, 0x00, 0x3c, 0x0f, 0x32, 0x89, 0x2f, 0x49, 0x2d, 0x00, 0x3c,
  0x9f, 0x33, 0x77, 0x30, 0xf7, 0x2d, 0x00, 0x3c, 0x94, 0x34, 0x3a, 0x31, 0xd3, 0x2e, 0x00, 0x3c, 0x2d, 0x35, 0xad, 0x31, 0x35, 0x2f, 0x00, 0x3c,
  0x5f, 0x36, 0xe2, 0x32, 0x3c, 0x30, 0x00, 0x3c, 0x04, 0x37, 0x5d, 0x33, 0x6f, 0x30, 0x00, 0x3c, 0x53, 0x37, 0xa5, 0x33, 0x84, 0x30, 0x00, 0x3c,
  0xd7, 0x36, 0x51, 0x33, 0x5d, 0x30, 0x00, 0x3c, 0x29, 0x36, 0x9a, 0x32, 0xf1, 0x2f, 0x00, 0x3c, 0x56, 0x35, 0xf1, 0x31, 0x43, 0x2f, 0x00, 0x3c,
  0x86, 0x34, 0x22, 0x31, 0x89, 0x2e, 0x00, 0x3c, 0x4b, 0x3c, 0xd2, 0x3d, 0x06, 0x41, 0x00, 0x3c, 0x98, 0x3d, 0xcb, 0x3f, 0xcb, 0x42, 0x00, 0x3c,
  0x9a, 0x3e, 0xa6, 0x40, 0x01, 0x44, 0x00, 0x3c, 0x35, 0x3f, 0x1d, 0x41, 0x64, 0x44, 0x00, 0x3c, 0x2b, 0x40, 0xf6, 0x41, 0x4a, 0x45, 0x00, 0x3c,
  0x69, 0x40, 0x55, 0x42, 0x94, 0x45, 0x00, 0x3c, 0x3b, 0x41, 0x8e, 0x43, 0xdd, 0x46, 0x00, 0x3c, 0x0b, 0x41, 0x48, 0x43, 0x90, 0x46, 0x00, 0x3c,
  0x14, 0x40, 0xcd, 0x41, 0x31, 0x45, 0x00, 0x3c, 0x8a, 0x3f, 0x2d, 0x41, 0x85, 0x44, 0x00, 0x3c, 0x0c, 0x3e, 0x01, 0x40, 0xa7, 0x42, 0x00, 0x3c,
  0x54, 0x3d, 0x11, 0x3f, 0xf3, 0x41, 0x00, 0x3c, 0x10, 0x3d, 0xbb, 0x3e, 0xd7, 0x41, 0x00, 0x3c, 0xf7, 0x3b, 0x29, 0x3d, 0x5c, 0x40, 0x00, 0x3c,
  0x2b, 0x3b, 0xe2, 0x3c, 0x11, 0x40, 0x00, 0x3c, 0xe8, 0x3b, 0x54, 0x3d, 0x87, 0x40, 0x00, 0x3c, 0xaa, 0x36, 0x25, 0x38, 0x8b, 0x39, 0x00, 0x3c,
  0xa4, 0x37, 0xbe, 0x38, 0x53, 0x3a, 0x00, 0x3c, 0xf4, 0x37, 0x05, 0x39, 0xb6, 0x3a, 0x00, 0x3c, 0x22, 0x39, 0xcf, 0x3a, 0xf8, 0x3c, 0x00, 0x3c,
  0x61, 0x3a, 0x44, 0x3c, 0x96, 0x3e, 0x00, 0x3c, 0x75, 0x3d, 0x43, 0x3f, 0x15, 0x42, 0x00, 0x3c, 0x4d, 0x3d, 0xfd, 0x3e, 0xf1, 0x41, 0x00, 0x3c,
  0x11, 0x3e, 0xf9, 0x3f, 0xd9, 0x42, 0x00, 0x3c, 0x0f, 0x40, 0x13, 0x41, 0x27, 0x44, 0x00, 0x3c, 0xda, 0x40, 0xc3, 0x41, 0x6d, 0x44, 0x00, 0x3c,
  0x07, 0x40, 0xd9, 0x40, 0x5f, 0x43, 0x00, 0x3c, 0x90, 0x3d, 0xb4, 0x3e, 0x21, 0x41, 0x00, 0x3c, 0xe4, 0x38, 0x34, 0x3a, 0x78, 0x3c, 0x00, 0x3c,
  0x85, 0x39, 0xec, 0x3a, 0x68, 0x3d, 0x00, 0x3c, 0x27, 0x36, 0x69, 0x37, 0xbc, 0x38, 0x00, 0x3c, 0x0f, 0x35, 0x20, 0x36, 0x88, 0x37, 0x00, 0x3c,
  0x5c, 0x34, 0x80, 0x34, 0x45, 0x34, 0x00, 0x3c, 0x15, 0x35, 0x7d, 0x35, 0x44, 0x35, 0x00, 0x3c, 0x5a, 0x35, 0xd4, 0x35, 0x75, 0x35, 0x00, 0x3c,
  0x36, 0x35, 0x46, 0x36, 0x8e, 0x36, 0x00, 0x3c, 0xee, 0x37, 0xbe, 0x38, 0xc6, 0x39, 0x00, 0x3c, 0x6b, 0x39, 0xaa, 0x3a, 0x68, 0x3c, 0x00, 0x3c,
  0x12, 0x3c, 0x19, 0x3d, 0xeb, 0x3f, 0x00, 0x3c, 0xc9, 0x3e, 0x23, 0x40, 0x87, 0x42, 0x00, 0x3c, 0x30, 0x3e, 0xb9, 0x3f, 0xb4, 0x41, 0x00, 0x3c,
  0x07, 0x3d, 0xd0, 0x3d, 0xb6, 0x3f, 0x00, 0x3c, 0xa7, 0x3d, 0xcb, 0x3e, 0xe2, 0x40, 0x00, 0x3c, 0xf5, 0x3a, 0x3e, 0x3c, 0xa5, 0x3d, 0x00, 0x3c,
  0x23, 0x38, 0x10, 0x39, 0xfc, 0x3a, 0x00, 0x3c, 0x0d, 0x34, 0x8e, 0x34, 0x4c, 0x35, 0x00, 0x3c, 0xbe, 0x32, 0xb0, 0x32, 0x36, 0x32, 0x00, 0x3c,
  0x9f, 0x32, 0x6f, 0x32, 0xa2, 0x31, 0x00, 0x3c, 0x61, 0x31, 0x94, 0x30, 0x59, 0x2d, 0x00, 0x3c, 0xbd, 0x31, 0x13, 0x31, 0x0b, 0x2e, 0x00, 0x3c,
  0x23, 0x34, 0x42, 0x33, 0xf9, 0x30, 0x00, 0x3c, 0x69, 0x31, 0x39, 0x31, 0xf3, 0x30, 0x00, 0x3c, 0x2e, 0x32, 0x28, 0x32, 0x37, 0x32, 0x00, 0x3c,
  0x63, 0x31, 0x2f, 0x31, 0x54, 0x30, 0x00, 0x3c, 0x2a, 0x34, 0x99, 0x34, 0xce, 0x33, 0x00, 0x3c, 0x79, 0x37, 0x8e, 0x38, 0xb4, 0x39, 0x00, 0x3c,
  0x81, 0x3b, 0xac, 0x3c, 0x88, 0x3e, 0x00, 0x3c, 0x3d, 0x34, 0xf4, 0x34, 0x6f, 0x35, 0x00, 0x3c, 0xa7, 0x31, 0x51, 0x32, 0x0f, 0x34, 0x00, 0x3c,
  0x25, 0x30, 0x43, 0x30, 0x86, 0x2f, 0x00, 0x3c, 0xfb, 0x32, 0x28, 0x33, 0xf3, 0x32, 0x00, 0x3c, 0x5b, 0x31, 0xae, 0x30, 0xc8, 0x2d, 0x00, 0x3c,
  0x19, 0x32, 0x1e, 0x31, 0x77, 0x2d, 0x00, 0x3c, 0x6e, 0x33, 0x7b, 0x32, 0x7a, 0x2f, 0x00, 0x3c, 0xc5, 0x31, 0xdb, 0x30, 0x88, 0x2b, 0x00, 0x3c,
  0x53, 0x30, 0x04, 0x30, 0x9f, 0x2b, 0x00, 0x3c, 0xa0, 0x30, 0x4b, 0x30, 0x36, 0x2c, 0x00, 0x3c, 0x7d, 0x32, 0xbb, 0x30, 0xa5, 0x2d, 0x00, 0x3c,
  0x01, 0x33, 0xc0, 0x31, 0x00, 0x2d, 0x00, 0x3c, 0xb2, 0x31, 0x69, 0x31, 0xb5, 0x2e, 0x00, 0x3c, 0x68, 0x30, 0xb4, 0x30, 0x0d, 0x2f, 0x00, 0x3c,
  0x9b, 0x33, 0x04, 0x34, 0xd7, 0x31, 0x00, 0x3c, 0x22, 0x33, 0xe0, 0x33, 0x50, 0x33, 0x00, 0x3c, 0x8c, 0x2e, 0xcb, 0x2d, 0xbb, 0x2b, 0x00, 0x3c,
  0xe8, 0x32, 0xb5, 0x31, 0x82, 0x30, 0x00, 0x3c, 0x6b, 0x32, 0x6c, 0x30, 0xdb, 0x2d, 0x00, 0x3c, 0xa8, 0x35, 0x15, 0x33, 0xf1, 0x2f, 0x00, 0x3c,
  0x3a, 0x35, 0xa3, 0x33, 0xb7, 0x30, 0x00, 0x3c, 0x99, 0x34, 0xe8, 0x33, 0xd2, 0x2d, 0x00, 0x3c, 0xb7, 0x32, 0x82, 0x31, 0x87, 0x2c, 0x00, 0x3c,
  0x92, 0x34, 0xe4, 0x32, 0xae, 0x2d, 0x00, 0x3c, 0x70, 0x32, 0x13, 0x31, 0xe8, 0x2c, 0x00, 0x3c, 0x8b, 0x31, 0x35, 0x30, 0xfc, 0x2c, 0x00, 0x3c,
  0x43, 0x32, 0x47, 0x30, 0xa4, 0x2d, 0x00, 0x3c, 0x92, 0x31, 0xd4, 0x2f, 0x38, 0x2d, 0x00, 0x3c, 0xc6, 0x30, 0xc3, 0x2f, 0x5e, 0x2c, 0x00, 0x3c,
  0x0e, 0x30, 0x1c, 0x2f, 0xd3, 0x2b, 0x00, 0x3c, 0x03, 0x30, 0x08, 0x2f, 0x19, 0x2c, 0x00, 0x3c, 0x1a, 0x30, 0x96, 0x2e, 0xb4, 0x2c, 0x00, 0x3c,
  0xbe, 0x30, 0xe5, 0x2f, 0xa9, 0x2d, 0x00, 0x3c, 0xb7, 0x32, 0xcb, 0x30, 0x6b, 0x2e, 0x00, 0x3c, 0x8d, 0x34, 0xd0, 0x31, 0x8e, 0x2f, 0x00, 0x3c,
  0xcc, 0x33, 0xed, 0x30, 0x26, 0x2e, 0x00, 0x3c, 0xda, 0x35, 0xc8, 0x32, 0xd7, 0x2f, 0x00, 0x3c, 0xe2, 0x37, 0xf4, 0x34, 0xa6, 0x30, 0x00, 0x3c,
  0x4a, 0x36, 0x52, 0x34, 0x46, 0x2f, 0x00, 0x3c, 0xd0, 0x34, 0x19, 0x32, 0xea, 0x2e, 0x00, 0x3c, 0x0c, 0x33, 0xbd, 0x30, 0xc7, 0x2d, 0x00, 0x3c,
  0x9c, 0x31, 0xf8, 0x2f, 0x2d, 0x2d, 0x00, 0x3c, 0x19, 0x31, 0x2e, 0x2f, 0xd3, 0x2c, 0x00, 0x3c, 0xd8, 0x30, 0xc4, 0x2e, 0xaf, 0x2c, 0x00, 0x3c,
  0x62, 0x31, 0x84, 0x2f, 0xee, 0x2c, 0x00, 0x3c, 0x92, 0x31, 0xd2, 0x2f, 0x42, 0x2d, 0x00, 0x3c, 0x15, 0x31, 0x50, 0x2f, 0xcc, 0x2c, 0x00, 0x3c,
  0xb4, 0x30, 0xdf, 0x2e, 0xc8, 0x2c, 0x00, 0x3c, 0x7d, 0x30, 0xe1, 0x2e, 0xa4, 0x2c, 0x00, 0x3c, 0x93, 0x30, 0xfa, 0x2e, 0x64, 0x2c, 0x00, 0x3c,
  0xad, 0x30, 0xb9, 0x2e, 0x93, 0x2c, 0x00, 0x3c, 0x54, 0x31, 0x2b, 0x2f, 0xd1, 0x2c, 0x00, 0x3c, 0x9d, 0x32, 0x38, 0x30, 0x68, 0x2d, 0x00, 0x3c,
  0x1c, 0x34, 0x18, 0x31, 0x02, 0x2e, 0x00, 0x3c, 0x91, 0x33, 0x08, 0x31, 0xc6, 0x2d, 0x00, 0x3c, 0xbe, 0x34, 0xb4, 0x31, 0xc8, 0x2e, 0x00, 0x3c,
  0x07, 0x34, 0xe8, 0x30, 0x2d, 0x2e, 0x00, 0x3c, 0xaa, 0x32, 0x4c, 0x30, 0x76, 0x2d, 0x00, 0x3c, 0x29, 0x32, 0x24, 0x30, 0x0f, 0x2d, 0x00, 0x3c,
  0x0e, 0x32, 0x26, 0x30, 0xfd, 0x2c, 0x00, 0x3c, 0x38, 0x32, 0x4c, 0x30, 0x0d, 0x2d, 0x00, 0x3c, 0x1a, 0x32, 0x4f, 0x30, 0xc3, 0x2c, 0x00, 0x3c,
  0xf2, 0x31, 0x29, 0x30, 0xf1, 0x2c, 0x00, 0x3c, 0xb9, 0x31, 0xf4, 0x2f, 0x0f, 0x2d, 0x00, 0x3c, 0xec, 0x31, 0x08, 0x30, 0x37, 0x2d, 0x00, 0x3c,
  0x22, 0x32, 0x16, 0x30, 0x5b, 0x2d, 0x00, 0x3c, 0x79, 0x32, 0x21, 0x30, 0x82, 0x2d, 0x00, 0x3c, 0x16, 0x34, 0xe9, 0x30, 0x6b, 0x2e, 0x00, 0x3c,
  0xa9, 0x34, 0xa3, 0x31, 0xf4, 0x2e, 0x00, 0x3c, 0x68, 0x35, 0x57, 0x32, 0x5e, 0x2f, 0x00, 0x3c, 0x35, 0x35, 0x2b, 0x32, 0x2f, 0x2f, 0x00, 0x3c,
  0x6a, 0x39, 0x00, 0x3b, 0x77, 0x3d, 0x00, 0x3c, 0x3b, 0x3c, 0x91, 0x3d, 0x64, 0x40, 0x00, 0x3c, 0x1a, 0x3d, 0xe2, 0x3e, 0xb1, 0x41, 0x00, 0x3c,
  0x9b, 0x3d, 0x89, 0x3f, 0x3e, 0x42, 0x00, 0x3c, 0x1d, 0x3e, 0x14, 0x40, 0xe1, 0x42, 0x00, 0x3c, 0xeb, 0x3d, 0x9e, 0x3f, 0x13, 0x42, 0x00, 0x3c,
  0x6e, 0x3b, 0xcd, 0x3c, 0xd3, 0x3f, 0x00, 0x3c, 0x00, 0x3a, 0x9b, 0x3b, 0x05, 0x3e, 0x00, 0x3c, 0xaf, 0x33, 0xdb, 0x33, 0xe9, 0x32, 0x00, 0x3c,
  0x31, 0x35, 0xa3, 0x35, 0xc9, 0x35, 0x00, 0x3c, 0xbd, 0x36, 0xf4, 0x37, 0x4e, 0x39, 0x00, 0x3c, 0x16, 0x3a, 0x31, 0x3b, 0xec, 0x3c, 0x00, 0x3c,
  0x33, 0x3c, 0xf0, 0x3c, 0x16, 0x3f, 0x00, 0x3c, 0x0f, 0x3b, 0x08, 0x3c, 0x62, 0x3d, 0x00, 0x3c, 0xa8, 0x37, 0x1b, 0x38, 0x55, 0x39, 0x00, 0x3c,
  0xa0, 0x34, 0xc7, 0x34, 0x83, 0x35, 0x00, 0x3c, 0x3a, 0x32, 0xe5, 0x30, 0x7b, 0x2c, 0x00, 0x3c, 0x94, 0x31, 0x79, 0x30, 0xa9, 0x2d, 0x00, 0x3c,
  0x6e, 0x31, 0xb4, 0x30, 0x30, 0x2d, 0x00, 0x3c, 0x2e, 0x32, 0xa4, 0x32, 0x9c, 0x32, 0x00, 0x3c, 0x78, 0x34, 0x99, 0x34, 0x2b, 0x35, 0x00, 0x3c,
  0x62, 0x34, 0x1d, 0x33, 0x42, 0x32, 0x00, 0x3c, 0xe3, 0x34, 0x50, 0x32, 0x2e, 0x2f, 0x00, 0x3c, 0xb8, 0x34, 0x15, 0x33, 0xb0, 0x2e, 0x00, 0x3c,
  0xb5, 0x33, 0x4a, 0x31, 0x30, 0x2e, 0x00, 0x3c, 0xa7, 0x32, 0x75, 0x30, 0x66, 0x2d, 0x00, 0x3c, 0x5d, 0x32, 0x53, 0x30, 0x71, 0x2d, 0x00, 0x3c,
  0xd9, 0x31, 0x5e, 0x30, 0xfc, 0x2c, 0x00, 0x3c, 0x51, 0x31, 0xb8, 0x2f, 0xd6, 0x2c, 0x00, 0x3c, 0x3c, 0x32, 0x2a, 0x30, 0x49, 0x2d, 0x00, 0x3c,
  0x35, 0x33, 0xa5, 0x30, 0xca, 0x2d, 0x00, 0x3c, 0x32, 0x34, 0x6a, 0x31, 0x5b, 0x2e, 0x00, 0x3c, 0x89, 0x38, 0x24, 0x39, 0x2f, 0x3b, 0x00, 0x3c,
  0x28, 0x3b, 0x93, 0x3c, 0x05, 0x3f, 0x00, 0x3c, 0x2c, 0x3c, 0x0f, 0x3d, 0x71, 0x3f, 0x00, 0x3c, 0x4b, 0x38, 0xe7, 0x38, 0xc5, 0x3a, 0x00, 0x3c,
  0xb7, 0x32, 0xfd, 0x30, 0x7d, 0x2d, 0x00, 0x3c, 0x06, 0x31, 0x0f, 0x30, 0x1f, 0x2d, 0x00, 0x3c, 0xe2, 0x31, 0xaa, 0x30, 0xaa, 0x2e, 0x00, 0x3c,
  0xe9, 0x34, 0x8f, 0x32, 0xc1, 0x2e, 0x00, 0x3c, 0x5b, 0x34, 0xed, 0x34, 0x93, 0x35, 0x00, 0x3c, 0xb0, 0x35, 0x59, 0x35, 0x86, 0x35, 0x00, 0x3c,
  0x09, 0x38, 0xf0, 0x37, 0xf8, 0x37, 0x00, 0x3c,
}};
inline constexpr std::array<std::uint8_t, 8192> brdf{{
  0xc8, 0x2c, 0x49, 0x3b, 0x00, 0x00, 0x00, 0x3c, 0xcc, 0x32, 0x43, 0x3a, 0x00, 0x00, 0x00, 0x3c, 0x55, 0x35, 0x50, 0x39, 0x00, 0x00, 0x00, 0x3c,
  0x05, 0x37, 0x79, 0x38, 0x00, 0x00, 0x00, 0x3c, 0x3f, 0x38, 0x7d, 0x37, 0x00, 0x00, 0x00, 0x3c, 0xe1, 0x38, 0x39, 0x36, 0x00, 0x00, 0x00, 0x3c,
  0x6d, 0x39, 0x23, 0x35, 0x00, 0x00, 0x00, 0x3c, 0xe4, 0x39, 0x35, 0x34, 0x00, 0x00, 0x00, 0x3c, 0x4a, 0x3a, 0xd5, 0x32, 0x00, 0x00, 0x00, 0x3c,
  0x9f, 0x3a, 0x7f, 0x31, 0x00, 0x00, 0x00, 0x3c, 0xe7, 0x3a, 0x61, 0x30, 0x00, 0x00, 0x00, 0x3c, 0x22, 0x3b, 0xe7, 0x2e, 0x00, 0x00, 0x00, 0x3c,
  0x53, 0x3b, 0x60, 0x2d, 0x00, 0x00, 0x00, 0x3c, 0x7b, 0x3b, 0x22, 0x2c, 0x00, 0x00, 0x00, 0x3c, 0x9b, 0x3b, 0x42, 0x2a, 0x00, 0x00, 0x00, 0x3c,
  0xb5, 0x3b, 0xaa, 0x28, 0x00, 0x00, 0x00, 0x3c, 0xc9, 0x3b, 0xd3, 0x26, 0x00, 0x00, 0x00, 0x3c, 0xd8, 0x3b, 0xe4, 0x24, 0x00, 0x00, 0x00, 0x3c,
  0xe4, 0x3b, 0xd7, 0x22, 0x00, 0x00, 0x00, 0x3c, 0xed, 0x3b, 0xa8, 0x20, 0x00, 0x00, 0x00, 0x3c, 0xf3, 0x3b, 0x23, 0x1e, 0x00, 0x00, 0x00, 0x3c,
  0xf8, 0x3b, 0xca, 0x1b, 0x00, 0x00, 0x00, 0x3c, 0xfb, 0x3b, 0xb9, 0x18, 0x00, 0x00, 0x00, 0x3c, 0xfd, 0x3b, 0x6a, 0x15, 0x00, 0x00, 0x00, 0x3c,
  0xfe, 0x3b, 0xcb, 0x11, 0x00, 0x00, 0x00, 0x3c, 0xff, 0x3b, 0xaa, 0x0d, 0x00, 0x00, 0x00, 0x3c, 0x00, 0x3c, 0xea, 0x08, 0x00, 0x00, 0x00, 0x3c,
  0x00, 0x3c, 0x9b, 0x03, 0x00, 0x00, 0x00, 0x3c, 0x00, 0x3c, 0x07, 0x01, 0x00, 0x00, 0x00, 0x3c, 0x00, 0x3c, 0x31, 0x00, 0x00, 0x00, 0x00, 0x3c,
  0x00, 0x3c, 0x04, 0x00, 0x00, 0x00, 0x00, 0x3c, 0x00, 0x3c, 0x00, 0x00, 0x00, 0x00, 0x00, 0x3c, 0x7c, 0x2c, 0x71, 0x3a, 0x00, 0x00, 0x00, 0x3c,
  0x95, 0x32, 0x04, 0x3a, 0x00, 0x00, 0x00, 0x3c, 0x3a, 0x35, 0x30, 0x39, 0x00, 0x00, 0x00, 0x3c, 0xec, 0x36, 0x67, 0x38, 0x00, 0x00, 0x00, 0x3c,
  0x33, 0x38, 0x66, 0x37, 0x00, 0x00, 0x00, 0x3c, 0xd6, 0x38, 0x2a, 0x36, 0x00, 0x00, 0x00, 0x3c, 0x63, 0x39, 0x19, 0x35, 0x00, 0x00, 0x00, 0x3c,
  0xdb, 0x39, 0x2e, 0x34, 0x00, 0x00, 0x00, 0x3c, 0x41, 0x3a, 0xcb, 0x32, 0x00, 0x00, 0x00, 0x3c, 0x98, 0x3a, 0x78, 0x31, 0x00, 0x00, 0x00, 0x3c,
  0xe0, 0x3a, 0x5c, 0x30, 0x00, 0x00, 0x00, 0x3c, 0x1c, 0x3b, 0xe1, 0x2e, 0x00, 0x00, 0x00, 0x3c, 0x4e, 0x3b, 0x5c, 0x2d, 0x00, 0x00, 0x00, 0x3c,
  0x76, 0x3b, 0x1f, 0x2c, 0x00, 0x00, 0x00, 0x3c, 0x97, 0x3b, 0x3e, 0x2a, 0x00, 0x00, 0x00, 0x3c, 0xb1, 0x3b, 0xa7, 0x28, 0x00, 0x00, 0x00, 0x3c,
  0xc5, 0x3b, 0xd0, 0x26, 0x00, 0x00, 0x00, 0x3c, 0xd5, 0x3b, 0xe1, 0x24, 0x00, 0x00, 0x00, 0x3c, 0xe2, 0x3b, 0xd5, 0x22, 0x00, 0x00, 0x00, 0x3c,
  0xeb, 0x3b, 0xa6, 0x20, 0x00, 0x00, 0x00, 0x3c, 0xf1, 0x3b, 0x21, 0x1e, 0x00, 0x00, 0x00, 0x3c, 0xf6, 0x3b, 0xc8, 0x1b, 0x00, 0x00, 0x00, 0x3c,
  0xfa, 0x3b, 0xb8, 0x18, 0x00, 0x00, 0x00, 0x3c, 0xfc, 0x3b, 0x6a, 0x15, 0x00, 0x00, 0x00, 0x3c, 0xfd, 0x3b, 0xcb, 0x11, 0x00, 0x00, 0x00, 0x3c,
  0xfe, 0x3b, 0xaa, 0x0d, 0x00, 0x00, 0x00, 0x3c, 0xff, 0x3b, 0xea, 0x08, 0x00, 0x00, 0x00, 0x3c, 0xff, 0x3b, 0x9b, 0x03, 0x00, 0x00, 0x00, 0x3c,
  0xff, 0x3b, 0x07, 0x01, 0x00, 0x00, 0x00, 0x3c, 0x00, 0x3c, 0x31, 0x00, 0x00, 0x00, 0x00, 0x3c, 0x00, 0x3c, 0x04, 0x00, 0x00, 0x00, 0x00, 0x3c,
  0x00, 0x3c, 0x00, 0x00, 0x00, 0x00, 0x00, 0x3c, 0xd2, 0x2c, 0x23, 0x39, 0x00, 0x00, 0x00, 0x3c, 0x52, 0x32, 0x85, 0x39, 0x00, 0x00, 0x00, 0x3c,
  0x0d, 0x35, 0xeb, 0x38, 0x00, 0x00, 0x00, 0x3c, 0xbe, 0x36, 0x40, 0x38, 0x00, 0x00, 0x00, 0x3c, 0x1d, 0x38, 0x35, 0x37, 0x00, 0x00, 0x00, 0x3c,
  0xc2, 0x38, 0x0a, 0x36, 0x00, 0x00, 0x00, 0x3c, 0x50, 0x39, 0x03, 0x35, 0x00, 0x00, 0x00, 0x3c, 0xca, 0x39, 0x1f, 0x34, 0x00, 0x00, 0x00, 0x3c,
  0x31, 0x3a, 0xb7, 0x32, 0x00, 0x00, 0x00, 0x3c, 0x89, 0x3a, 0x6b, 0x31, 0x00, 0x00, 0x00, 0x3c, 0xd3, 0x3a, 0x53, 0x30, 0x00, 0x00, 0x00, 0x3c,
  0x10, 0x3b, 0xd4, 0x2e, 0x00, 0x00, 0x00, 0x3c, 0x43, 0x3b, 0x54, 0x2d, 0x00, 0x00, 0x00, 0x3c, 0x6c, 0x3b, 0x19, 0x2c, 0x00, 0x00, 0x00, 0x3c,
  0x8e, 0x3b, 0x38, 0x2a, 0x00, 0x00, 0x00, 0x3c, 0xa9, 0x3b, 0xa3, 0x28, 0x00, 0x00, 0x00, 0x3c, 0xbf, 0x3b, 0xcb, 0x26, 0x00, 0x00, 0x00, 0x3c,
  0xcf, 0x3b, 0xdf, 0x24, 0x00, 0x00, 0x00, 0x3c, 0xdc, 0x3b, 0xd2, 0x22, 0x00, 0x00, 0x00, 0x3c, 0xe6, 0x3b, 0xa6, 0x20, 0x00, 0x00, 0x00, 0x3c,
  0xed, 0x3b, 0x22, 0x1e, 0x00, 0x00, 0x00, 0x3c, 0xf2, 0x3b, 0xca, 0x1b, 0x00, 0x00, 0x00, 0x3c, 0xf6, 0x3b, 0xba, 0x18, 0x00, 0x00, 0x00, 0x3c,
  0xf9, 0x3b, 0x6e, 0x15, 0x00, 0x00, 0x00, 0x3c, 0xfb, 0x3b, 0xd0, 0x11, 0x00, 0x00, 0x00, 0x3c, 0xfc, 0x3b, 0xb2, 0x0d, 0x00, 0x00, 0x00, 0x3c,
  0xfd, 0x3b, 0xf3, 0x08, 0x00, 0x00, 0x00, 0x3c, 0xfe, 0x3b, 0xa4, 0x03, 0x00, 0x00, 0x00, 0x3c, 0xff, 0x3b, 0x0a, 0x01, 0x00, 0x00, 0x00, 0x3c,
  0xff, 0x3b, 0x32, 0x00, 0x00, 0x00, 0x00, 0x3c, 0xff, 0x3b, 0x04, 0x00, 0x00, 0x00, 0x00, 0x3c, 0x00, 0x3c, 0x00, 0x00, 0x00, 0x00, 0x00, 0x3c,
  0x8b, 0x2e, 0x3d, 0x38, 0x00, 0x00, 0x00, 0x3c, 0x3e, 0x32, 0xce, 0x38, 0x00, 0x00, 0x00, 0x3c, 0xe3, 0x34, 0x87, 0x38, 0x00, 0x00, 0x00, 0x3c,
  0x8b, 0x36, 0x02, 0x38, 0x00, 0x00, 0x00, 0x3c, 0x00, 0x38, 0xe1, 0x36, 0x00, 0x00, 0x00, 0x3c, 0xa4, 0x38, 0xcf, 0x35, 0x00, 0x00, 0x00, 0x3c,
  0x34, 0x39, 0xdf, 0x34, 0x00, 0x00, 0x00, 0x3c, 0xb0, 0x39, 0x08, 0x34, 0x00, 0x00, 0x00, 0x3c, 0x1a, 0x3a, 0x98, 0x32, 0x00, 0x00, 0x00, 0x3c,
  0x73, 0x3a, 0x56, 0x31, 0x00, 0x00, 0x00, 0x3c, 0xbf, 0x3a, 0x46, 0x30, 0x00, 0x00, 0x00, 0x3c, 0xfe, 0x3a, 0xc3, 0x2e, 0x00, 0x00, 0x00, 0x3c,
  0x33, 0x3b, 0x49, 0x2d, 0x00, 0x00, 0x00, 0x3c, 0x5e, 0x3b, 0x13, 0x2c, 0x00, 0x00, 0x00, 0x3c, 0x81, 0x3b, 0x31, 0x2a, 0x00, 0x00, 0x00, 0x3c,
  0x9d, 0x3b, 0xa0, 0x28, 0x00, 0x00, 0x00, 0x3c, 0xb4, 0x3b, 0xc9, 0x26, 0x00, 0x00, 0x00, 0x3c, 0xc6, 0x3b, 0xe0, 0x24, 0x00, 0x00, 0x00, 0x3c,
  0xd4, 0x3b, 0xd6, 0x22, 0x00, 0x00, 0x00, 0x3c, 0xdf, 0x3b, 0xaa, 0x20, 0x00, 0x00, 0x00, 0x3c, 0xe7, 0x3b, 0x2b, 0x1e, 0x00, 0x00, 0x00, 0x3c,
  0xed, 0x3b, 0xda, 0x1b, 0x00, 0x00, 0x00, 0x3c, 0xf2, 0x3b, 0xc7, 0x18, 0x00, 0x00, 0x00, 0x3c, 0xf5, 0x3b, 0x80, 0x15, 0x00, 0x00, 0x00, 0x3c,
  0xf8, 0x3b, 0xe9, 0x11, 0x00, 0x00, 0x00, 0x3c, 0xfa, 0x3b, 0xd0, 0x0d, 0x00, 0x00, 0x00, 0x3c, 0xfb, 0x3b, 0x15, 0x09, 0x00, 0x00, 0x00, 0x3c,
  0xfc, 0x3b, 0xc5, 0x03, 0x00, 0x00, 0x00, 0x3c, 0xfd, 0x3b, 0x17, 0x01, 0x00, 0x00, 0x00, 0x3c, 0xfe, 0x3b, 0x36, 0x00, 0x00, 0x00, 0x00, 0x3c,
  0xff, 0x3b, 0x05, 0x00, 0x00, 0x00, 0x00, 0x3c, 0x00, 0x3c, 0x00, 0x00, 0x00, 0x00, 0x00, 0x3c, 0xbb, 0x30, 0x75, 0x37, 0x00, 0x00, 0x00, 0x3c,
  0x8c, 0x32, 0x0e, 0x38, 0x00, 0x00, 0x00, 0x3c, 0xcf, 0x34, 0x04, 0x38, 0x00, 0x00, 0x00, 0x3c, 0x56, 0x36, 0x4c, 0x37, 0x00, 0x00, 0x00, 0x3c,
  0xc7, 0x37, 0x75, 0x36, 0x00, 0x00, 0x00, 0x3c, 0x86, 0x38, 0x8a, 0x35, 0x00, 0x00, 0x00, 0x3c, 0x15, 0x39, 0xaa, 0x34, 0x00, 0x00, 0x00, 0x3c,
  0x90, 0x39, 0xc1, 0x33, 0x00, 0x00, 0x00, 0x3c, 0xf9, 0x39, 0x5f, 0x32, 0x00, 0x00, 0x00, 0x3c, 0x54, 0x3a, 0x2c, 0x31, 0x00, 0x00, 0x00, 0x3c,
  0xa4, 0x3a, 0x30, 0x30, 0x00, 0x00, 0x00, 0x3c, 0xe6, 0x3a, 0xab, 0x2e, 0x00, 0x00, 0x00, 0x3c, 0x1c, 0x3b, 0x3b, 0x2d, 0x00, 0x00, 0x00, 0x3c,
  0x4a, 0x3b, 0x0c, 0x2c, 0x00, 0x00, 0x00, 0x3c, 0x6f, 0x3b, 0x2c, 0x2a, 0x00, 0x00, 0x00, 0x3c, 0x8d, 0x3b, 0xa0, 0x28, 0x00, 0x00, 0x00, 0x3c,
  0xa5, 0x3b, 0xce, 0x26, 0x00, 0x00, 0x00, 0x3c, 0xb9, 0x3b, 0xe8, 0x24, 0x00, 0x00, 0x00, 0x3c, 0xc8, 0x3b, 0xe7, 0x22, 0x00, 0x00, 0x00, 0x3c,
  0xd5, 0x3b, 0xba, 0x20, 0x00, 0x00, 0x00, 0x3c, 0xde, 0x3b, 0x46, 0x1e, 0x00, 0x00, 0x00, 0x3c, 0xe5, 0x3b, 0x03, 0x1c, 0x00, 0x00, 0x00, 0x3c,
  0xeb, 0x3b, 0xe8, 0x18, 0x00, 0x00, 0x00, 0x3c, 0xef, 0x3b, 0xaf, 0x15, 0x00, 0x00, 0x00, 0x3c, 0xf3, 0x3b, 0x29, 0x12, 0x00, 0x00, 0x00, 0x3c,
  0xf6, 0x3b, 0x1f, 0x0e, 0x00, 0x00, 0x00, 0x3c, 0xf8, 0x3b, 0x6d, 0x09, 0x00, 0x00, 0x00, 0x3c, 0xfa, 0x3b, 0x1c, 0x04, 0x00, 0x00, 0x00, 0x3c,
  0xfb, 0x3b, 0x3b, 0x01, 0x00, 0x00, 0x00, 0x3c, 0xfd, 0x3b, 0x41, 0x00, 0x00, 0x00, 0x00, 0x3c, 0xfe, 0x3b, 0x06, 0x00, 0x00, 0x00, 0x00, 0x3c,
  0xff, 0x3b, 0x00, 0x00, 0x00, 0x00, 0x00, 0x3c, 0x86, 0x32, 0xc5, 0x36, 0x00, 0x00, 0x00, 0x3c, 0x4b, 0x33, 0xe9, 0x36, 0x00, 0x00, 0x00, 0x3c,
  0xdb, 0x34, 0xf3, 0x36, 0x00, 0x00, 0x00, 0x3c, 0x3a, 0x36, 0x89, 0x36, 0x00, 0x00, 0x00, 0x3c, 0x8b, 0x37, 0xd9, 0x35, 0x00, 0x00, 0x00, 0x3c,
  0x61, 0x38, 0x1a, 0x35, 0x00, 0x00, 0x00, 0x3c, 0xf1, 0x38, 0x68, 0x34, 0x00, 0x00, 0x00, 0x3c, 0x6e, 0x39, 0x6d, 0x33, 0x00, 0x00, 0x00, 0x3c,
  0xd9, 0x39, 0x27, 0x32, 0x00, 0x00, 0x00, 0x3c, 0x35, 0x3a, 0x08, 0x31, 0x00, 0x00, 0x00, 0x3c, 0x84, 0x3a, 0x10, 0x30, 0x00, 0x00, 0x00, 0x3c,
  0xc6, 0x3a, 0x7a, 0x2e, 0x00, 0x00, 0x00, 0x3c, 0xfe, 0x3a, 0x19, 0x2d, 0x00, 0x00, 0x00, 0x3c, 0x2c, 0x3b, 0xe8, 0x2b, 0x00, 0x00, 0x00, 0x3c,
  0x55, 0x3b, 0x18, 0x2a, 0x00, 0x00, 0x00, 0x3c, 0x78, 0x3b, 0xa0, 0x28, 0x00, 0x00, 0x00, 0x3c, 0x93, 0x3b, 0xdb, 0x26, 0x00, 0x00, 0x00, 0x3c,
  0xa8, 0x3b, 0xf8, 0x24, 0x00, 0x00, 0x00, 0x3c, 0xba, 0x3b, 0x0a, 0x23, 0x00, 0x00, 0x00, 0x3c, 0xc8, 0x3b, 0xdb, 0x20, 0x00, 0x00, 0x00, 0x3c,
  0xd3, 0x3b, 0x7e, 0x1e, 0x00, 0x00, 0x00, 0x3c, 0xdc, 0x3b, 0x30, 0x1c, 0x00, 0x00, 0x00, 0x3c, 0xe3, 0x3b, 0x2d, 0x19, 0x00, 0x00, 0x00, 0x3c,
  0xe8, 0x3b, 0x13, 0x16, 0x00, 0x00, 0x00, 0x3c, 0xed, 0x3b, 0xaf, 0x12, 0x00, 0x00, 0x00, 0x3c, 0xf1, 0x3b, 0xca, 0x0e, 0x00, 0x00, 0x00, 0x3c,
  0xf4, 0x3b, 0x34, 0x0a, 0x00, 0x00, 0x00, 0x3c, 0xf7, 0x3b, 0xea, 0x04, 0x00, 0x00, 0x00, 0x3c, 0xf9, 0x3b, 0x96, 0x01, 0x00, 0x00, 0x00, 0x3c,
  0xfb, 0x3b, 0x60, 0x00, 0x00, 0x00, 0x00, 0x3c, 0xfd, 0x3b, 0x0d, 0x00, 0x00, 0x00, 0x00, 0x3c, 0xff, 0x3b, 0x01, 0x00, 0x00, 0x00, 0x00, 0x3c,
  0x36, 0x34, 0x35, 0x36, 0x00, 0x00, 0x00, 0x3c, 0x2f, 0x34, 0xf9, 0x35, 0x00, 0x00, 0x00, 0x3c, 0x0f, 0x35, 0xf4, 0x35, 0x00, 0x00, 0x00, 0x3c,
  0x35, 0x36, 0xb7, 0x35, 0x00, 0x00, 0x00, 0x3c, 0x66, 0x37, 0x3e, 0x35, 0x00, 0x00, 0x00, 0x3c, 0x46, 0x38, 0xab, 0x34, 0x00, 0x00, 0x00, 0x3c,
  0xca, 0x38, 0x08, 0x34, 0x00, 0x00, 0x00, 0x3c, 0x42, 0x39, 0xdf, 0x32, 0x00, 0x00, 0x00, 0x3c, 0xaf, 0x39, 0xcf, 0x31, 0x00, 0x00, 0x00, 0x3c,
  0x10, 0x3a, 0xd5, 0x30, 0x00, 0x00, 0x00, 0x3c, 0x61, 0x3a, 0xe3, 0x2f, 0x00, 0x00, 0x00, 0x3c, 0xa6, 0x3a, 0x56, 0x2e, 0x00, 0x00, 0x00, 0x3c,
  0xe0, 0x3a, 0x05, 0x2d, 0x00, 0x00, 0x00, 0x3c, 0x11, 0x3b, 0xd6, 0x2b, 0x00, 0x00, 0x00, 0x3c, 0x3a, 0x3b, 0x05, 0x2a, 0x00, 0x00, 0x00, 0x3c,
  0x5c, 0x3b, 0x8c, 0x28, 0x00, 0x00, 0x00, 0x3c, 0x78, 0x3b, 0xbe, 0x26, 0x00, 0x00, 0x00, 0x3c, 0x8f, 0x3b, 0xe6, 0x24, 0x00, 0x00, 0x00, 0x3c,
  0xa2, 0x3b, 0xf3, 0x22, 0x00, 0x00, 0x00, 0x3c, 0xb5, 0x3b, 0xf5, 0x20, 0x00, 0x00, 0x00, 0x3c, 0xc4, 0x3b, 0xcb, 0x1e, 0x00, 0x00, 0x00, 0x3c,
  0xcf, 0x3b, 0x77, 0x1c, 0x00, 0x00, 0x00, 0x3c, 0xd8, 0x3b, 0xa1, 0x19, 0x00, 0x00, 0x00, 0x3c, 0xdf, 0x3b, 0xc3, 0x16, 0x00, 0x00, 0x00, 0x3c,
  0xe5, 0x3b, 0xac, 0x13, 0x00, 0x00, 0x00, 0x3c, 0xea, 0x3b, 0x0d, 0x10, 0x00, 0x00, 0x00, 0x3c, 0xef, 0x3b, 0xd2, 0x0b, 0x00, 0x00, 0x00, 0x3c,
  0xf2, 0x3b, 0xb8, 0x06, 0x00, 0x00, 0x00, 0x3c, 0xf6, 0x3b, 0x77, 0x02, 0x00, 0x00, 0x00, 0x3c, 0xf9, 0x3b, 0xb9, 0x00, 0x00, 0x00, 0x00, 0x3c,
  0xfc, 0x3b, 0x26, 0x00, 0x00, 0x00, 0x00, 0x3c, 0xfe, 0x3b, 0x03, 0x00, 0x00, 0x00, 0x00, 0x3c, 0x25, 0x35, 0xab, 0x35, 0x00, 0x00, 0x00, 0x3c,
  0xd2, 0x34, 0x3e, 0x35, 0x00, 0x00, 0x00, 0x3c, 0x67, 0x35, 0x23, 0x35, 0x00, 0x00, 0x00, 0x3c, 0x4e, 0x36, 0xed, 0x34, 0x00, 0x00, 0x00, 0x3c,
  0x54, 0x37, 0x99, 0x34, 0x00, 0x00, 0x00, 0x3c, 0x2e, 0x38, 0x2a, 0x34, 0x00, 0x00, 0x00, 0x3c, 0xac, 0x38, 0x5c, 0x33, 0x00, 0x00, 0x00, 0x3c,
  0x20, 0x39, 0x5a, 0x32, 0x00, 0x00, 0x00, 0x3c, 0x85, 0x39, 0x5d, 0x31, 0x00, 0x00, 0x00, 0x3c, 0xe1, 0x39, 0x7d, 0x30, 0x00, 0x00, 0x00, 0x3c,
  0x31, 0x3a, 0x5e, 0x2f, 0x00, 0x00, 0x00, 0x3c, 0x7d, 0x3a, 0x14, 0x2e, 0x00, 0x00, 0x00, 0x3c, 0xbc, 0x3a, 0xe5, 0x2c, 0x00, 0x00, 0x00, 0x3c,
  0xf1, 0x3a, 0xba, 0x2b, 0x00, 0x00, 0x00, 0x3c, 0x1d, 0x3b, 0xfe, 0x29, 0x00, 0x00, 0x00, 0x3c, 0x42, 0x3b, 0x92, 0x28, 0x00, 0x00, 0x00, 0x3c,
  0x60, 0x3b, 0xd6, 0x26, 0x00, 0x00, 0x00, 0x3c, 0x7a, 0x3b, 0x02, 0x25, 0x00, 0x00, 0x00, 0x3c, 0x8f, 0x3b, 0x2b, 0x23, 0x00, 0x00, 0x00, 0x3c,
  0xa0, 0x3b, 0x00, 0x21, 0x00, 0x00, 0x00, 0x3c, 0xaf, 0x3b, 0xc6, 0x1e, 0x00, 0x00, 0x00, 0x3c, 0xba, 0x3b, 0x6e, 0x1c, 0x00, 0x00, 0x00, 0x3c,
  0xc4, 0x3b, 0x90, 0x19, 0x00, 0x00, 0x00, 0x3c, 0xcd, 0x3b, 0xca, 0x16, 0x00, 0x00, 0x00, 0x3c, 0xd9, 0x3b, 0x70, 0x14, 0x00, 0x00, 0x00, 0x3c,
  0xe1, 0x3b, 0x16, 0x11, 0x00, 0x00, 0x00, 0x3c, 0xe7, 0x3b, 0x60, 0x0d, 0x00, 0x00, 0x00, 0x3c, 0xed, 0x3b, 0x32, 0x09, 0x00, 0x00, 0x00, 0x3c,
  0xf1, 0x3b, 0x7e, 0x04, 0x00, 0x00, 0x00, 0x3c, 0xf6, 0x3b, 0xab, 0x01, 0x00, 0x00, 0x00, 0x3c, 0xfa, 0x3b, 0x7a, 0x00, 0x00, 0x00, 0x00, 0x3c,
  0xfd, 0x3b, 0x11, 0x00, 0x00, 0x00, 0x00, 0x3c, 0x0a, 0x36, 0x25, 0x35, 0x00, 0x00, 0x00, 0x3c, 0x84, 0x35, 0xa3, 0x34, 0x00, 0x00, 0x00, 0x3c,
  0xda, 0x35, 0x77, 0x34, 0x00, 0x00, 0x00, 0x3c, 0x89, 0x36, 0x45, 0x34, 0x00, 0x00, 0x00, 0x3c, 0x5e, 0x37, 0xf8, 0x33, 0x00, 0x00, 0x00, 0x3c,
  0x20, 0x38, 0x4a, 0x33, 0x00, 0x00, 0x00, 0x3c, 0x93, 0x38, 0x8d, 0x32, 0x00, 0x00, 0x00, 0x3c, 0xfe, 0x38, 0xbc, 0x31, 0x00, 0x00, 0x00, 0x3c,
  0x62, 0x39, 0xf3, 0x30, 0x00, 0x00, 0x00, 0x3c, 0xbb, 0x39, 0x2e, 0x30, 0x00, 0x00, 0x00, 0x3c, 0x09, 0x3a, 0xe9, 0x2e, 0x00, 0x00, 0x00, 0x3c,
  0x4f, 0x3a, 0xac, 0x2d, 0x00, 0x00, 0x00, 0x3c, 0x8c, 0x3a, 0x96, 0x2c, 0x00, 0x00, 0x00, 0x3c, 0xc0, 0x3a, 0x46, 0x2b, 0x00, 0x00, 0x00, 0x3c,
  0xf5, 0x3a, 0xd6, 0x29, 0x00, 0x00, 0x00, 0x3c, 0x1f, 0x3b, 0x8b, 0x28, 0x00, 0x00, 0x00, 0x3c, 0x42, 0x3b, 0xe9, 0x26, 0x00, 0x00, 0x00, 0x3c,
  0x5f, 0x3b, 0x23, 0x25, 0x00, 0x00, 0x00, 0x3c, 0x78, 0x3b, 0x76, 0x23, 0x00, 0x00, 0x00, 0x3c, 0x8c, 0x3b, 0x48, 0x21, 0x00, 0x00, 0x00, 0x3c,
  0x9d, 0x3b, 0x44, 0x1f, 0x00, 0x00, 0x00, 0x3c, 0xab, 0x3b, 0xd6, 0x1c, 0x00, 0x00, 0x00, 0x3c, 0xb7, 0x3b, 0x33, 0x1a, 0x00, 0x00, 0x00, 0x3c,
  0xc1, 0x3b, 0x97, 0x17, 0x00, 0x00, 0x00, 0x3c, 0xc9, 0x3b, 0x66, 0x14, 0x00, 0x00, 0x00, 0x3c, 0xd1, 0x3b, 0xc3, 0x10, 0x00, 0x00, 0x00, 0x3c,
  0xd7, 0x3b, 0xba, 0x0c, 0x00, 0x00, 0x00, 0x3c, 0xe0, 0x3b, 0xab, 0x09, 0x00, 0x00, 0x00, 0x3c, 0xea, 0x3b, 0xa6, 0x07, 0x00, 0x00, 0x00, 0x3c,
  0xf0, 0x3b, 0xb4, 0x03, 0x00, 0x00, 0x00, 0x3c, 0xf6, 0x3b, 0x64, 0x01, 0x00, 0x00, 0x00, 0x3c, 0xfa, 0x3b, 0x4c, 0x00, 0x00, 0x00, 0x00, 0x3c,
  0xe3, 0x36, 0xa1, 0x34, 0x00, 0x00, 0x00, 0x3c, 0x3c, 0x36, 0x20, 0x34, 0x00, 0x00, 0x00, 0x3c, 0x5f, 0x36, 0xcb, 0x33, 0x00, 0x00, 0x00, 0x3c,
  0xdb, 0x36, 0x63, 0x33, 0x00, 0x00, 0x00, 0x3c, 0x84, 0x37, 0xed, 0x32, 0x00, 0x00, 0x00, 0x3c, 0x20, 0x38, 0x59, 0x32, 0x00, 0x00, 0x00, 0x3c,
  0x81, 0x38, 0xb6, 0x31, 0x00, 0x00, 0x00, 0x3c, 0xe3, 0x38, 0x1c, 0x31, 0x00, 0x00, 0x00, 0x3c, 0x3f, 0x39, 0x71, 0x30, 0x00, 0x00, 0x00, 0x3c,
  0x94, 0x39, 0x9c, 0x2f, 0x00, 0x00, 0x00, 0x3c, 0xe2, 0x39, 0x72, 0x2e, 0x00, 0x00, 0x00, 0x3c, 0x28, 0x3a, 0x58, 0x2d, 0x00, 0x00, 0x00, 0x3c,
  0x64, 0x3a, 0x57, 0x2c, 0x00, 0x00, 0x00, 0x3c, 0x99, 0x3a, 0xf6, 0x2a, 0x00, 0x00, 0x00, 0x3c, 0xc9, 0x3a, 0x88, 0x29, 0x00, 0x00, 0x00, 0x3c,
  0xf2, 0x3a, 0x4e, 0x28, 0x00, 0x00, 0x00, 0x3c, 0x14, 0x3b, 0x8e, 0x26, 0x00, 0x00, 0x00, 0x3c, 0x38, 0x3b, 0x0f, 0x25, 0x00, 0x00, 0x00, 0x3c,
  0x57, 0x3b, 0xa2, 0x23, 0x00, 0x00, 0x00, 0x3c, 0x70, 0x3b, 0x8f, 0x21, 0x00, 0x00, 0x00, 0x3c, 0x85, 0x3b, 0xd8, 0x1f, 0x00, 0x00, 0x00, 0x3c,
  0x96, 0x3b, 0x5c, 0x1d, 0x00, 0x00, 0x00, 0x3c, 0xa5, 0x3b, 0x12, 0x1b, 0x00, 0x00, 0x00, 0x3c, 0xb2, 0x3b, 0x78, 0x18, 0x00, 0x00, 0x00, 0x3c,
  0xbc, 0x3b, 0x62, 0x15, 0x00, 0x00, 0x00, 0x3c, 0xc6, 0x3b, 0x1d, 0x12, 0x00, 0x00, 0x00, 0x3c, 0xce, 0x3b, 0x72, 0x0e, 0x00, 0x00, 0x00, 0x3c,
  0xd5, 0x3b, 0x2f, 0x0a, 0x00, 0x00, 0x00, 0x3c, 0xdb, 0x3b, 0x3c, 0x05, 0x00, 0x00, 0x00, 0x3c, 0xe1, 0x3b, 0xdb, 0x01, 0x00, 0x00, 0x00, 0x3c,
  0xec, 0x3b, 0x60, 0x02, 0x00, 0x00, 0x00, 0x3c, 0xf4, 0x3b, 0xfd, 0x00, 0x00, 0x00, 0x00, 0x3c, 0xab, 0x37, 0x23, 0x34, 0x00, 0x00, 0x00, 0x3c,
  0xf2, 0x36, 0x58, 0x33, 0x00, 0x00, 0x00, 0x3c, 0xed, 0x36, 0xd1, 0x32, 0x00, 0x00, 0x00, 0x3c, 0x3e, 0x37, 0x69, 0x32, 0x00, 0x00, 0x00, 0x3c,
  0xbc, 0x37, 0xf9, 0x31, 0x00, 0x00, 0x00, 0x3c, 0x2b, 0x38, 0x83, 0x31, 0x00, 0x00, 0x00, 0x3c, 0x7c, 0x38, 0xfd, 0x30, 0x00, 0x00, 0x00, 0x3c,
  0xcf, 0x38, 0x72, 0x30, 0x00, 0x00, 0x00, 0x3c, 0x21, 0x39, 0xd7, 0x2f, 0x00, 0x00, 0x00, 0x3c, 0x71, 0x39, 0xd8, 0x2e, 0x00, 0x00, 0x00, 0x3c,
  0xb8, 0x39, 0xcf, 0x2d, 0x00, 0x00, 0x00, 0x3c, 0xfc, 0x39, 0xe4, 0x2c, 0x00, 0x00, 0x00, 0x3c, 0x3a, 0x3a, 0x11, 0x2c, 0x00, 0x00, 0x00, 0x3c,
  0x72, 0x3a, 0xa5, 0x2a, 0x00, 0x00, 0x00, 0x3c, 0xa1, 0x3a, 0x4d, 0x29, 0x00, 0x00, 0x00, 0x3c, 0xc9, 0x3a, 0x24, 0x28, 0x00, 0x00, 0x00, 0x3c,
  0xef, 0x3a, 0x6d, 0x26, 0x00, 0x00, 0x00, 0x3c, 0x11, 0x3b, 0xed, 0x24, 0x00, 0x00, 0x00, 0x3c, 0x2d, 0x3b, 0x57, 0x23, 0x00, 0x00, 0x00, 0x3c,
  0x45, 0x3b, 0x52, 0x21, 0x00, 0x00, 0x00, 0x3c, 0x5d, 0x3b, 0xb8, 0x1f, 0x00, 0x00, 0x00, 0x3c, 0x76, 0x3b, 0xab, 0x1d, 0x00, 0x00, 0x00, 0x3c,
  0x8a, 0x3b, 0xe8, 0x1b, 0x00, 0x00, 0x00, 0x3c, 0x9b, 0x3b, 0x42, 0x19, 0x00, 0x00, 0x00, 0x3c, 0xa9, 0x3b, 0xac, 0x16, 0x00, 0x00, 0x00, 0x3c,
  0xb5, 0x3b, 0x04, 0x14, 0x00, 0x00, 0x00, 0x3c, 0xc0, 0x3b, 0x8a, 0x10, 0x00, 0x00, 0x00, 0x3c, 0xc9, 0x3b, 0xc1, 0x0c, 0x00, 0x00, 0x00, 0x3c,
  0xd0, 0x3b, 0x81, 0x08, 0x00, 0x00, 0x00, 0x3c, 0xd7, 0x3b, 0xbc, 0x03, 0x00, 0x00, 0x00, 0x3c, 0xdb, 0x3b, 0x50, 0x01, 0x00, 0x00, 0x00, 0x3c,
  0xd3, 0x3b, 0x50, 0x00, 0x00, 0x00, 0x00, 0x3c, 0x31, 0x38, 0x58, 0x33, 0x00, 0x00, 0x00, 0x3c, 0xa0, 0x37, 0x84, 0x32, 0x00, 0x00, 0x00, 0x3c,
  0x7d, 0x37, 0xfc, 0x31, 0x00, 0x00, 0x00, 0x3c, 0xaa, 0x37, 0x94, 0x31, 0x00, 0x00, 0x00, 0x3c, 0x03, 0x38, 0x2f, 0x31, 0x00, 0x00, 0x00, 0x3c,
  0x3e, 0x38, 0xc2, 0x30, 0x00, 0x00, 0x00, 0x3c, 0x80, 0x38, 0x54, 0x30, 0x00, 0x00, 0x00, 0x3c, 0xc6, 0x38, 0xc2, 0x2f, 0x00, 0x00, 0x00, 0x3c,
  0x0b, 0x39, 0xd3, 0x2e, 0x00, 0x00, 0x00, 0x3c, 0x4e, 0x39, 0xf1, 0x2d, 0x00, 0x00, 0x00, 0x3c, 0x93, 0x39, 0x2e, 0x2d, 0x00, 0x00, 0x00, 0x3c,
  0xd3, 0x39, 0x6c, 0x2c, 0x00, 0x00, 0x00, 0x3c, 0x0b, 0x3a, 0x5a, 0x2b, 0x00, 0x00, 0x00, 0x3c, 0x41, 0x3a, 0x13, 0x2a, 0x00, 0x00, 0x00, 0x3c,
  0x72, 0x3a, 0xf8, 0x28, 0x00, 0x00, 0x00, 0x3c, 0xa0, 0x3a, 0x01, 0x28, 0x00, 0x00, 0x00, 0x3c, 0xc6, 0x3a, 0x48, 0x26, 0x00, 0x00, 0x00, 0x3c,
  0xe7, 0x3a, 0xcf, 0x24, 0x00, 0x00, 0x00, 0x3c, 0x05, 0x3b, 0x3f, 0x23, 0x00, 0x00, 0x00, 0x3c, 0x20, 0x3b, 0x62, 0x21, 0x00, 0x00, 0x00, 0x3c,
  0x39, 0x3b, 0xe9, 0x1f, 0x00, 0x00, 0x00, 0x3c, 0x4e, 0x3b, 0x96, 0x1d, 0x00, 0x00, 0x00, 0x3c, 0x60, 0x3b, 0x9b, 0x1b, 0x00, 0x00, 0x00, 0x3c,
  0x72, 0x3b, 0x37, 0x19, 0x00, 0x00, 0x00, 0x3c, 0x85, 0x3b, 0x1a, 0x17, 0x00, 0x00, 0x00, 0x3c, 0x98, 0x3b, 0xdb, 0x14, 0x00, 0x00, 0x00, 0x3c,
  0xa6, 0x3b, 0x15, 0x12, 0x00, 0x00, 0x00, 0x3c, 0xb2, 0x3b, 0x0c, 0x0f, 0x00, 0x00, 0x00, 0x3c, 0xbb, 0x3b, 0x7d, 0x0b, 0x00, 0x00, 0x00, 0x3c,
  0xbd, 0x3b, 0x20, 0x07, 0x00, 0x00, 0x00, 0x3c, 0xbf, 0x3b, 0xdf, 0x02, 0x00, 0x00, 0x00, 0x3c, 0xc9, 0x3b, 0xea, 0x00, 0x00, 0x00, 0x00, 0x3c,
  0x82, 0x38, 0x7d, 0x32, 0x00, 0x00, 0x00, 0x3c, 0x21, 0x38, 0xc2, 0x31, 0x00, 0x00, 0x00, 0x3c, 0x05, 0x38, 0x41, 0x31, 0x00, 0x00, 0x00, 0x3c,
  0x0d, 0x38, 0xdb, 0x30, 0x00, 0x00, 0x00, 0x3c, 0x2c, 0x38, 0x82, 0x30, 0x00, 0x00, 0x00, 0x3c, 0x58, 0x38, 0x21, 0x30, 0x00, 0x00, 0x00, 0x3c,
  0x8c, 0x38, 0x7f, 0x2f, 0x00, 0x00, 0x00, 0x3c, 0xc6, 0x38, 0xbf, 0x2e, 0x00, 0x00, 0x00, 0x3c, 0x02, 0x39, 0x04, 0x2e, 0x00, 0x00, 0x00, 0x3c,
  0x3c, 0x39, 0x3f, 0x2d, 0x00, 0x00, 0x00, 0x3c, 0x75, 0x39, 0x88, 0x2c, 0x00, 0x00, 0x00, 0x3c, 0xaa, 0x39, 0xb4, 0x2b, 0x00, 0x00, 0x00, 0x3c,
  0xe3, 0x39, 0xa0, 0x2a, 0x00, 0x00, 0x00, 0x3c, 0x16, 0x3a, 0x8c, 0x29, 0x00, 0x00, 0x00, 0x3c, 0x42, 0x3a, 0x85, 0x28, 0x00, 0x00, 0x00, 0x3c,
  0x6b, 0x3a, 0x45, 0x27, 0x00, 0x00, 0x00, 0x3c, 0x93, 0x3a, 0xda, 0x25, 0x00, 0x00, 0x00, 0x3c, 0xb8, 0x3a, 0xa2, 0x24, 0x00, 0x00, 0x00, 0x3c,
  0xd8, 0x3a, 0x24, 0x23, 0x00, 0x00, 0x00, 0x3c, 0xf4, 0x3a, 0x58, 0x21, 0x00, 0x00, 0x00, 0x3c, 0x0b, 0x3b, 0xc3, 0x1f, 0x00, 0x00, 0x00, 0x3c,
  0x21, 0x3b, 0x98, 0x1d, 0x00, 0x00, 0x00, 0x3c, 0x36, 0x3b, 0xec, 0x1b, 0x00, 0x00, 0x00, 0x3c, 0x49, 0x3b, 0x74, 0x19, 0x00, 0x00, 0x00, 0x3c,
  0x57, 0x3b, 0x1e, 0x17, 0x00, 0x00, 0x00, 0x3c, 0x64, 0x3b, 0x71, 0x14, 0x00, 0x00, 0x00, 0x3c, 0x70, 0x3b, 0xaa, 0x11, 0x00, 0x00, 0x00, 0x3c,
  0x76, 0x3b, 0x09, 0x0f, 0x00, 0x00, 0x00, 0x3c, 0x84, 0x3b, 0x8e, 0x0c, 0x00, 0x00, 0x00, 0x3c, 0x95, 0x3b, 0x08, 0x09, 0x00, 0x00, 0x00, 0x3c,
  0xa3, 0x3b, 0x78, 0x04, 0x00, 0x00, 0x00, 0x3c, 0xb1, 0x3b, 0x7b, 0x01, 0x00, 0x00, 0x00, 0x3c, 0xc9, 0x38, 0xb6, 0x31, 0x00, 0x00, 0x00, 0x3c,
  0x6b, 0x38, 0x13, 0x31, 0x00, 0x00, 0x00, 0x3c, 0x47, 0x38, 0xa0, 0x30, 0x00, 0x00, 0x00, 0x3c, 0x44, 0x38, 0x3d, 0x30, 0x00, 0x00, 0x00, 0x3c,
  0x56, 0x38, 0xcb, 0x2f, 0x00, 0x00, 0x00, 0x3c, 0x76, 0x38, 0x2e, 0x2f, 0x00, 0x00, 0x00, 0x3c, 0x9e, 0x38, 0x82, 0x2e, 0x00, 0x00, 0x00, 0x3c,
  0xcb, 0x38, 0xda, 0x2d, 0x00, 0x00, 0x00, 0x3c, 0xfb, 0x38, 0x32, 0x2d, 0x00, 0x00, 0x00, 0x3c, 0x2f, 0x39, 0x9f, 0x2c, 0x00, 0x00, 0x00, 0x3c,
  0x60, 0x39, 0x02, 0x2c, 0x00, 0x00, 0x00, 0x3c, 0x90, 0x39, 0xdf, 0x2a, 0x00, 0x00, 0x00, 0x3c, 0xbe, 0x39, 0xd3, 0x29, 0x00, 0x00, 0x00, 0x3c,
  0xe8, 0x39, 0xd7, 0x28, 0x00, 0x00, 0x00, 0x3c, 0x17, 0x3a, 0x1d, 0x28, 0x00, 0x00, 0x00, 0x3c, 0x40, 0x3a, 0xc8, 0x26, 0x00, 0x00, 0x00, 0x3c,
  0x64, 0x3a, 0x6e, 0x25, 0x00, 0x00, 0x00, 0x3c, 0x84, 0x3a, 0x43, 0x24, 0x00, 0x00, 0x00, 0x3c, 0xa4, 0x3a, 0xb2, 0x22, 0x00, 0x00, 0x00, 0x3c,
  0xc2, 0x3a, 0x2b, 0x21, 0x00, 0x00, 0x00, 0x3c, 0xde, 0x3a, 0xe2, 0x1f, 0x00, 0x00, 0x00, 0x3c, 0xf5, 0x3a, 0xc8, 0x1d, 0x00, 0x00, 0x00, 0x3c,
  0x08, 0x3b, 0x14, 0x1c, 0x00, 0x00, 0x00, 0x3c, 0x18, 0x3b, 0x9c, 0x19, 0x00, 0x00, 0x00, 0x3c, 0x24, 0x3b, 0x97, 0x17, 0x00, 0x00, 0x00, 0x3c,
  0x2b, 0x3b, 0x1d, 0x15, 0x00, 0x00, 0x00, 0x3c, 0x3c, 0x3b, 0x62, 0x12, 0x00, 0x00, 0x00, 0x3c, 0x4b, 0x3b, 0x51, 0x0f, 0x00, 0x00, 0x00, 0x3c,
  0x5d, 0x3b, 0x58, 0x0c, 0x00, 0x00, 0x00, 0x3c, 0x6c, 0x3b, 0x7e, 0x08, 0x00, 0x00, 0x00, 0x3c, 0x7f, 0x3b, 0x2c, 0x05, 0x00, 0x00, 0x00, 0x3c,
  0x94, 0x3b, 0x4e, 0x02, 0x00, 0x00, 0x00, 0x3c, 0x06, 0x39, 0x04, 0x31, 0x00, 0x00, 0x00, 0x3c, 0xac, 0x38, 0x77, 0x30, 0x00, 0x00, 0x00, 0x3c,
  0x83, 0x38, 0x11, 0x30, 0x00, 0x00, 0x00, 0x3c, 0x78, 0x38, 0x68, 0x2f, 0x00, 0x00, 0x00, 0x3c, 0x7f, 0x38, 0xc5, 0x2e, 0x00, 0x00, 0x00, 0x3c,
  0x94, 0x38, 0x32, 0x2e, 0x00, 0x00, 0x00, 0x3c, 0xb2, 0x38, 0xa5, 0x2d, 0x00, 0x00, 0x00, 0x3c, 0xd5, 0x38, 0x13, 0x2d, 0x00, 0x00, 0x00, 0x3c,
  0xfb, 0x38, 0x86, 0x2c, 0x00, 0x00, 0x00, 0x3c, 0x22, 0x39, 0xee, 0x2b, 0x00, 0x00, 0x00, 0x3c, 0x4d, 0x39, 0xff, 0x2a, 0x00, 0x00, 0x00, 0x3c,
  0x77, 0x39, 0x12, 0x2a, 0x00, 0x00, 0x00, 0x3c, 0x9f, 0x39, 0x28, 0x29, 0x00, 0x00, 0x00, 0x3c, 0xc7, 0x39, 0x5c, 0x28, 0x00, 0x00, 0x00, 0x3c,
  0xeb, 0x39, 0x3c, 0x27, 0x00, 0x00, 0x00, 0x3c, 0x0d, 0x3a, 0xe8, 0x25, 0x00, 0x00, 0x00, 0x3c, 0x31, 0x3a, 0xe7, 0x24, 0x00, 0x00, 0x00, 0x3c,
  0x54, 0x3a, 0xfc, 0x23, 0x00, 0x00, 0x00, 0x3c, 0x71, 0x3a, 0x49, 0x22, 0x00, 0x00, 0x00, 0x3c, 0x8a, 0x3a, 0xcf, 0x20, 0x00, 0x00, 0x00, 0x3c,
  0xa2, 0x3a, 0x64, 0x1f, 0x00, 0x00, 0x00, 0x3c, 0xb8, 0x3a, 0x94, 0x1d, 0x00, 0x00, 0x00, 0x3c, 0xc8, 0x3a, 0x1b, 0x1c, 0x00, 0x00, 0x00, 0x3c,
  0xd4, 0x3a, 0xdc, 0x19, 0x00, 0x00, 0x00, 0x3c, 0xeb, 0x3a, 0x03, 0x18, 0x00, 0x00, 0x00, 0x3c, 0xff, 0x3a, 0x33, 0x15, 0x00, 0x00, 0x00, 0x3c,
  0x14, 0x3b, 0xce, 0x12, 0x00, 0x00, 0x00, 0x3c, 0x29, 0x3b, 0x59, 0x10, 0x00, 0x00, 0x00, 0x3c, 0x3b, 0x3b, 0x0d, 0x0d, 0x00, 0x00, 0x00, 0x3c,
  0x4a, 0x3b, 0xff, 0x08, 0x00, 0x00, 0x00, 0x3c, 0x5c, 0x3b, 0x32, 0x05, 0x00, 0x00, 0x00, 0x3c, 0x6b, 0x3b, 0x1d, 0x02, 0x00, 0x00, 0x00, 0x3c,
  0x39, 0x39, 0x66, 0x30, 0x00, 0x00, 0x00, 0x3c, 0xe4, 0x38, 0xdb, 0x2f, 0x00, 0x00, 0x00, 0x3c, 0xb9, 0x38, 0x22, 0x2f, 0x00, 0x00, 0x00, 0x3c,
  0xa7, 0x38, 0x7c, 0x2e, 0x00, 0x00, 0x00, 0x3c, 0xa6, 0x38, 0xe5, 0x2d, 0x00, 0x00, 0x00, 0x3c, 0xb1, 0x38, 0x59, 0x2d, 0x00, 0x00, 0x00, 0x3c,
  0xc6, 0x38, 0xdf, 0x2c, 0x00, 0x00, 0x00, 0x3c, 0xe0, 0x38, 0x67, 0x2c, 0x00, 0x00, 0x00, 0x3c, 0xfe, 0x38, 0xde, 0x2b, 0x00, 0x00, 0x00, 0x3c,
  0x1f, 0x39, 0xfc, 0x2a, 0x00, 0x00, 0x00, 0x3c, 0x40, 0x39, 0x16, 0x2a, 0x00, 0x00, 0x00, 0x3c, 0x63, 0x39, 0x4e, 0x29, 0x00, 0x00, 0x00, 0x3c,
  0x87, 0x39, 0x99, 0x28, 0x00, 0x00, 0x00, 0x3c, 0xa9, 0x39, 0xcf, 0x27, 0x00, 0x00, 0x00, 0x3c, 0xc9, 0x39, 0x88, 0x26, 0x00, 0x00, 0x00, 0x3c,
  0xe9, 0x39, 0x72, 0x25, 0x00, 0x00, 0x00, 0x3c, 0x05, 0x3a, 0x6d, 0x24, 0x00, 0x00, 0x00, 0x3c, 0x1e, 0x3a, 0x19, 0x23, 0x00, 0x00, 0x00, 0x3c,
  0x39, 0x3a, 0xc5, 0x21, 0x00, 0x00, 0x00, 0x3c, 0x50, 0x3a, 0x97, 0x20, 0x00, 0x00, 0x00, 0x3c, 0x61, 0x3a, 0x11, 0x1f, 0x00, 0x00, 0x00, 0x3c,
  0x70, 0x3a, 0x49, 0x1d, 0x00, 0x00, 0x00, 0x3c, 0x8c, 0x3a, 0xea, 0x1b, 0x00, 0x00, 0x00, 0x3c, 0xa7, 0x3a, 0xe5, 0x19, 0x00, 0x00, 0x00, 0x3c,
  0xc0, 0x3a, 0x34, 0x18, 0x00, 0x00, 0x00, 0x3c, 0xd7, 0x3a, 0xc2, 0x15, 0x00, 0x00, 0x00, 0x3c, 0xeb, 0x3a, 0x57, 0x13, 0x00, 0x00, 0x00, 0x3c,
  0xfd, 0x3a, 0x69, 0x10, 0x00, 0x00, 0x00, 0x3c, 0x11, 0x3b, 0x84, 0x0d, 0x00, 0x00, 0x00, 0x3c, 0x25, 0x3b, 0xa5, 0x0a, 0x00, 0x00, 0x00, 0x3c,
  0x34, 0x3b, 0x5b, 0x06, 0x00, 0x00, 0x00, 0x3c, 0x41, 0x3b, 0x87, 0x02, 0x00, 0x00, 0x00, 0x3c, 0x61, 0x39, 0xb6, 0x2f, 0x00, 0x00, 0x00, 0x3c,
  0x13, 0x39, 0xe7, 0x2e, 0x00, 0x00, 0x00, 0x3c, 0xe7, 0x38, 0x40, 0x2e, 0x00, 0x00, 0x00, 0x3c, 0xd1, 0x38, 0xb0, 0x2d, 0x00, 0x00, 0x00, 0x3c,
  0xca, 0x38, 0x26, 0x2d, 0x00, 0x00, 0x00, 0x3c, 0xce, 0x38, 0xaa, 0x2c, 0x00, 0x00, 0x00, 0x3c, 0xda, 0x38, 0x38, 0x2c, 0x00, 0x00, 0x00, 0x3c,
  0xec, 0x38, 0xa9, 0x2b, 0x00, 0x00, 0x00, 0x3c, 0x03, 0x39, 0xdf, 0x2a, 0x00, 0x00, 0x00, 0x3c, 0x1c, 0x39, 0x19, 0x2a, 0x00, 0x00, 0x00, 0x3c,
  0x37, 0x39, 0x62, 0x29, 0x00, 0x00, 0x00, 0x3c, 0x52, 0x39, 0xad, 0x28, 0x00, 0x00, 0x00, 0x3c, 0x6d, 0x39, 0x06, 0x28, 0x00, 0x00, 0x00, 0x3c,
  0x8a, 0x39, 0xf0, 0x26, 0x00, 0x00, 0x00, 0x3c, 0xa5, 0x39, 0xe2, 0x25, 0x00, 0x00, 0x00, 0x3c, 0xbe, 0x39, 0xe3, 0x24, 0x00, 0x00, 0x00, 0x3c,
  0xd5, 0x39, 0x09, 0x24, 0x00, 0x00, 0x00, 0x3c, 0xea, 0x39, 0x9f, 0x22, 0x00, 0x00, 0x00, 0x3c, 0xf9, 0x39, 0x48, 0x21, 0x00, 0x00, 0x00, 0x3c,
  0x08, 0x3a, 0x25, 0x20, 0x00, 0x00, 0x00, 0x3c, 0x26, 0x3a, 0x9c, 0x1e, 0x00, 0x00, 0x00, 0x3c, 0x42, 0x3a, 0x1e, 0x1d, 0x00, 0x00, 0x00, 0x3c,
  0x5d, 0x3a, 0xb4, 0x1b, 0x00, 0x00, 0x00, 0x3c, 0x74, 0x3a, 0x8c, 0x19, 0x00, 0x00, 0x00, 0x3c, 0x8a, 0x3a, 0xf2, 0x17, 0x00, 0x00, 0x00, 0x3c,
  0xa4, 0x3a, 0xd7, 0x15, 0x00, 0x00, 0x00, 0x3c, 0xbb, 0x3a, 0x02, 0x14, 0x00, 0x00, 0x00, 0x3c, 0xcf, 0x3a, 0x3e, 0x11, 0x00, 0x00, 0x00, 0x3c,
  0xdf, 0x3a, 0x1e, 0x0e, 0x00, 0x00, 0x00, 0x3c, 0xeb, 0x3a, 0x95, 0x0a, 0x00, 0x00, 0x00, 0x3c, 0xff, 0x3a, 0x0f, 0x07, 0x00, 0x00, 0x00, 0x3c,
  0x14, 0x3b, 0x36, 0x03, 0x00, 0x00, 0x00, 0x3c, 0x81, 0x39, 0xc3, 0x2e, 0x00, 0x00, 0x00, 0x3c, 0x39, 0x39, 0x11, 0x2e, 0x00, 0x00, 0x00, 0x3c,
  0x0d, 0x39, 0x7b, 0x2d, 0x00, 0x00, 0x00, 0x3c, 0xf4, 0x38, 0xfe, 0x2c, 0x00, 0x00, 0x00, 0x3c, 0xe9, 0x38, 0x87, 0x2c, 0x00, 0x00, 0x00, 0x3c,
  0xe7, 0x38, 0x18, 0x2c, 0x00, 0x00, 0x00, 0x3c, 0xec, 0x38, 0x5f, 0x2b, 0x00, 0x00, 0x00, 0x3c, 0xf6, 0x38, 0x9f, 0x2a, 0x00, 0x00, 0x00, 0x3c,
  0x06, 0x39, 0xfb, 0x29, 0x00, 0x00, 0x00, 0x3c, 0x18, 0x39, 0x55, 0x29, 0x00, 0x00, 0x00, 0x3c, 0x2b, 0x39, 0xb4, 0x28, 0x00, 0x00, 0x00, 0x3c,
  0x40, 0x39, 0x20, 0x28, 0x00, 0x00, 0x00, 0x3c, 0x55, 0x39, 0x2a, 0x27, 0x00, 0x00, 0x00, 0x3c, 0x69, 0x39, 0x1e, 0x26, 0x00, 0x00, 0x00, 0x3c,
  0x7d, 0x39, 0x3c, 0x25, 0x00, 0x00, 0x00, 0x3c, 0x8f, 0x39, 0x6e, 0x24, 0x00, 0x00, 0x00, 0x3c, 0x9e, 0x39, 0x5e, 0x23, 0x00, 0x00, 0x00, 0x3c,
  0xa8, 0x39, 0xfe, 0x21, 0x00, 0x00, 0x00, 0x3c, 0xc3, 0x39, 0xd6, 0x20, 0x00, 0x00, 0x00, 0x3c, 0xdf, 0x39, 0xce, 0x1f, 0x00, 0x00, 0x00, 0x3c,
  0xf8, 0x39, 0x1c, 0x1e, 0x00, 0x00, 0x00, 0x3c, 0x10, 0x3a, 0xb3, 0x1c, 0x00, 0x00, 0x00, 0x3c, 0x2a, 0x3a, 0x5c, 0x1b, 0x00, 0x00, 0x00, 0x3c,
  0x41, 0x3a, 0x86, 0x19, 0x00, 0x00, 0x00, 0x3c, 0x56, 0x3a, 0xf1, 0x17, 0x00, 0x00, 0x00, 0x3c, 0x69, 0x3a, 0x8c, 0x15, 0x00, 0x00, 0x00, 0x3c,
  0x7c, 0x3a, 0xb0, 0x13, 0x00, 0x00, 0x00, 0x3c, 0x8e, 0x3a, 0x5a, 0x11, 0x00, 0x00, 0x00, 0x3c, 0xa4, 0x3a, 0xc3, 0x0e, 0x00, 0x00, 0x00, 0x3c,
  0xb8, 0x3a, 0xde, 0x0b, 0x00, 0x00, 0x00, 0x3c, 0xc7, 0x3a, 0x8f, 0x07, 0x00, 0x00, 0x00, 0x3c, 0xd4, 0x3a, 0xa3, 0x03, 0x00, 0x00, 0x00, 0x3c,
  0x98, 0x39, 0xef, 0x2d, 0x00, 0x00, 0x00, 0x3c, 0x56, 0x39, 0x56, 0x2d, 0x00, 0x00, 0x00, 0x3c, 0x2b, 0x39, 0xcf, 0x2c, 0x00, 0x00, 0x00, 0x3c,
  0x10, 0x39, 0x63, 0x2c, 0x00, 0x00, 0x00, 0x3c, 0x01, 0x39, 0xfa, 0x2b, 0x00, 0x00, 0x00, 0x3c, 0xfa, 0x38, 0x31, 0x2b, 0x00, 0x00, 0x00, 0x3c,
  0xf9, 0x38, 0x7b, 0x2a, 0x00, 0x00, 0x00, 0x3c, 0xfd, 0x38, 0xcc, 0x29, 0x00, 0x00, 0x00, 0x3c, 0x04, 0x39, 0x2a, 0x29, 0x00, 0x00, 0x00, 0x3c,
  0x10, 0x39, 0xa5, 0x28, 0x00, 0x00, 0x00, 0x3c, 0x1c, 0x39, 0x1d, 0x28, 0x00, 0x00, 0x00, 0x3c, 0x29, 0x39, 0x38, 0x27, 0x00, 0x00, 0x00, 0x3c,
  0x37, 0x39, 0x4a, 0x26, 0x00, 0x00, 0x00, 0x3c, 0x44, 0x39, 0x77, 0x25, 0x00, 0x00, 0x00, 0x3c, 0x4f, 0x39, 0xa3, 0x24, 0x00, 0x00, 0x00, 0x3c,
  0x56, 0x39, 0xdc, 0x23, 0x00, 0x00, 0x00, 0x3c, 0x69, 0x39, 0xa6, 0x22, 0x00, 0x00, 0x00, 0x3c, 0x83, 0x39, 0x87, 0x21, 0x00, 0x00, 0x00, 0x3c,
  0x9c, 0x39, 0x80, 0x20, 0x00, 0x00, 0x00, 0x3c, 0xb2, 0x39, 0x33, 0x1f, 0x00, 0x00, 0x00, 0x3c, 0xc9, 0x39, 0xb5, 0x1d, 0x00, 0x00, 0x00, 0x3c,
  0xde, 0x39, 0x7a, 0x1c, 0x00, 0x00, 0x00, 0x3c, 0xf2, 0x39, 0xce, 0x1a, 0x00, 0x00, 0x00, 0x3c, 0x04, 0x3a, 0x17, 0x19, 0x00, 0x00, 0x00, 0x3c,
  0x18, 0x3a, 0xcb, 0x17, 0x00, 0x00, 0x00, 0x3c, 0x29, 0x3a, 0x91, 0x15, 0x00, 0x00, 0x00, 0x3c, 0x3d, 0x3a, 0xa3, 0x13, 0x00, 0x00, 0x00, 0x3c,
  0x50, 0x3a, 0x0a, 0x11, 0x00, 0x00, 0x00, 0x3c, 0x63, 0x3a, 0xdc, 0x0e, 0x00, 0x00, 0x00, 0x3c, 0x75, 0x3a, 0x4b, 0x0c, 0x00, 0x00, 0x00, 0x3c,
  0x83, 0x3a, 0xab, 0x08, 0x00, 0x00, 0x00, 0x3c, 0x8d, 0x3a, 0x96, 0x03, 0x00, 0x00, 0x00, 0x3c, 0xa7, 0x39, 0x36, 0x2d, 0x00, 0x00, 0x00, 0x3c,
  0x6b, 0x39, 0xb2, 0x2c, 0x00, 0x00, 0x00, 0x3c, 0x41, 0x39, 0x3c, 0x2c, 0x00, 0x00, 0x00, 0x3c, 0x25, 0x39, 0xb6, 0x2b, 0x00, 0x00, 0x00, 0x3c,
  0x13, 0x39, 0x07, 0x2b, 0x00, 0x00, 0x00, 0x3c, 0x07, 0x39, 0x57, 0x2a, 0x00, 0x00, 0x00, 0x3c, 0x02, 0x39, 0xb4, 0x29, 0x00, 0x00, 0x00, 0x3c,
  0x00, 0x39, 0x1b, 0x29, 0x00, 0x00, 0x00, 0x3c, 0x01, 0x39, 0x8a, 0x28, 0x00, 0x00, 0x00, 0x3c, 0x04, 0x39, 0x05, 0x28, 0x00, 0x00, 0x00, 0x3c,
  0x09, 0x39, 0x2b, 0x27, 0x00, 0x00, 0x00, 0x3c, 0x0f, 0x39, 0x4f, 0x26, 0x00, 0x00, 0x00, 0x3c, 0x14, 0x39, 0x83, 0x25, 0x00, 0x00, 0x00, 0x3c,
  0x18, 0x39, 0xc6, 0x24, 0x00, 0x00, 0x00, 0x3c, 0x1a, 0x39, 0x23, 0x24, 0x00, 0x00, 0x00, 0x3c, 0x30, 0x39, 0x0a, 0x23, 0x00, 0x00, 0x00, 0x3c,
  0x45, 0x39, 0xe8, 0x21, 0x00, 0x00, 0x00, 0x3c, 0x5b, 0x39, 0xf8, 0x20, 0x00, 0x00, 0x00, 0x3c, 0x70, 0x39, 0x1e, 0x20, 0x00, 0x00, 0x00, 0x3c,
  0x84, 0x39, 0xb7, 0x1e, 0x00, 0x00, 0x00, 0x3c, 0x96, 0x39, 0x5b, 0x1d, 0x00, 0x00, 0x00, 0x3c, 0xa8, 0x39, 0x38, 0x1c, 0x00, 0x00, 0x00, 0x3c,
  0xb7, 0x39, 0x8a, 0x1a, 0x00, 0x00, 0x00, 0x3c, 0xc8, 0x39, 0xf5, 0x18, 0x00, 0x00, 0x00, 0x3c, 0xda, 0x39, 0x56, 0x17, 0x00, 0x00, 0x00, 0x3c,
  0xec, 0x39, 0x5d, 0x15, 0x00, 0x00, 0x00, 0x3c, 0xfe, 0x39, 0xce, 0x13, 0x00, 0x00, 0x00, 0x3c, 0x0b, 0x3a, 0x25, 0x11, 0x00, 0x00, 0x00, 0x3c,
  0x14, 0x3a, 0x45, 0x0e, 0x00, 0x00, 0x00, 0x3c, 0x22, 0x3a, 0xc0, 0x0b, 0x00, 0x00, 0x00, 0x3c, 0x32, 0x3a, 0xae, 0x08, 0x00, 0x00, 0x00, 0x3c,
  0x4b, 0x3a, 0x4f, 0x04, 0x00, 0x00, 0x00, 0x3c, 0xae, 0x39, 0x96, 0x2c, 0x00, 0x00, 0x00, 0x3c, 0x77, 0x39, 0x23, 0x2c, 0x00, 0x00, 0x00, 0x3c,
  0x4f, 0x39, 0x79, 0x2b, 0x00, 0x00, 0x00, 0x3c, 0x32, 0x39, 0xc9, 0x2a, 0x00, 0x00, 0x00, 0x3c, 0x1d, 0x39, 0x30, 0x2a, 0x00, 0x00, 0x00, 0x3c,
  0x0e, 0x39, 0x9b, 0x29, 0x00, 0x00, 0x00, 0x3c, 0x03, 0x39, 0x06, 0x29, 0x00, 0x00, 0x00, 0x3c, 0xfd, 0x38, 0x81, 0x28, 0x00, 0x00, 0x00, 0x3c,
  0xf8, 0x38, 0x04, 0x28, 0x00, 0x00, 0x00, 0x3c, 0xf4, 0x38, 0x18, 0x27, 0x00, 0x00, 0x00, 0x3c, 0xf1, 0x38, 0x3e, 0x26, 0x00, 0x00, 0x00, 0x3c,
  0xef, 0x38, 0x84, 0x25, 0x00, 0x00, 0x00, 0x3c, 0xec, 0x38, 0xd5, 0x24, 0x00, 0x00, 0x00, 0x3c, 0xec, 0x38, 0x2c, 0x24, 0x00, 0x00, 0x00, 0x3c,
  0xfd, 0x38, 0x31, 0x23, 0x00, 0x00, 0x00, 0x3c, 0x0e, 0x39, 0x2c, 0x22, 0x00, 0x00, 0x00, 0x3c, 0x1f, 0x39, 0x47, 0x21, 0x00, 0x00, 0x00, 0x3c,
  0x2f, 0x39, 0x66, 0x20, 0x00, 0x00, 0x00, 0x3c, 0x3f, 0x39, 0x58, 0x1f, 0x00, 0x00, 0x00, 0x3c, 0x4f, 0x39, 0x1d, 0x1e, 0x00, 0x00, 0x00, 0x3c,
  0x5c, 0x39, 0xf1, 0x1c, 0x00, 0x00, 0x00, 0x3c, 0x6b, 0x39, 0xdb, 0x1b, 0x00, 0x00, 0x00, 0x3c, 0x7c, 0x39, 0x28, 0x1a, 0x00, 0x00, 0x00, 0x3c,
  0x8c, 0x39, 0xc0, 0x18, 0x00, 0x00, 0x00, 0x3c, 0x9a, 0x39, 0x26, 0x17, 0x00, 0x00, 0x00, 0x3c, 0xa6, 0x39, 0x2a, 0x15, 0x00, 0x00, 0x00, 0x3c,
  0xb1, 0x39, 0x51, 0x13, 0x00, 0x00, 0x00, 0x3c, 0xbd, 0x39, 0x36, 0x11, 0x00, 0x00, 0x00, 0x3c, 0xcd, 0x39, 0xe4, 0x0e, 0x00, 0x00, 0x00, 0x3c,
  0xda, 0x39, 0xc6, 0x0b, 0x00, 0x00, 0x00, 0x3c, 0xed, 0x39, 0x55, 0x08, 0x00, 0x00, 0x00, 0x3c, 0xfe, 0x39, 0x61, 0x04, 0x00, 0x00, 0x00, 0x3c,
  0xae, 0x39, 0x0a, 0x2c, 0x00, 0x00, 0x00, 0x3c, 0x7c, 0x39, 0x4b, 0x2b, 0x00, 0x00, 0x00, 0x3c, 0x55, 0x39, 0x99, 0x2a, 0x00, 0x00, 0x00, 0x3c,
  0x37, 0x39, 0xfa, 0x29, 0x00, 0x00, 0x00, 0x3c, 0x20, 0x39, 0x71, 0x29, 0x00, 0x00, 0x00, 0x3c, 0x0e, 0x39, 0xf2, 0x28, 0x00, 0x00, 0x00, 0x3c,
  0xff, 0x38, 0x73, 0x28, 0x00, 0x00, 0x00, 0x3c, 0xf3, 0x38, 0xf1, 0x27, 0x00, 0x00, 0x00, 0x3c, 0xe9, 0x38, 0x19, 0x27, 0x00, 0x00, 0x00, 0x3c,
  0xe0, 0x38, 0x4b, 0x26, 0x00, 0x00, 0x00, 0x3c, 0xd6, 0x38, 0x88, 0x25, 0x00, 0x00, 0x00, 0x3c, 0xcc, 0x38, 0xd9, 0x24, 0x00, 0x00, 0x00, 0x3c,
  0xc9, 0x38, 0x3f, 0x24, 0x00, 0x00, 0x00, 0x3c, 0xd4, 0x38, 0x5e, 0x23, 0x00, 0x00, 0x00, 0x3c, 0xe0, 0x38, 0x53, 0x22, 0x00, 0x00, 0x00, 0x3c,
  0xeb, 0x38, 0x67, 0x21, 0x00, 0x00, 0x00, 0x3c, 0xf5, 0x38, 0x95, 0x20, 0x00, 0x00, 0x00, 0x3c, 0x00, 0x39, 0xc6, 0x1f, 0x00, 0x00, 0x00, 0x3c,
  0x0a, 0x39, 0x7a, 0x1e, 0x00, 0x00, 0x00, 0x3c, 0x14, 0x39, 0x56, 0x1d, 0x00, 0x00, 0x00, 0x3c, 0x22, 0x39, 0x6d, 0x1c, 0x00, 0x00, 0x00, 0x3c,
  0x30, 0x39, 0x34, 0x1b, 0x00, 0x00, 0x00, 0x3c, 0x3c, 0x39, 0xac, 0x19, 0x00, 0x00, 0x00, 0x3c, 0x45, 0x39, 0x59, 0x18, 0x00, 0x00, 0x00, 0x3c,
  0x50, 0x39, 0xaf, 0x16, 0x00, 0x00, 0x00, 0x3c, 0x5c, 0x39, 0x01, 0x15, 0x00, 0x00, 0x00, 0x3c, 0x6a, 0x39, 0x2c, 0x13, 0x00, 0x00, 0x00, 0x3c,
  0x76, 0x39, 0xf0, 0x10, 0x00, 0x00, 0x00, 0x3c, 0x86, 0x39, 0xbb, 0x0e, 0x00, 0x00, 0x00, 0x3c, 0x99, 0x39, 0x6a, 0x0c, 0x00, 0x00, 0x00, 0x3c,
  0xa4, 0x39, 0x9e, 0x08, 0x00, 0x00, 0x00, 0x3c, 0xa9, 0x39, 0x61, 0x04, 0x00, 0x00, 0x00, 0x3c, 0xa8, 0x39, 0x20, 0x2b, 0x00, 0x00, 0x00, 0x3c,
  0x7a, 0x39, 0x73, 0x2a, 0x00, 0x00, 0x00, 0x3c, 0x54, 0x39, 0xd6, 0x29, 0x00, 0x00, 0x00, 0x3c, 0x36, 0x39, 0x47, 0x29, 0x00, 0x00, 0x00, 0x3c,
  0x1d, 0x39, 0xca, 0x28, 0x00, 0x00, 0x00, 0x3c, 0x07, 0x39, 0x5c, 0x28, 0x00, 0x00, 0x00, 0x3c, 0xf5, 0x38, 0xe0, 0x27, 0x00, 0x00, 0x00, 0x3c,
  0xe5, 0x38, 0x07, 0x27, 0x00, 0x00, 0x00, 0x3c, 0xd5, 0x38, 0x42, 0x26, 0x00, 0x00, 0x00, 0x3c, 0xc6, 0x38, 0x91, 0x25, 0x00, 0x00, 0x00, 0x3c,
  0xb6, 0x38, 0xe9, 0x24, 0x00, 0x00, 0x00, 0x3c, 0xae, 0x38, 0x4b, 0x24, 0x00, 0x00, 0x00, 0x3c, 0xb4, 0x38, 0x80, 0x23, 0x00, 0x00, 0x00, 0x3c,
  0xba, 0x38, 0x89, 0x22, 0x00, 0x00, 0x00, 0x3c, 0xc0, 0x38, 0xa5, 0x21, 0x00, 0x00, 0x00, 0x3c, 0xc5, 0x38, 0xc7, 0x20, 0x00, 0x00, 0x00, 0x3c,
  0xca, 0x38, 0x0a, 0x20, 0x00, 0x00, 0x00, 0x3c, 0xcd, 0x38, 0xc1, 0x1e, 0x00, 0x00, 0x00, 0x3c, 0xd6, 0x38, 0xa7, 0x1d, 0x00, 0x00, 0x00, 0x3c,
  0xdf, 0x38, 0xb3, 0x1c, 0x00, 0x00, 0x00, 0x3c, 0xe6, 0x38, 0xa6, 0x1b, 0x00, 0x00, 0x00, 0x3c, 0xef, 0x38, 0x40, 0x1a, 0x00, 0x00, 0x00, 0x3c,
  0xf8, 0x38, 0x16, 0x19, 0x00, 0x00, 0x00, 0x3c, 0x01, 0x39, 0x03, 0x18, 0x00, 0x00, 0x00, 0x3c, 0x0c, 0x39, 0x1a, 0x16, 0x00, 0x00, 0x00, 0x3c,
  0x17, 0x39, 0x8e, 0x14, 0x00, 0x00, 0x00, 0x3c, 0x21, 0x39, 0xc4, 0x12, 0x00, 0x00, 0x00, 0x3c, 0x30, 0x39, 0xd4, 0x10, 0x00, 0x00, 0x00, 0x3c,
  0x3c, 0x39, 0x5e, 0x0e, 0x00, 0x00, 0x00, 0x3c, 0x48, 0x39, 0x1a, 0x0c, 0x00, 0x00, 0x00, 0x3c, 0x52, 0x39, 0x1e, 0x09, 0x00, 0x00, 0x00, 0x3c,
  0x59, 0x39, 0x8d, 0x04, 0x00, 0x00, 0x00, 0x3c, 0x9c, 0x39, 0x4d, 0x2a, 0x00, 0x00, 0x00, 0x3c, 0x71, 0x39, 0xb6, 0x29, 0x00, 0x00, 0x00, 0x3c,
  0x4d, 0x39, 0x2b, 0x29, 0x00, 0x00, 0x00, 0x3c, 0x2e, 0x39, 0xab, 0x28, 0x00, 0x00, 0x00, 0x3c, 0x13, 0x39, 0x39, 0x28, 0x00, 0x00, 0x00, 0x3c,
  0xfb, 0x38, 0xab, 0x27, 0x00, 0x00, 0x00, 0x3c, 0xe5, 0x38, 0xf4, 0x26, 0x00, 0x00, 0x00, 0x3c, 0xd1, 0x38, 0x3d, 0x26, 0x00, 0x00, 0x00, 0x3c,
  0xbc, 0x38, 0x86, 0x25, 0x00, 0x00, 0x00, 0x3c, 0xa8, 0x38, 0xe8, 0x24, 0x00, 0x00, 0x00, 0x3c, 0x98, 0x38, 0x57, 0x24, 0x00, 0x00, 0x00, 0x3c,
  0x9a, 0x38, 0xa0, 0x23, 0x00, 0x00, 0x00, 0x3c, 0x9b, 0x38, 0x9f, 0x22, 0x00, 0x00, 0x00, 0x3c, 0x9c, 0x38, 0xc3, 0x21, 0x00, 0x00, 0x00, 0x3c,
  0x9d, 0x38, 0xfe, 0x20, 0x00, 0x00, 0x00, 0x3c, 0x9d, 0x38, 0x48, 0x20, 0x00, 0x00, 0x00, 0x3c, 0x9e, 0x38, 0x39, 0x1f, 0x00, 0x00, 0x00, 0x3c,
  0xa2, 0x38, 0x06, 0x1e, 0x00, 0x00, 0x00, 0x3c, 0xa6, 0x38, 0xfb, 0x1c, 0x00, 0x00, 0x00, 0x3c, 0xa9, 0x38, 0x1a, 0x1c, 0x00, 0x00, 0x00, 0x3c,
  0xae, 0x38, 0xb7, 0x1a, 0x00, 0x00, 0x00, 0x3c, 0xb2, 0x38, 0x69, 0x19, 0x00, 0x00, 0x00, 0x3c, 0xb9, 0x38, 0x58, 0x18, 0x00, 0x00, 0x00, 0x3c,
  0xc2, 0x38, 0x18, 0x17, 0x00, 0x00, 0x00, 0x3c, 0xca, 0x38, 0x91, 0x15, 0x00, 0x00, 0x00, 0x3c, 0xd3, 0x38, 0x38, 0x14, 0x00, 0x00, 0x00, 0x3c,
  0xde, 0x38, 0x38, 0x12, 0x00, 0x00, 0x00, 0x3c, 0xe8, 0x38, 0x83, 0x10, 0x00, 0x00, 0x00, 0x3c, 0xf0, 0x38, 0x38, 0x0e, 0x00, 0x00, 0x00, 0x3c,
  0xf3, 0x38, 0xd5, 0x0b, 0x00, 0x00, 0x00, 0x3c, 0xf8, 0x38, 0x8f, 0x08, 0x00, 0x00, 0x00, 0x3c, 0x05, 0x39, 0xe3, 0x04, 0x00, 0x00, 0x00, 0x3c,
  0x8b, 0x39, 0x94, 0x29, 0x00, 0x00, 0x00, 0x3c, 0x63, 0x39, 0x10, 0x29, 0x00, 0x00, 0x00, 0x3c, 0x41, 0x39, 0x95, 0x28, 0x00, 0x00, 0x00, 0x3c,
  0x21, 0x39, 0x22, 0x28, 0x00, 0x00, 0x00, 0x3c, 0x04, 0x39, 0x75, 0x27, 0x00, 0x00, 0x00, 0x3c, 0xea, 0x38, 0xbf, 0x26, 0x00, 0x00, 0x00, 0x3c,
  0xd1, 0x38, 0x1f, 0x26, 0x00, 0x00, 0x00, 0x3c, 0xb8, 0x38, 0x83, 0x25, 0x00, 0x00, 0x00, 0x3c, 0x9f, 0x38, 0xe8, 0x24, 0x00, 0x00, 0x00, 0x3c,
  0x86, 0x38, 0x52, 0x24, 0x00, 0x00, 0x00, 0x3c, 0x84, 0x38, 0xa1, 0x23, 0x00, 0x00, 0x00, 0x3c, 0x81, 0x38, 0xb6, 0x22, 0x00, 0x00, 0x00, 0x3c,
  0x7e, 0x38, 0xdd, 0x21, 0x00, 0x00, 0x00, 0x3c, 0x7a, 0x38, 0x0d, 0x21, 0x00, 0x00, 0x00, 0x3c, 0x76, 0x38, 0x5f, 0x20, 0x00, 0x00, 0x00, 0x3c,
  0x74, 0x38, 0x83, 0x1f, 0x00, 0x00, 0x00, 0x3c, 0x75, 0x38, 0x69, 0x1e, 0x00, 0x00, 0x00, 0x3c, 0x76, 0x38, 0x64, 0x1d, 0x00, 0x00, 0x00, 0x3c,
  0x77, 0x38, 0x77, 0x1c, 0x00, 0x00, 0x00, 0x3c, 0x78, 0x38, 0x62, 0x1b, 0x00, 0x00, 0x00, 0x3c, 0x7a, 0x38, 0x0a, 0x1a, 0x00, 0x00, 0x00, 0x3c,
  0x7e, 0x38, 0xe0, 0x18, 0x00, 0x00, 0x00, 0x3c, 0x81, 0x38, 0xaf, 0x17, 0x00, 0x00, 0x00, 0x3c, 0x83, 0x38, 0x09, 0x16, 0x00, 0x00, 0x00, 0x3c,
  0x8b, 0x38, 0xdb, 0x14, 0x00, 0x00, 0x00, 0x3c, 0x93, 0x38, 0xb7, 0x13, 0x00, 0x00, 0x00, 0x3c, 0x98, 0x38, 0xbc, 0x11, 0x00, 0x00, 0x00, 0x3c,
  0x9b, 0x38, 0x0d, 0x10, 0x00, 0x00, 0x00, 0x3c, 0x9d, 0x38, 0xcb, 0x0d, 0x00, 0x00, 0x00, 0x3c, 0xa0, 0x38, 0x8b, 0x0b, 0x00, 0x00, 0x00, 0x3c,
  0xa7, 0x38, 0x63, 0x08, 0x00, 0x00, 0x00, 0x3c, 0xab, 0x38, 0x77, 0x04, 0x00, 0x00, 0x00, 0x3c, 0x76, 0x39, 0xf3, 0x28, 0x00, 0x00, 0x00, 0x3c,
  0x51, 0x39, 0x7e, 0x28, 0x00, 0x00, 0x00, 0x3c, 0x2f, 0x39, 0x12, 0x28, 0x00, 0x00, 0x00, 0x3c, 0x0f, 0x39, 0x54, 0x27, 0x00, 0x00, 0x00, 0x3c,
  0xf1, 0x38, 0x99, 0x26, 0x00, 0x00, 0x00, 0x3c, 0xd4, 0x38, 0xf1, 0x25, 0x00, 0x00, 0x00, 0x3c, 0xb7, 0x38, 0x5f, 0x25, 0x00, 0x00, 0x00, 0x3c,
  0x9c, 0x38, 0xd9, 0x24, 0x00, 0x00, 0x00, 0x3c, 0x7f, 0x38, 0x56, 0x24, 0x00, 0x00, 0x00, 0x3c, 0x73, 0x38, 0xa7, 0x23, 0x00, 0x00, 0x00, 0x3c,
  0x6c, 0x38, 0xb2, 0x22, 0x00, 0x00, 0x00, 0x3c, 0x65, 0x38, 0xde, 0x21, 0x00, 0x00, 0x00, 0x3c, 0x5d, 0x38, 0x1d, 0x21, 0x00, 0x00, 0x00, 0x3c,
  0x55, 0x38, 0x70, 0x20, 0x00, 0x00, 0x00, 0x3c, 0x50, 0x38, 0x97, 0x1f, 0x00, 0x00, 0x00, 0x3c, 0x4e, 0x38, 0x89, 0x1e, 0x00, 0x00, 0x00, 0x3c,
  0x4c, 0x38, 0x9a, 0x1d, 0x00, 0x00, 0x00, 0x3c, 0x4b, 0x38, 0xcb, 0x1c, 0x00, 0x00, 0x00, 0x3c, 0x49, 0x38, 0x03, 0x1c, 0x00, 0x00, 0x00, 0x3c,
  0x49, 0x38, 0x9e, 0x1a, 0x00, 0x00, 0x00, 0x3c, 0x4a, 0x38, 0x79, 0x19, 0x00, 0x00, 0x00, 0x3c, 0x4a, 0x38, 0x74, 0x18, 0x00, 0x00, 0x00, 0x3c,
  0x4a, 0x38, 0x27, 0x17, 0x00, 0x00, 0x00, 0x3c, 0x4d, 0x38, 0x92, 0x15, 0x00, 0x00, 0x00, 0x3c, 0x4e, 0x38, 0x3d, 0x14, 0x00, 0x00, 0x00, 0x3c,
  0x4e, 0x38, 0x72, 0x12, 0x00, 0x00, 0x00, 0x3c, 0x4f, 0x38, 0x15, 0x11, 0x00, 0x00, 0x00, 0x3c, 0x4f, 0x38, 0x86, 0x0f, 0x00, 0x00, 0x00, 0x3c,
  0x4f, 0x38, 0x2a, 0x0d, 0x00, 0x00, 0x00, 0x3c, 0x55, 0x38, 0x48, 0x0b, 0x00, 0x00, 0x00, 0x3c, 0x55, 0x38, 0x68, 0x08, 0x00, 0x00, 0x00, 0x3c,
  0x5b, 0x38, 0x6f, 0x04, 0x00, 0x00, 0x00, 0x3c, 0x5e, 0x39, 0x66, 0x28, 0x00, 0x00, 0x00, 0x3c, 0x3a, 0x39, 0xfe, 0x27, 0x00, 0x00, 0x00, 0x3c,
  0x19, 0x39, 0x3d, 0x27, 0x00, 0x00, 0x00, 0x3c, 0xf8, 0x38, 0x83, 0x26, 0x00, 0x00, 0x00, 0x3c, 0xd9, 0x38, 0xd8, 0x25, 0x00, 0x00, 0x00, 0x3c,
  0xba, 0x38, 0x3e, 0x25, 0x00, 0x00, 0x00, 0x3c, 0x9b, 0x38, 0xb6, 0x24, 0x00, 0x00, 0x00, 0x3c, 0x7c, 0x38, 0x3e, 0x24, 0x00, 0x00, 0x00, 0x3c,
  0x64, 0x38, 0x9b, 0x23, 0x00, 0x00, 0x00, 0x3c, 0x5b, 0x38, 0xbd, 0x22, 0x00, 0x00, 0x00, 0x3c, 0x50, 0x38, 0xe4, 0x21, 0x00, 0x00, 0x00, 0x3c,
  0x45, 0x38, 0x1d, 0x21, 0x00, 0x00, 0x00, 0x3c, 0x39, 0x38, 0x6e, 0x20, 0x00, 0x00, 0x00, 0x3c, 0x31, 0x38, 0xa7, 0x1f, 0x00, 0x00, 0x00, 0x3c,
  0x2c, 0x38, 0xa0, 0x1e, 0x00, 0x00, 0x00, 0x3c, 0x27, 0x38, 0xae, 0x1d, 0x00, 0x00, 0x00, 0x3c, 0x23, 0x38, 0xe0, 0x1c, 0x00, 0x00, 0x00, 0x3c,
  0x1e, 0x38, 0x32, 0x1c, 0x00, 0x00, 0x00, 0x3c, 0x1d, 0x38, 0x2a, 0x1b, 0x00, 0x00, 0x00, 0x3c, 0x1b, 0x38, 0x01, 0x1a, 0x00, 0x00, 0x00, 0x3c,
  0x17, 0x38, 0xe9, 0x18, 0x00, 0x00, 0x00, 0x3c, 0x16, 0x38, 0x07, 0x18, 0x00, 0x00, 0x00, 0x3c, 0x16, 0x38, 0x8c, 0x16, 0x00, 0x00, 0x00, 0x3c,
  0x15, 0x38, 0x36, 0x15, 0x00, 0x00, 0x00, 0x3c, 0x12, 0x38, 0x0d, 0x14, 0x00, 0x00, 0x00, 0x3c, 0x0e, 0x38, 0xfd, 0x11, 0x00, 0x00, 0x00, 0x3c,
  0x08, 0x38, 0x75, 0x10, 0x00, 0x00, 0x00, 0x3c, 0x06, 0x38, 0xc8, 0x0e, 0x00, 0x00, 0x00, 0x3c, 0x06, 0x38, 0xbe, 0x0c, 0x00, 0x00, 0x00, 0x3c,
  0x02, 0x38, 0x1c, 0x0a, 0x00, 0x00, 0x00, 0x3c, 0x09, 0x38, 0x2f, 0x08, 0x00, 0x00, 0x00, 0x3c, 0x08, 0x38, 0x75, 0x04, 0x00, 0x00, 0x00, 0x3c,
  0x42, 0x39, 0xd6, 0x27, 0x00, 0x00, 0x00, 0x3c, 0x20, 0x39, 0x1d, 0x27, 0x00, 0x00, 0x00, 0x3c, 0xff, 0x38, 0x71, 0x26, 0x00, 0x00, 0x00, 0x3c,
  0xde, 0x38, 0xca, 0x25, 0x00, 0x00, 0x00, 0x3c, 0xbe, 0x38, 0x2f, 0x25, 0x00, 0x00, 0x00, 0x3c, 0x9d, 0x38, 0xa0, 0x24, 0x00, 0x00, 0x00, 0x3c,
  0x7c, 0x38, 0x22, 0x24, 0x00, 0x00, 0x00, 0x3c, 0x5a, 0x38, 0x68, 0x23, 0x00, 0x00, 0x00, 0x3c, 0x4c, 0x38, 0xa0, 0x22, 0x00, 0x00, 0x00, 0x3c,
  0x3f, 0x38, 0xe1, 0x21, 0x00, 0x00, 0x00, 0x3c, 0x31, 0x38, 0x26, 0x21, 0x00, 0x00, 0x00, 0x3c, 0x22, 0x38, 0x71, 0x20, 0x00, 0x00, 0x00, 0x3c,
  0x17, 0x38, 0xae, 0x1f, 0x00, 0x00, 0x00, 0x3c, 0x0f, 0x38, 0xa3, 0x1e, 0x00, 0x00, 0x00, 0x3c, 0x08, 0x38, 0xbf, 0x1d, 0x00, 0x00, 0x00, 0x3c,
  0x01, 0x38, 0xfe, 0x1c, 0x00, 0x00, 0x00, 0x3c, 0xf2, 0x37, 0x46, 0x1c, 0x00, 0x00, 0x00, 0x3c, 0xe9, 0x37, 0x4d, 0x1b, 0x00, 0x00, 0x00, 0x3c,
  0xdf, 0x37, 0x43, 0x1a, 0x00, 0x00, 0x00, 0x3c, 0xd2, 0x37, 0x51, 0x19, 0x00, 0x00, 0x00, 0x3c, 0xcb, 0x37, 0x73, 0x18, 0x00, 0x00, 0x00, 0x3c,
  0xc4, 0x37, 0x3a, 0x17, 0x00, 0x00, 0x00, 0x3c, 0xbb, 0x37, 0xd1, 0x15, 0x00, 0x00, 0x00, 0x3c, 0xb4, 0x37, 0xbb, 0x14, 0x00, 0x00, 0x00, 0x3c,
  0xa8, 0x37, 0x89, 0x13, 0x00, 0x00, 0x00, 0x3c, 0x99, 0x37, 0xd9, 0x11, 0x00, 0x00, 0x00, 0x3c, 0x8e, 0x37, 0x43, 0x10, 0x00, 0x00, 0x00, 0x3c,
  0x85, 0x37, 0x1e, 0x0e, 0x00, 0x00, 0x00, 0x3c, 0x7e, 0x37, 0x89, 0x0c, 0x00, 0x00, 0x00, 0x3c, 0x80, 0x37, 0x1f, 0x0a, 0x00, 0x00, 0x00, 0x3c,
  0x74, 0x37, 0x1b, 0x07, 0x00, 0x00, 0x00, 0x3c, 0x6f, 0x37, 0x46, 0x04, 0x00, 0x00, 0x00, 0x3c, 0x24, 0x39, 0xfd, 0x26, 0x00, 0x00, 0x00, 0x3c,
  0x03, 0x39, 0x58, 0x26, 0x00, 0x00, 0x00, 0x3c, 0xe2, 0x38, 0xbe, 0x25, 0x00, 0x00, 0x00, 0x3c, 0xc1, 0x38, 0x28, 0x25, 0x00, 0x00, 0x00, 0x3c,
  0x9f, 0x38, 0x98, 0x24, 0x00, 0x00, 0x00, 0x3c, 0x7d, 0x38, 0x18, 0x24, 0x00, 0x00, 0x00, 0x3c, 0x5a, 0x38, 0x43, 0x23, 0x00, 0x00, 0x00, 0x3c,
  0x3f, 0x38, 0x74, 0x22, 0x00, 0x00, 0x00, 0x3c, 0x30, 0x38, 0xc1, 0x21, 0x00, 0x00, 0x00, 0x3c, 0x20, 0x38, 0x17, 0x21, 0x00, 0x00, 0x00, 0x3c,
  0x0e, 0x38, 0x72, 0x20, 0x00, 0x00, 0x00, 0x3c, 0x01, 0x38, 0xbf, 0x1f, 0x00, 0x00, 0x00, 0x3c, 0xed, 0x37, 0xb8, 0x1e, 0x00, 0x00, 0x00, 0x3c,
  0xda, 0x37, 0xd9, 0x1d, 0x00, 0x00, 0x00, 0x3c, 0xc5, 0x37, 0x0b, 0x1d, 0x00, 0x00, 0x00, 0x3c, 0xb1, 0x37, 0x54, 0x1c, 0x00, 0x00, 0x00, 0x3c,
  0xa1, 0x37, 0x75, 0x1b, 0x00, 0x00, 0x00, 0x3c, 0x90, 0x37, 0x5b, 0x1a, 0x00, 0x00, 0x00, 0x3c, 0x7d, 0x37, 0x6a, 0x19, 0x00, 0x00, 0x00, 0x3c,
  0x72, 0x37, 0x9b, 0x18, 0x00, 0x00, 0x00, 0x3c, 0x66, 0x37, 0xd8, 0x17, 0x00, 0x00, 0x00, 0x3c, 0x5b, 0x37, 0x8e, 0x16, 0x00, 0x00, 0x00, 0x3c,
  0x4c, 0x37, 0x55, 0x15, 0x00, 0x00, 0x00, 0x3c, 0x39, 0x37, 0x34, 0x14, 0x00, 0x00, 0x00, 0x3c, 0x25, 0x37, 0xc4, 0x12, 0x00, 0x00, 0x00, 0x3c,
  0x19, 0x37, 0x66, 0x11, 0x00, 0x00, 0x00, 0x3c, 0x0e, 0x37, 0x23, 0x10, 0x00, 0x00, 0x00, 0x3c, 0x01, 0x37, 0xee, 0x0d, 0x00, 0x00, 0x00, 0x3c,
  0xfa, 0x36, 0x12, 0x0c, 0x00, 0x00, 0x00, 0x3c, 0xf1, 0x36, 0xd9, 0x09, 0x00, 0x00, 0x00, 0x3c, 0xde, 0x36, 0x38, 0x07, 0x00, 0x00, 0x00, 0x3c,
  0xd1, 0x36, 0xc4, 0x03, 0x00, 0x00, 0x00, 0x3c, 0x04, 0x39, 0x3f, 0x26, 0x00, 0x00, 0x00, 0x3c, 0xe3, 0x38, 0xaa, 0x25, 0x00, 0x00, 0x00, 0x3c,
  0xc2, 0x38, 0x1f, 0x25, 0x00, 0x00, 0x00, 0x3c, 0xa1, 0x38, 0x97, 0x24, 0x00, 0x00, 0x00, 0x3c, 0x7e, 0x38, 0x15, 0x24, 0x00, 0x00, 0x00, 0x3c,
  0x5b, 0x38, 0x3e, 0x23, 0x00, 0x00, 0x00, 0x3c, 0x36, 0x38, 0x65, 0x22, 0x00, 0x00, 0x00, 0x3c, 0x23, 0x38, 0xa1, 0x21, 0x00, 0x00, 0x00, 0x3c,
  0x11, 0x38, 0xf9, 0x20, 0x00, 0x00, 0x00, 0x3c, 0xfc, 0x37, 0x62, 0x20, 0x00, 0x00, 0x00, 0x3c, 0xdb, 0x37, 0xc0, 0x1f, 0x00, 0x00, 0x00, 0x3c,
  0xc2, 0x37, 0xd0, 0x1e, 0x00, 0x00, 0x00, 0x3c, 0xab, 0x37, 0xf0, 0x1d, 0x00, 0x00, 0x00, 0x3c, 0x90, 0x37, 0x1d, 0x1d, 0x00, 0x00, 0x00, 0x3c,
  0x78, 0x37, 0x6e, 0x1c, 0x00, 0x00, 0x00, 0x3c, 0x63, 0x37, 0x9c, 0x1b, 0x00, 0x00, 0x00, 0x3c, 0x4c, 0x37, 0x76, 0x1a, 0x00, 0x00, 0x00, 0x3c,
  0x34, 0x37, 0x90, 0x19, 0x00, 0x00, 0x00, 0x3c, 0x22, 0x37, 0xb1, 0x18, 0x00, 0x00, 0x00, 0x3c, 0x11, 0x37, 0xec, 0x17, 0x00, 0x00, 0x00, 0x3c,
  0x00, 0x37, 0xb9, 0x16, 0x00, 0x00, 0x00, 0x3c, 0xec, 0x36, 0xb2, 0x15, 0x00, 0x00, 0x00, 0x3c, 0xd5, 0x36, 0xba, 0x14, 0x00, 0x00, 0x00, 0x3c,
  0xbc, 0x36, 0xad, 0x13, 0x00, 0x00, 0x00, 0x3c, 0xa8, 0x36, 0xfb, 0x11, 0x00, 0x00, 0x00, 0x3c, 0x99, 0x36, 0xb9, 0x10, 0x00, 0x00, 0x00, 0x3c,
  0x8d, 0x36, 0x76, 0x0f, 0x00, 0x00, 0x00, 0x3c, 0x84, 0x36, 0xa3, 0x0d, 0x00, 0x00, 0x00, 0x3c, 0x74, 0x36, 0xdf, 0x0b, 0x00, 0x00, 0x00, 0x3c,
  0x5f, 0x36, 0x34, 0x09, 0x00, 0x00, 0x00, 0x3c, 0x52, 0x36, 0x0c, 0x07, 0x00, 0x00, 0x00, 0x3c, 0x48, 0x36, 0xb0, 0x03, 0x00, 0x00, 0x00, 0x3c,
  0xe1, 0x38, 0x98, 0x25, 0x00, 0x00, 0x00, 0x3c, 0xc2, 0x38, 0x11, 0x25, 0x00, 0x00, 0x00, 0x3c, 0xa1, 0x38, 0x92, 0x24, 0x00, 0x00, 0x00, 0x3c,
  0x7f, 0x38, 0x17, 0x24, 0x00, 0x00, 0x00, 0x3c, 0x5c, 0x38, 0x42, 0x23, 0x00, 0x00, 0x00, 0x3c, 0x37, 0x38, 0x66, 0x22, 0x00, 0x00, 0x00, 0x3c,
  0x17, 0x38, 0xa0, 0x21, 0x00, 0x00, 0x00, 0x3c, 0x04, 0x38, 0xea, 0x20, 0x00, 0x00, 0x00, 0x3c, 0xdf, 0x37, 0x4b, 0x20, 0x00, 0x00, 0x00, 0x3c,
  0xb7, 0x37, 0x9f, 0x1f, 0x00, 0x00, 0x00, 0x3c, 0x9a, 0x37, 0xcb, 0x1e, 0x00, 0x00, 0x00, 0x3c, 0x7f, 0x37, 0x06, 0x1e, 0x00, 0x00, 0x00, 0x3c,
  0x63, 0x37, 0x4c, 0x1d, 0x00, 0x00, 0x00, 0x3c, 0x45, 0x37, 0x97, 0x1c, 0x00, 0x00, 0x00, 0x3c, 0x2c, 0x37, 0xe2, 0x1b, 0x00, 0x00, 0x00, 0x3c,
  0x11, 0x37, 0xc1, 0x1a, 0x00, 0x00, 0x00, 0x3c, 0xf3, 0x36, 0xbb, 0x19, 0x00, 0x00, 0x00, 0x3c, 0xdc, 0x36, 0xc8, 0x18, 0x00, 0x00, 0x00, 0x3c,
  0xc7, 0x36, 0x0e, 0x18, 0x00, 0x00, 0x00, 0x3c, 0xaf, 0x36, 0xcf, 0x16, 0x00, 0x00, 0x00, 0x3c, 0x94, 0x36, 0xad, 0x15, 0x00, 0x00, 0x00, 0x3c,
  0x77, 0x36, 0xc5, 0x14, 0x00, 0x00, 0x00, 0x3c, 0x5a, 0x36, 0xf9, 0x13, 0x00, 0x00, 0x00, 0x3c, 0x45, 0x36, 0x8f, 0x12, 0x00, 0x00, 0x00, 0x3c,
  0x32, 0x36, 0x4a, 0x11, 0x00, 0x00, 0x00, 0x3c, 0x21, 0x36, 0x18, 0x10, 0x00, 0x00, 0x00, 0x3c, 0x13, 0x36, 0x67, 0x0e, 0x00, 0x00, 0x00, 0x3c,
  0x02, 0x36, 0xf7, 0x0c, 0x00, 0x00, 0x00, 0x3c, 0xee, 0x35, 0x5b, 0x0b, 0x00, 0x00, 0x00, 0x3c, 0xd9, 0x35, 0xe3, 0x08, 0x00, 0x00, 0x00, 0x3c,
  0xcb, 0x35, 0x26, 0x06, 0x00, 0x00, 0x00, 0x3c, 0xbf, 0x35, 0xa8, 0x03, 0x00, 0x00, 0x00, 0x3c, 0xbe, 0x38, 0x04, 0x25, 0x00, 0x00, 0x00, 0x3c,
  0x9e, 0x38, 0x89, 0x24, 0x00, 0x00, 0x00, 0x3c, 0x7d, 0x38, 0x15, 0x24, 0x00, 0x00, 0x00, 0x3c, 0x5b, 0x38, 0x4b, 0x23, 0x00, 0x00, 0x00, 0x3c,
  0x37, 0x38, 0x74, 0x22, 0x00, 0x00, 0x00, 0x3c, 0x11, 0x38, 0xa6, 0x21, 0x00, 0x00, 0x00, 0x3c, 0xf0, 0x37, 0xf1, 0x20, 0x00, 0x00, 0x00, 0x3c,
  0xc5, 0x37, 0x49, 0x20, 0x00, 0x00, 0x00, 0x3c, 0x9a, 0x37, 0x75, 0x1f, 0x00, 0x00, 0x00, 0x3c, 0x75, 0x37, 0xa0, 0x1e, 0x00, 0x00, 0x00, 0x3c,
  0x57, 0x37, 0xf4, 0x1d, 0x00, 0x00, 0x00, 0x3c, 0x38, 0x37, 0x54, 0x1d, 0x00, 0x00, 0x00, 0x3c, 0x16, 0x37, 0xb7, 0x1c, 0x00, 0x00, 0x00, 0x3c,
  0xfb, 0x36, 0x1e, 0x1c, 0x00, 0x00, 0x00, 0x3c, 0xdc, 0x36, 0x15, 0x1b, 0x00, 0x00, 0x00, 0x3c, 0xbb, 0x36, 0x0b, 0x1a, 0x00, 0x00, 0x00, 0x3c,
  0xa0, 0x36, 0x21, 0x19, 0x00, 0x00, 0x00, 0x3c, 0x87, 0x36, 0x54, 0x18, 0x00, 0x00, 0x00, 0x3c, 0x6a, 0x36, 0x28, 0x17, 0x00, 0x00, 0x00, 0x3c,
  0x4b, 0x36, 0x03, 0x16, 0x00, 0x00, 0x00, 0x3c, 0x28, 0x36, 0xf0, 0x14, 0x00, 0x00, 0x00, 0x3c, 0x07, 0x36, 0x0e, 0x14, 0x00, 0x00, 0x00, 0x3c,
  0xef, 0x35, 0xc5, 0x12, 0x00, 0x00, 0x00, 0x3c, 0xd7, 0x35, 0x8d, 0x11, 0x00, 0x00, 0x00, 0x3c, 0xc3, 0x35, 0x73, 0x10, 0x00, 0x00, 0x00, 0x3c,
  0xb0, 0x35, 0x0f, 0x0f, 0x00, 0x00, 0x00, 0x3c, 0x9b, 0x35, 0x64, 0x0d, 0x00, 0x00, 0x00, 0x3c, 0x82, 0x35, 0x21, 0x0c, 0x00, 0x00, 0x00, 0x3c,
  0x6b, 0x35, 0x51, 0x0a, 0x00, 0x00, 0x00, 0x3c, 0x5c, 0x35, 0x68, 0x08, 0x00, 0x00, 0x00, 0x3c, 0x4e, 0x35, 0x81, 0x05, 0x00, 0x00, 0x00, 0x3c,
  0x3c, 0x35, 0x3a, 0x03, 0x00, 0x00, 0x00, 0x3c,
}};
inline constexpr char metadata[] = R"NEXORA_IBL({"derived":{"brdf":"split sum GGX / Schlick geometry k=roughness^2/2; x=NdotV, y=roughness","converter_sha256":"4777321a9b2a62af058955c4c2ed07fc48ea38bdfb48b77ea8d982b11dbacf95","diffuse":"cosine-weighted irradiance integral including pi","format":"RGBA16F little-endian","orientation":"latlong +Y up, atan2(z,x); U wrap/V clamp","resources":[{"bytes":1024,"height":8,"mip_levels":1,"name":"diffuse","path":"diffuse.rgba16f","sha256":"6eddd29182db70cd3b5b6066013932f9975ba17598d4e87d0b513dae4b00c99b","width":16},{"bytes":21848,"height":32,"mip_levels":7,"name":"specular","path":"specular.rgba16f","sha256":"732c2f3738715adace60fb5302cdaccdd01661323f1ef9998fd89bb324d0d96b","width":64},{"bytes":8192,"height":32,"mip_levels":1,"name":"brdf","path":"brdf.rgba16f","sha256":"9db26afc33b15b99cdb4103baef49f018f480cc9a49e3d1c16a77bf7a333ddc2","width":32}],"samples":128,"schema":"nexora.showcase.ibl-derived.v1","sequence":"Hammersley","source_sha256":"926a6bb81897919b2924f42407162b8d54be91eab2da3fe7fe19daf308cfa09a","specular":"GGX importance sampling, N=V, NdotL weighted mean; roughness=mip/6"},"source":{"asset":"forest_slope_1k","attribution_sha256":"3d8713b60415fbaac3281b361b6a5642e04402f59f88bed871786f64919ab0e6","conversion":"Tools/Build/PrepareCourtyardEnvironment.py; deterministic bounded Radiance RGBE decode and offline IBL integration","distribution_commit":"456060a26bbeb8fdf79326f224b6d99b8bcce736","distribution_path":"hdri/forest_slope_1k.hdr","distribution_repository":"https://github.com/pmndrs/drei-assets","license":"CC0-1.0","license_evidence_commit":"b1a6aa13afc03ae00860f6ac5fe6d5daf8e95356","license_evidence_path":"public/locales/en/license.json","license_evidence_repository":"https://github.com/Poly-Haven/polyhaven.com","license_evidence_sha256":"a9d88b758d1751dd41713381115ed309ea659e219c1654157b709dce7757e779","license_file":"CC0.txt","license_sha256":"a2010f343487d3f7618affe54f789f5487602331c0a8d03f49e9a7c547cf0499","redistribution":"CC0 permits modification and redistribution; original HDRI and attribution/license evidence retained","replacement":"Replace pinned source and derived resources together after hash/license and native visual review","schema":"nexora.showcase.environment-source.v1","source":"HDRI Haven / Poly Haven","source_color":"linear RGB radiance, no display transfer or tone mapping","source_sha256":"926a6bb81897919b2924f42407162b8d54be91eab2da3fe7fe19daf308cfa09a","source_url":"https://polyhaven.com/a/forest_slope"}})NEXORA_IBL";
} // namespace nexora::showcase::courtyard_environment
// clang-format on
